

Microchip MPLAB XC8 Assembler V3.10 build 20250813170317 
                                                                                               Thu Apr 30 23:22:15 2026

Microchip MPLAB XC8 C Compiler v3.10 (Free license) build 20250813170317 Og1 
     1                           	processor	16F1936
     2                           	pagewidth 120
     3                           	opt	flic
     4                           	psect	idataBANK0,global,class=CODE,space=0,delta=2,noexec
     5                           	psect	nvBANK0,global,class=BANK0,space=1,delta=1,noexec
     6                           	psect	cinit,global,class=CODE,space=0,merge=1,delta=2
     7                           	psect	bssCOMMON,global,class=COMMON,space=1,delta=1,noexec
     8                           	psect	bssBANK0,global,class=BANK0,space=1,delta=1,noexec
     9                           	psect	dataBANK0,global,class=BANK0,space=1,delta=1,noexec
    10                           	psect	clrtext,global,class=CODE,space=0,delta=2
    11                           	psect	cstackCOMMON,global,class=COMMON,space=1,delta=1,noexec
    12                           	psect	cstackBANK0,global,class=BANK0,space=1,delta=1,noexec
    13                           	psect	maintext,global,class=CODE,space=0,merge=1,split=1,delta=2
    14                           	psect	text1,local,class=CODE,space=0,merge=1,delta=2
    15                           	psect	text2,local,class=CODE,space=0,merge=1,delta=2
    16                           	psect	text3,local,class=CODE,space=0,merge=1,delta=2
    17                           	psect	text4,local,class=CODE,space=0,merge=1,delta=2
    18                           	psect	text5,local,class=CODE,space=0,merge=1,delta=2
    19                           	psect	text6,local,class=CODE,space=0,merge=1,delta=2
    20                           	psect	text7,local,class=CODE,space=0,merge=1,delta=2
    21                           	psect	text8,local,class=CODE,space=0,merge=1,delta=2
    22                           	psect	text9,local,class=CODE,space=0,merge=1,delta=2
    23                           	psect	text10,local,class=CODE,space=0,merge=1,delta=2
    24                           	psect	text11,local,class=CODE,space=0,merge=1,delta=2
    25                           	psect	text12,local,class=CODE,space=0,merge=1,delta=2
    26                           	psect	text13,local,class=CODE,space=0,merge=1,delta=2
    27                           	psect	text14,local,class=CODE,space=0,merge=1,delta=2
    28                           	psect	text15,local,class=CODE,space=0,merge=1,delta=2
    29                           	psect	text16,local,class=CODE,space=0,merge=1,delta=2
    30                           	psect	text17,local,class=CODE,space=0,merge=1,delta=2
    31                           	psect	text18,local,class=CODE,space=0,merge=1,delta=2
    32                           	psect	text19,local,class=CODE,space=0,merge=1,delta=2
    33                           	psect	intentry,global,class=CODE,space=0,delta=2
    34                           	psect	text21,local,class=CODE,space=0,merge=1,delta=2
    35                           	psect	text22,local,class=CODE,space=0,merge=1,delta=2
    36                           	psect	text23,local,class=CODE,space=0,merge=1,delta=2
    37                           	psect	text24,local,class=CODE,space=0,merge=1,delta=2
    38                           	psect	text25,local,class=CODE,space=0,merge=1,delta=2
    39                           	psect	text26,local,class=CODE,space=0,merge=1,delta=2
    40                           	psect	text27,local,class=CODE,space=0,merge=1,delta=2
    41                           	psect	text28,local,class=CODE,space=0,merge=1,delta=2
    42                           	psect	text29,local,class=CODE,space=0,merge=1,delta=2
    43                           	psect	text30,local,class=CODE,space=0,merge=1,delta=2
    44                           	psect	text31,local,class=CODE,space=0,merge=1,delta=2
    45                           	psect	text32,local,class=CODE,space=0,merge=1,delta=2
    46                           	psect	config,global,abs,ovrld,class=CONFIG,space=4,delta=2,noexec
    47                           	dabs	1,0x7E,2
    48     0000                     
    49                           ; Generated 27/03/2025 GMT
    50                           ; 
    51                           ; Copyright © 2025, Microchip Technology Inc. and its subsidiaries ("Microchip")
    52                           ; All rights reserved.
    53                           ; 
    54                           ; This software is developed by Microchip Technology Inc. and its subsidiaries ("Microch
      +                          ip").
    55                           ; 
    56                           ; Redistribution and use in source and binary forms, with or without modification, are
    57                           ; permitted provided that the following conditions are met:
    58                           ; 
    59                           ;     1. Redistributions of source code must retain the above copyright notice, this lis
      +                          t of
    60                           ;        conditions and the following disclaimer.
    61                           ; 
    62                           ;     2. Redistributions in binary form must reproduce the above copyright notice, this 
      +                          list
    63                           ;        of conditions and the following disclaimer in the documentation and/or other
    64                           ;        materials provided with the distribution. Publication is not required when
    65                           ;        this file is used in an embedded application.
    66                           ; 
    67                           ;     3. Microchip's name may not be used to endorse or promote products derived from th
      +                          is
    68                           ;        software without specific prior written permission.
    69                           ; 
    70                           ; THIS SOFTWARE IS PROVIDED BY MICROCHIP "AS IS" AND ANY EXPRESS OR IMPLIED WARRANTIES,
    71                           ; INCLUDING, BUT NOT LIMITED TO, THE IMPLIED WARRANTIES OF MERCHANTABILITY AND FITNESS F
      +                          OR
    72                           ; PURPOSE ARE DISCLAIMED.  IN NO EVENT SHALL MICROCHIP BE LIABLE FOR ANY DIRECT, INDIREC
      +                          T,
    73                           ; INCIDENTAL, SPECIAL, EXEMPLARY, OR CONSEQUENTIAL DAMAGES (INCLUDING BUT NOT LIMITED TO
    74                           ; PROCUREMENT OF SUBSTITUTE GOODS OR SERVICES; LOSS OF USE, DATA OR PROFITS; OR BUSINESS
    75                           ; INTERRUPTION) HOWSOEVER CAUSED AND ON ANY THEORY OF LIABILITY, WHETHER IN CONTRACT, ST
      +                          RICT
    76                           ; LIABILITY, OR TORT (INCLUDING NEGLIGENCE OR OTHERWISE) ARISING IN ANY WAY OUT OF THE U
      +                          SE OF
    77                           ; THIS SOFTWARE, EVEN IF ADVISED OF THE POSSIBILITY OF SUCH DAMAGE.
    78                           ; 
    79                           ; 
    80                           ; Code-generator required, PIC16F1936 Definitions
    81                           ; 
    82                           ; SFR Addresses
    83     0008                     bsr             equ	8
    84     0005                     fsr0h           equ	5
    85     0004                     fsr0l           equ	4
    86     0007                     fsr1h           equ	7
    87     0006                     fsr1l           equ	6
    88     0000                     indf            equ	0
    89     0000                     indf0           equ	0
    90     0001                     indf1           equ	1
    91     000B                     intcon          equ	11
    92     0002                     pc              equ	2
    93     0002                     pcl             equ	2
    94     000A                     pclath          equ	10
    95     0003                     status          equ	3
    96     0009                     wreg            equ	9
    97     0000                     INDF0           equ	0	;# 
    98     0001                     INDF1           equ	1	;# 
    99     0002                     PCL             equ	2	;# 
   100     0003                     STATUS          equ	3	;# 
   101     0004                     FSR0L           equ	4	;# 
   102     0005                     FSR0H           equ	5	;# 
   103     0006                     FSR1L           equ	6	;# 
   104     0007                     FSR1H           equ	7	;# 
   105     0008                     BSR             equ	8	;# 
   106     0009                     WREG            equ	9	;# 
   107     000A                     PCLATH          equ	10	;# 
   108     000B                     INTCON          equ	11	;# 
   109     000C                     PORTA           equ	12	;# 
   110     000D                     PORTB           equ	13	;# 
   111     000E                     PORTC           equ	14	;# 
   112     0010                     PORTE           equ	16	;# 
   113     0011                     PIR1            equ	17	;# 
   114     0012                     PIR2            equ	18	;# 
   115     0013                     PIR3            equ	19	;# 
   116     0015                     TMR0            equ	21	;# 
   117     0016                     TMR1            equ	22	;# 
   118     0016                     TMR1L           equ	22	;# 
   119     0017                     TMR1H           equ	23	;# 
   120     0018                     T1CON           equ	24	;# 
   121     0019                     T1GCON          equ	25	;# 
   122     001A                     TMR2            equ	26	;# 
   123     001B                     PR2             equ	27	;# 
   124     001C                     T2CON           equ	28	;# 
   125     001E                     CPSCON0         equ	30	;# 
   126     001F                     CPSCON1         equ	31	;# 
   127     008C                     TRISA           equ	140	;# 
   128     008D                     TRISB           equ	141	;# 
   129     008E                     TRISC           equ	142	;# 
   130     0090                     TRISE           equ	144	;# 
   131     0091                     PIE1            equ	145	;# 
   132     0092                     PIE2            equ	146	;# 
   133     0093                     PIE3            equ	147	;# 
   134     0095                     OPTION_REG      equ	149	;# 
   135     0096                     PCON            equ	150	;# 
   136     0097                     WDTCON          equ	151	;# 
   137     0098                     OSCTUNE         equ	152	;# 
   138     0099                     OSCCON          equ	153	;# 
   139     009A                     OSCSTAT         equ	154	;# 
   140     009B                     ADRES           equ	155	;# 
   141     009B                     ADRESL          equ	155	;# 
   142     009C                     ADRESH          equ	156	;# 
   143     009D                     ADCON0          equ	157	;# 
   144     009E                     ADCON1          equ	158	;# 
   145     010C                     LATA            equ	268	;# 
   146     010D                     LATB            equ	269	;# 
   147     010E                     LATC            equ	270	;# 
   148     0110                     LATE            equ	272	;# 
   149     0111                     CM1CON0         equ	273	;# 
   150     0112                     CM1CON1         equ	274	;# 
   151     0113                     CM2CON0         equ	275	;# 
   152     0114                     CM2CON1         equ	276	;# 
   153     0115                     CMOUT           equ	277	;# 
   154     0116                     BORCON          equ	278	;# 
   155     0117                     FVRCON          equ	279	;# 
   156     0118                     DACCON0         equ	280	;# 
   157     0119                     DACCON1         equ	281	;# 
   158     011A                     SRCON0          equ	282	;# 
   159     011B                     SRCON1          equ	283	;# 
   160     011D                     APFCON          equ	285	;# 
   161     018C                     ANSELA          equ	396	;# 
   162     018D                     ANSELB          equ	397	;# 
   163     0191                     EEADR           equ	401	;# 
   164     0191                     EEADRL          equ	401	;# 
   165     0192                     EEADRH          equ	402	;# 
   166     0193                     EEDAT           equ	403	;# 
   167     0193                     EEDATL          equ	403	;# 
   168     0193                     EEDATA          equ	403	;# 
   169     0194                     EEDATH          equ	404	;# 
   170     0195                     EECON1          equ	405	;# 
   171     0196                     EECON2          equ	406	;# 
   172     0199                     RCREG           equ	409	;# 
   173     019A                     TXREG           equ	410	;# 
   174     019B                     SP1BRG          equ	411	;# 
   175     019B                     SP1BRGL         equ	411	;# 
   176     019B                     SPBRG           equ	411	;# 
   177     019B                     SPBRGL          equ	411	;# 
   178     019C                     SP1BRGH         equ	412	;# 
   179     019C                     SPBRGH          equ	412	;# 
   180     019D                     RCSTA           equ	413	;# 
   181     019E                     TXSTA           equ	414	;# 
   182     019F                     BAUDCON         equ	415	;# 
   183     020D                     WPUB            equ	525	;# 
   184     0210                     WPUE            equ	528	;# 
   185     0211                     SSPBUF          equ	529	;# 
   186     0212                     SSPADD          equ	530	;# 
   187     0213                     SSPMSK          equ	531	;# 
   188     0214                     SSPSTAT         equ	532	;# 
   189     0215                     SSPCON1         equ	533	;# 
   190     0215                     SSPCON          equ	533	;# 
   191     0216                     SSPCON2         equ	534	;# 
   192     0217                     SSPCON3         equ	535	;# 
   193     0291                     CCPR1           equ	657	;# 
   194     0291                     CCPR1L          equ	657	;# 
   195     0292                     CCPR1H          equ	658	;# 
   196     0293                     CCP1CON         equ	659	;# 
   197     0294                     PWM1CON         equ	660	;# 
   198     0295                     CCP1AS          equ	661	;# 
   199     0295                     ECCP1AS         equ	661	;# 
   200     0296                     PSTR1CON        equ	662	;# 
   201     0298                     CCPR2           equ	664	;# 
   202     0298                     CCPR2L          equ	664	;# 
   203     0299                     CCPR2H          equ	665	;# 
   204     029A                     CCP2CON         equ	666	;# 
   205     029B                     PWM2CON         equ	667	;# 
   206     029C                     CCP2AS          equ	668	;# 
   207     029C                     ECCP2AS         equ	668	;# 
   208     029D                     PSTR2CON        equ	669	;# 
   209     029E                     CCPTMRS0        equ	670	;# 
   210     029F                     CCPTMRS1        equ	671	;# 
   211     0311                     CCPR3           equ	785	;# 
   212     0311                     CCPR3L          equ	785	;# 
   213     0312                     CCPR3H          equ	786	;# 
   214     0313                     CCP3CON         equ	787	;# 
   215     0314                     PWM3CON         equ	788	;# 
   216     0315                     CCP3AS          equ	789	;# 
   217     0315                     ECCP3AS         equ	789	;# 
   218     0316                     PSTR3CON        equ	790	;# 
   219     0318                     CCPR4           equ	792	;# 
   220     0318                     CCPR4L          equ	792	;# 
   221     0319                     CCPR4H          equ	793	;# 
   222     031A                     CCP4CON         equ	794	;# 
   223     031C                     CCPR5           equ	796	;# 
   224     031C                     CCPR5L          equ	796	;# 
   225     031D                     CCPR5H          equ	797	;# 
   226     031E                     CCP5CON         equ	798	;# 
   227     0394                     IOCBP           equ	916	;# 
   228     0395                     IOCBN           equ	917	;# 
   229     0396                     IOCBF           equ	918	;# 
   230     0415                     TMR4            equ	1045	;# 
   231     0416                     PR4             equ	1046	;# 
   232     0417                     T4CON           equ	1047	;# 
   233     041C                     TMR6            equ	1052	;# 
   234     041D                     PR6             equ	1053	;# 
   235     041E                     T6CON           equ	1054	;# 
   236     0791                     LCDCON          equ	1937	;# 
   237     0792                     LCDPS           equ	1938	;# 
   238     0793                     LCDREF          equ	1939	;# 
   239     0794                     LCDCST          equ	1940	;# 
   240     0795                     LCDRL           equ	1941	;# 
   241     0798                     LCDSE0          equ	1944	;# 
   242     0799                     LCDSE1          equ	1945	;# 
   243     07A0                     LCDDATA0        equ	1952	;# 
   244     07A1                     LCDDATA1        equ	1953	;# 
   245     07A3                     LCDDATA3        equ	1955	;# 
   246     07A4                     LCDDATA4        equ	1956	;# 
   247     07A6                     LCDDATA6        equ	1958	;# 
   248     07A7                     LCDDATA7        equ	1959	;# 
   249     07A9                     LCDDATA9        equ	1961	;# 
   250     07AA                     LCDDATA10       equ	1962	;# 
   251     0FE4                     STATUS_SHAD     equ	4068	;# 
   252     0FE5                     WREG_SHAD       equ	4069	;# 
   253     0FE6                     BSR_SHAD        equ	4070	;# 
   254     0FE7                     PCLATH_SHAD     equ	4071	;# 
   255     0FE8                     FSR0L_SHAD      equ	4072	;# 
   256     0FE9                     FSR0H_SHAD      equ	4073	;# 
   257     0FEA                     FSR1L_SHAD      equ	4074	;# 
   258     0FEB                     FSR1H_SHAD      equ	4075	;# 
   259     0FED                     STKPTR          equ	4077	;# 
   260     0FEE                     TOSL            equ	4078	;# 
   261     0FEF                     TOSH            equ	4079	;# 
   262     0000                     INDF0           equ	0	;# 
   263     0001                     INDF1           equ	1	;# 
   264     0002                     PCL             equ	2	;# 
   265     0003                     STATUS          equ	3	;# 
   266     0004                     FSR0L           equ	4	;# 
   267     0005                     FSR0H           equ	5	;# 
   268     0006                     FSR1L           equ	6	;# 
   269     0007                     FSR1H           equ	7	;# 
   270     0008                     BSR             equ	8	;# 
   271     0009                     WREG            equ	9	;# 
   272     000A                     PCLATH          equ	10	;# 
   273     000B                     INTCON          equ	11	;# 
   274     000C                     PORTA           equ	12	;# 
   275     000D                     PORTB           equ	13	;# 
   276     000E                     PORTC           equ	14	;# 
   277     0010                     PORTE           equ	16	;# 
   278     0011                     PIR1            equ	17	;# 
   279     0012                     PIR2            equ	18	;# 
   280     0013                     PIR3            equ	19	;# 
   281     0015                     TMR0            equ	21	;# 
   282     0016                     TMR1            equ	22	;# 
   283     0016                     TMR1L           equ	22	;# 
   284     0017                     TMR1H           equ	23	;# 
   285     0018                     T1CON           equ	24	;# 
   286     0019                     T1GCON          equ	25	;# 
   287     001A                     TMR2            equ	26	;# 
   288     001B                     PR2             equ	27	;# 
   289     001C                     T2CON           equ	28	;# 
   290     001E                     CPSCON0         equ	30	;# 
   291     001F                     CPSCON1         equ	31	;# 
   292     008C                     TRISA           equ	140	;# 
   293     008D                     TRISB           equ	141	;# 
   294     008E                     TRISC           equ	142	;# 
   295     0090                     TRISE           equ	144	;# 
   296     0091                     PIE1            equ	145	;# 
   297     0092                     PIE2            equ	146	;# 
   298     0093                     PIE3            equ	147	;# 
   299     0095                     OPTION_REG      equ	149	;# 
   300     0096                     PCON            equ	150	;# 
   301     0097                     WDTCON          equ	151	;# 
   302     0098                     OSCTUNE         equ	152	;# 
   303     0099                     OSCCON          equ	153	;# 
   304     009A                     OSCSTAT         equ	154	;# 
   305     009B                     ADRES           equ	155	;# 
   306     009B                     ADRESL          equ	155	;# 
   307     009C                     ADRESH          equ	156	;# 
   308     009D                     ADCON0          equ	157	;# 
   309     009E                     ADCON1          equ	158	;# 
   310     010C                     LATA            equ	268	;# 
   311     010D                     LATB            equ	269	;# 
   312     010E                     LATC            equ	270	;# 
   313     0110                     LATE            equ	272	;# 
   314     0111                     CM1CON0         equ	273	;# 
   315     0112                     CM1CON1         equ	274	;# 
   316     0113                     CM2CON0         equ	275	;# 
   317     0114                     CM2CON1         equ	276	;# 
   318     0115                     CMOUT           equ	277	;# 
   319     0116                     BORCON          equ	278	;# 
   320     0117                     FVRCON          equ	279	;# 
   321     0118                     DACCON0         equ	280	;# 
   322     0119                     DACCON1         equ	281	;# 
   323     011A                     SRCON0          equ	282	;# 
   324     011B                     SRCON1          equ	283	;# 
   325     011D                     APFCON          equ	285	;# 
   326     018C                     ANSELA          equ	396	;# 
   327     018D                     ANSELB          equ	397	;# 
   328     0191                     EEADR           equ	401	;# 
   329     0191                     EEADRL          equ	401	;# 
   330     0192                     EEADRH          equ	402	;# 
   331     0193                     EEDAT           equ	403	;# 
   332     0193                     EEDATL          equ	403	;# 
   333     0193                     EEDATA          equ	403	;# 
   334     0194                     EEDATH          equ	404	;# 
   335     0195                     EECON1          equ	405	;# 
   336     0196                     EECON2          equ	406	;# 
   337     0199                     RCREG           equ	409	;# 
   338     019A                     TXREG           equ	410	;# 
   339     019B                     SP1BRG          equ	411	;# 
   340     019B                     SP1BRGL         equ	411	;# 
   341     019B                     SPBRG           equ	411	;# 
   342     019B                     SPBRGL          equ	411	;# 
   343     019C                     SP1BRGH         equ	412	;# 
   344     019C                     SPBRGH          equ	412	;# 
   345     019D                     RCSTA           equ	413	;# 
   346     019E                     TXSTA           equ	414	;# 
   347     019F                     BAUDCON         equ	415	;# 
   348     020D                     WPUB            equ	525	;# 
   349     0210                     WPUE            equ	528	;# 
   350     0211                     SSPBUF          equ	529	;# 
   351     0212                     SSPADD          equ	530	;# 
   352     0213                     SSPMSK          equ	531	;# 
   353     0214                     SSPSTAT         equ	532	;# 
   354     0215                     SSPCON1         equ	533	;# 
   355     0215                     SSPCON          equ	533	;# 
   356     0216                     SSPCON2         equ	534	;# 
   357     0217                     SSPCON3         equ	535	;# 
   358     0291                     CCPR1           equ	657	;# 
   359     0291                     CCPR1L          equ	657	;# 
   360     0292                     CCPR1H          equ	658	;# 
   361     0293                     CCP1CON         equ	659	;# 
   362     0294                     PWM1CON         equ	660	;# 
   363     0295                     CCP1AS          equ	661	;# 
   364     0295                     ECCP1AS         equ	661	;# 
   365     0296                     PSTR1CON        equ	662	;# 
   366     0298                     CCPR2           equ	664	;# 
   367     0298                     CCPR2L          equ	664	;# 
   368     0299                     CCPR2H          equ	665	;# 
   369     029A                     CCP2CON         equ	666	;# 
   370     029B                     PWM2CON         equ	667	;# 
   371     029C                     CCP2AS          equ	668	;# 
   372     029C                     ECCP2AS         equ	668	;# 
   373     029D                     PSTR2CON        equ	669	;# 
   374     029E                     CCPTMRS0        equ	670	;# 
   375     029F                     CCPTMRS1        equ	671	;# 
   376     0311                     CCPR3           equ	785	;# 
   377     0311                     CCPR3L          equ	785	;# 
   378     0312                     CCPR3H          equ	786	;# 
   379     0313                     CCP3CON         equ	787	;# 
   380     0314                     PWM3CON         equ	788	;# 
   381     0315                     CCP3AS          equ	789	;# 
   382     0315                     ECCP3AS         equ	789	;# 
   383     0316                     PSTR3CON        equ	790	;# 
   384     0318                     CCPR4           equ	792	;# 
   385     0318                     CCPR4L          equ	792	;# 
   386     0319                     CCPR4H          equ	793	;# 
   387     031A                     CCP4CON         equ	794	;# 
   388     031C                     CCPR5           equ	796	;# 
   389     031C                     CCPR5L          equ	796	;# 
   390     031D                     CCPR5H          equ	797	;# 
   391     031E                     CCP5CON         equ	798	;# 
   392     0394                     IOCBP           equ	916	;# 
   393     0395                     IOCBN           equ	917	;# 
   394     0396                     IOCBF           equ	918	;# 
   395     0415                     TMR4            equ	1045	;# 
   396     0416                     PR4             equ	1046	;# 
   397     0417                     T4CON           equ	1047	;# 
   398     041C                     TMR6            equ	1052	;# 
   399     041D                     PR6             equ	1053	;# 
   400     041E                     T6CON           equ	1054	;# 
   401     0791                     LCDCON          equ	1937	;# 
   402     0792                     LCDPS           equ	1938	;# 
   403     0793                     LCDREF          equ	1939	;# 
   404     0794                     LCDCST          equ	1940	;# 
   405     0795                     LCDRL           equ	1941	;# 
   406     0798                     LCDSE0          equ	1944	;# 
   407     0799                     LCDSE1          equ	1945	;# 
   408     07A0                     LCDDATA0        equ	1952	;# 
   409     07A1                     LCDDATA1        equ	1953	;# 
   410     07A3                     LCDDATA3        equ	1955	;# 
   411     07A4                     LCDDATA4        equ	1956	;# 
   412     07A6                     LCDDATA6        equ	1958	;# 
   413     07A7                     LCDDATA7        equ	1959	;# 
   414     07A9                     LCDDATA9        equ	1961	;# 
   415     07AA                     LCDDATA10       equ	1962	;# 
   416     0FE4                     STATUS_SHAD     equ	4068	;# 
   417     0FE5                     WREG_SHAD       equ	4069	;# 
   418     0FE6                     BSR_SHAD        equ	4070	;# 
   419     0FE7                     PCLATH_SHAD     equ	4071	;# 
   420     0FE8                     FSR0L_SHAD      equ	4072	;# 
   421     0FE9                     FSR0H_SHAD      equ	4073	;# 
   422     0FEA                     FSR1L_SHAD      equ	4074	;# 
   423     0FEB                     FSR1H_SHAD      equ	4075	;# 
   424     0FED                     STKPTR          equ	4077	;# 
   425     0FEE                     TOSL            equ	4078	;# 
   426     0FEF                     TOSH            equ	4079	;# 
   427     0000                     INDF0           equ	0	;# 
   428     0001                     INDF1           equ	1	;# 
   429     0002                     PCL             equ	2	;# 
   430     0003                     STATUS          equ	3	;# 
   431     0004                     FSR0L           equ	4	;# 
   432     0005                     FSR0H           equ	5	;# 
   433     0006                     FSR1L           equ	6	;# 
   434     0007                     FSR1H           equ	7	;# 
   435     0008                     BSR             equ	8	;# 
   436     0009                     WREG            equ	9	;# 
   437     000A                     PCLATH          equ	10	;# 
   438     000B                     INTCON          equ	11	;# 
   439     000C                     PORTA           equ	12	;# 
   440     000D                     PORTB           equ	13	;# 
   441     000E                     PORTC           equ	14	;# 
   442     0010                     PORTE           equ	16	;# 
   443     0011                     PIR1            equ	17	;# 
   444     0012                     PIR2            equ	18	;# 
   445     0013                     PIR3            equ	19	;# 
   446     0015                     TMR0            equ	21	;# 
   447     0016                     TMR1            equ	22	;# 
   448     0016                     TMR1L           equ	22	;# 
   449     0017                     TMR1H           equ	23	;# 
   450     0018                     T1CON           equ	24	;# 
   451     0019                     T1GCON          equ	25	;# 
   452     001A                     TMR2            equ	26	;# 
   453     001B                     PR2             equ	27	;# 
   454     001C                     T2CON           equ	28	;# 
   455     001E                     CPSCON0         equ	30	;# 
   456     001F                     CPSCON1         equ	31	;# 
   457     008C                     TRISA           equ	140	;# 
   458     008D                     TRISB           equ	141	;# 
   459     008E                     TRISC           equ	142	;# 
   460     0090                     TRISE           equ	144	;# 
   461     0091                     PIE1            equ	145	;# 
   462     0092                     PIE2            equ	146	;# 
   463     0093                     PIE3            equ	147	;# 
   464     0095                     OPTION_REG      equ	149	;# 
   465     0096                     PCON            equ	150	;# 
   466     0097                     WDTCON          equ	151	;# 
   467     0098                     OSCTUNE         equ	152	;# 
   468     0099                     OSCCON          equ	153	;# 
   469     009A                     OSCSTAT         equ	154	;# 
   470     009B                     ADRES           equ	155	;# 
   471     009B                     ADRESL          equ	155	;# 
   472     009C                     ADRESH          equ	156	;# 
   473     009D                     ADCON0          equ	157	;# 
   474     009E                     ADCON1          equ	158	;# 
   475     010C                     LATA            equ	268	;# 
   476     010D                     LATB            equ	269	;# 
   477     010E                     LATC            equ	270	;# 
   478     0110                     LATE            equ	272	;# 
   479     0111                     CM1CON0         equ	273	;# 
   480     0112                     CM1CON1         equ	274	;# 
   481     0113                     CM2CON0         equ	275	;# 
   482     0114                     CM2CON1         equ	276	;# 
   483     0115                     CMOUT           equ	277	;# 
   484     0116                     BORCON          equ	278	;# 
   485     0117                     FVRCON          equ	279	;# 
   486     0118                     DACCON0         equ	280	;# 
   487     0119                     DACCON1         equ	281	;# 
   488     011A                     SRCON0          equ	282	;# 
   489     011B                     SRCON1          equ	283	;# 
   490     011D                     APFCON          equ	285	;# 
   491     018C                     ANSELA          equ	396	;# 
   492     018D                     ANSELB          equ	397	;# 
   493     0191                     EEADR           equ	401	;# 
   494     0191                     EEADRL          equ	401	;# 
   495     0192                     EEADRH          equ	402	;# 
   496     0193                     EEDAT           equ	403	;# 
   497     0193                     EEDATL          equ	403	;# 
   498     0193                     EEDATA          equ	403	;# 
   499     0194                     EEDATH          equ	404	;# 
   500     0195                     EECON1          equ	405	;# 
   501     0196                     EECON2          equ	406	;# 
   502     0199                     RCREG           equ	409	;# 
   503     019A                     TXREG           equ	410	;# 
   504     019B                     SP1BRG          equ	411	;# 
   505     019B                     SP1BRGL         equ	411	;# 
   506     019B                     SPBRG           equ	411	;# 
   507     019B                     SPBRGL          equ	411	;# 
   508     019C                     SP1BRGH         equ	412	;# 
   509     019C                     SPBRGH          equ	412	;# 
   510     019D                     RCSTA           equ	413	;# 
   511     019E                     TXSTA           equ	414	;# 
   512     019F                     BAUDCON         equ	415	;# 
   513     020D                     WPUB            equ	525	;# 
   514     0210                     WPUE            equ	528	;# 
   515     0211                     SSPBUF          equ	529	;# 
   516     0212                     SSPADD          equ	530	;# 
   517     0213                     SSPMSK          equ	531	;# 
   518     0214                     SSPSTAT         equ	532	;# 
   519     0215                     SSPCON1         equ	533	;# 
   520     0215                     SSPCON          equ	533	;# 
   521     0216                     SSPCON2         equ	534	;# 
   522     0217                     SSPCON3         equ	535	;# 
   523     0291                     CCPR1           equ	657	;# 
   524     0291                     CCPR1L          equ	657	;# 
   525     0292                     CCPR1H          equ	658	;# 
   526     0293                     CCP1CON         equ	659	;# 
   527     0294                     PWM1CON         equ	660	;# 
   528     0295                     CCP1AS          equ	661	;# 
   529     0295                     ECCP1AS         equ	661	;# 
   530     0296                     PSTR1CON        equ	662	;# 
   531     0298                     CCPR2           equ	664	;# 
   532     0298                     CCPR2L          equ	664	;# 
   533     0299                     CCPR2H          equ	665	;# 
   534     029A                     CCP2CON         equ	666	;# 
   535     029B                     PWM2CON         equ	667	;# 
   536     029C                     CCP2AS          equ	668	;# 
   537     029C                     ECCP2AS         equ	668	;# 
   538     029D                     PSTR2CON        equ	669	;# 
   539     029E                     CCPTMRS0        equ	670	;# 
   540     029F                     CCPTMRS1        equ	671	;# 
   541     0311                     CCPR3           equ	785	;# 
   542     0311                     CCPR3L          equ	785	;# 
   543     0312                     CCPR3H          equ	786	;# 
   544     0313                     CCP3CON         equ	787	;# 
   545     0314                     PWM3CON         equ	788	;# 
   546     0315                     CCP3AS          equ	789	;# 
   547     0315                     ECCP3AS         equ	789	;# 
   548     0316                     PSTR3CON        equ	790	;# 
   549     0318                     CCPR4           equ	792	;# 
   550     0318                     CCPR4L          equ	792	;# 
   551     0319                     CCPR4H          equ	793	;# 
   552     031A                     CCP4CON         equ	794	;# 
   553     031C                     CCPR5           equ	796	;# 
   554     031C                     CCPR5L          equ	796	;# 
   555     031D                     CCPR5H          equ	797	;# 
   556     031E                     CCP5CON         equ	798	;# 
   557     0394                     IOCBP           equ	916	;# 
   558     0395                     IOCBN           equ	917	;# 
   559     0396                     IOCBF           equ	918	;# 
   560     0415                     TMR4            equ	1045	;# 
   561     0416                     PR4             equ	1046	;# 
   562     0417                     T4CON           equ	1047	;# 
   563     041C                     TMR6            equ	1052	;# 
   564     041D                     PR6             equ	1053	;# 
   565     041E                     T6CON           equ	1054	;# 
   566     0791                     LCDCON          equ	1937	;# 
   567     0792                     LCDPS           equ	1938	;# 
   568     0793                     LCDREF          equ	1939	;# 
   569     0794                     LCDCST          equ	1940	;# 
   570     0795                     LCDRL           equ	1941	;# 
   571     0798                     LCDSE0          equ	1944	;# 
   572     0799                     LCDSE1          equ	1945	;# 
   573     07A0                     LCDDATA0        equ	1952	;# 
   574     07A1                     LCDDATA1        equ	1953	;# 
   575     07A3                     LCDDATA3        equ	1955	;# 
   576     07A4                     LCDDATA4        equ	1956	;# 
   577     07A6                     LCDDATA6        equ	1958	;# 
   578     07A7                     LCDDATA7        equ	1959	;# 
   579     07A9                     LCDDATA9        equ	1961	;# 
   580     07AA                     LCDDATA10       equ	1962	;# 
   581     0FE4                     STATUS_SHAD     equ	4068	;# 
   582     0FE5                     WREG_SHAD       equ	4069	;# 
   583     0FE6                     BSR_SHAD        equ	4070	;# 
   584     0FE7                     PCLATH_SHAD     equ	4071	;# 
   585     0FE8                     FSR0L_SHAD      equ	4072	;# 
   586     0FE9                     FSR0H_SHAD      equ	4073	;# 
   587     0FEA                     FSR1L_SHAD      equ	4074	;# 
   588     0FEB                     FSR1H_SHAD      equ	4075	;# 
   589     0FED                     STKPTR          equ	4077	;# 
   590     0FEE                     TOSL            equ	4078	;# 
   591     0FEF                     TOSH            equ	4079	;# 
   592     0000                     INDF0           equ	0	;# 
   593     0001                     INDF1           equ	1	;# 
   594     0002                     PCL             equ	2	;# 
   595     0003                     STATUS          equ	3	;# 
   596     0004                     FSR0L           equ	4	;# 
   597     0005                     FSR0H           equ	5	;# 
   598     0006                     FSR1L           equ	6	;# 
   599     0007                     FSR1H           equ	7	;# 
   600     0008                     BSR             equ	8	;# 
   601     0009                     WREG            equ	9	;# 
   602     000A                     PCLATH          equ	10	;# 
   603     000B                     INTCON          equ	11	;# 
   604     000C                     PORTA           equ	12	;# 
   605     000D                     PORTB           equ	13	;# 
   606     000E                     PORTC           equ	14	;# 
   607     0010                     PORTE           equ	16	;# 
   608     0011                     PIR1            equ	17	;# 
   609     0012                     PIR2            equ	18	;# 
   610     0013                     PIR3            equ	19	;# 
   611     0015                     TMR0            equ	21	;# 
   612     0016                     TMR1            equ	22	;# 
   613     0016                     TMR1L           equ	22	;# 
   614     0017                     TMR1H           equ	23	;# 
   615     0018                     T1CON           equ	24	;# 
   616     0019                     T1GCON          equ	25	;# 
   617     001A                     TMR2            equ	26	;# 
   618     001B                     PR2             equ	27	;# 
   619     001C                     T2CON           equ	28	;# 
   620     001E                     CPSCON0         equ	30	;# 
   621     001F                     CPSCON1         equ	31	;# 
   622     008C                     TRISA           equ	140	;# 
   623     008D                     TRISB           equ	141	;# 
   624     008E                     TRISC           equ	142	;# 
   625     0090                     TRISE           equ	144	;# 
   626     0091                     PIE1            equ	145	;# 
   627     0092                     PIE2            equ	146	;# 
   628     0093                     PIE3            equ	147	;# 
   629     0095                     OPTION_REG      equ	149	;# 
   630     0096                     PCON            equ	150	;# 
   631     0097                     WDTCON          equ	151	;# 
   632     0098                     OSCTUNE         equ	152	;# 
   633     0099                     OSCCON          equ	153	;# 
   634     009A                     OSCSTAT         equ	154	;# 
   635     009B                     ADRES           equ	155	;# 
   636     009B                     ADRESL          equ	155	;# 
   637     009C                     ADRESH          equ	156	;# 
   638     009D                     ADCON0          equ	157	;# 
   639     009E                     ADCON1          equ	158	;# 
   640     010C                     LATA            equ	268	;# 
   641     010D                     LATB            equ	269	;# 
   642     010E                     LATC            equ	270	;# 
   643     0110                     LATE            equ	272	;# 
   644     0111                     CM1CON0         equ	273	;# 
   645     0112                     CM1CON1         equ	274	;# 
   646     0113                     CM2CON0         equ	275	;# 
   647     0114                     CM2CON1         equ	276	;# 
   648     0115                     CMOUT           equ	277	;# 
   649     0116                     BORCON          equ	278	;# 
   650     0117                     FVRCON          equ	279	;# 
   651     0118                     DACCON0         equ	280	;# 
   652     0119                     DACCON1         equ	281	;# 
   653     011A                     SRCON0          equ	282	;# 
   654     011B                     SRCON1          equ	283	;# 
   655     011D                     APFCON          equ	285	;# 
   656     018C                     ANSELA          equ	396	;# 
   657     018D                     ANSELB          equ	397	;# 
   658     0191                     EEADR           equ	401	;# 
   659     0191                     EEADRL          equ	401	;# 
   660     0192                     EEADRH          equ	402	;# 
   661     0193                     EEDAT           equ	403	;# 
   662     0193                     EEDATL          equ	403	;# 
   663     0193                     EEDATA          equ	403	;# 
   664     0194                     EEDATH          equ	404	;# 
   665     0195                     EECON1          equ	405	;# 
   666     0196                     EECON2          equ	406	;# 
   667     0199                     RCREG           equ	409	;# 
   668     019A                     TXREG           equ	410	;# 
   669     019B                     SP1BRG          equ	411	;# 
   670     019B                     SP1BRGL         equ	411	;# 
   671     019B                     SPBRG           equ	411	;# 
   672     019B                     SPBRGL          equ	411	;# 
   673     019C                     SP1BRGH         equ	412	;# 
   674     019C                     SPBRGH          equ	412	;# 
   675     019D                     RCSTA           equ	413	;# 
   676     019E                     TXSTA           equ	414	;# 
   677     019F                     BAUDCON         equ	415	;# 
   678     020D                     WPUB            equ	525	;# 
   679     0210                     WPUE            equ	528	;# 
   680     0211                     SSPBUF          equ	529	;# 
   681     0212                     SSPADD          equ	530	;# 
   682     0213                     SSPMSK          equ	531	;# 
   683     0214                     SSPSTAT         equ	532	;# 
   684     0215                     SSPCON1         equ	533	;# 
   685     0215                     SSPCON          equ	533	;# 
   686     0216                     SSPCON2         equ	534	;# 
   687     0217                     SSPCON3         equ	535	;# 
   688     0291                     CCPR1           equ	657	;# 
   689     0291                     CCPR1L          equ	657	;# 
   690     0292                     CCPR1H          equ	658	;# 
   691     0293                     CCP1CON         equ	659	;# 
   692     0294                     PWM1CON         equ	660	;# 
   693     0295                     CCP1AS          equ	661	;# 
   694     0295                     ECCP1AS         equ	661	;# 
   695     0296                     PSTR1CON        equ	662	;# 
   696     0298                     CCPR2           equ	664	;# 
   697     0298                     CCPR2L          equ	664	;# 
   698     0299                     CCPR2H          equ	665	;# 
   699     029A                     CCP2CON         equ	666	;# 
   700     029B                     PWM2CON         equ	667	;# 
   701     029C                     CCP2AS          equ	668	;# 
   702     029C                     ECCP2AS         equ	668	;# 
   703     029D                     PSTR2CON        equ	669	;# 
   704     029E                     CCPTMRS0        equ	670	;# 
   705     029F                     CCPTMRS1        equ	671	;# 
   706     0311                     CCPR3           equ	785	;# 
   707     0311                     CCPR3L          equ	785	;# 
   708     0312                     CCPR3H          equ	786	;# 
   709     0313                     CCP3CON         equ	787	;# 
   710     0314                     PWM3CON         equ	788	;# 
   711     0315                     CCP3AS          equ	789	;# 
   712     0315                     ECCP3AS         equ	789	;# 
   713     0316                     PSTR3CON        equ	790	;# 
   714     0318                     CCPR4           equ	792	;# 
   715     0318                     CCPR4L          equ	792	;# 
   716     0319                     CCPR4H          equ	793	;# 
   717     031A                     CCP4CON         equ	794	;# 
   718     031C                     CCPR5           equ	796	;# 
   719     031C                     CCPR5L          equ	796	;# 
   720     031D                     CCPR5H          equ	797	;# 
   721     031E                     CCP5CON         equ	798	;# 
   722     0394                     IOCBP           equ	916	;# 
   723     0395                     IOCBN           equ	917	;# 
   724     0396                     IOCBF           equ	918	;# 
   725     0415                     TMR4            equ	1045	;# 
   726     0416                     PR4             equ	1046	;# 
   727     0417                     T4CON           equ	1047	;# 
   728     041C                     TMR6            equ	1052	;# 
   729     041D                     PR6             equ	1053	;# 
   730     041E                     T6CON           equ	1054	;# 
   731     0791                     LCDCON          equ	1937	;# 
   732     0792                     LCDPS           equ	1938	;# 
   733     0793                     LCDREF          equ	1939	;# 
   734     0794                     LCDCST          equ	1940	;# 
   735     0795                     LCDRL           equ	1941	;# 
   736     0798                     LCDSE0          equ	1944	;# 
   737     0799                     LCDSE1          equ	1945	;# 
   738     07A0                     LCDDATA0        equ	1952	;# 
   739     07A1                     LCDDATA1        equ	1953	;# 
   740     07A3                     LCDDATA3        equ	1955	;# 
   741     07A4                     LCDDATA4        equ	1956	;# 
   742     07A6                     LCDDATA6        equ	1958	;# 
   743     07A7                     LCDDATA7        equ	1959	;# 
   744     07A9                     LCDDATA9        equ	1961	;# 
   745     07AA                     LCDDATA10       equ	1962	;# 
   746     0FE4                     STATUS_SHAD     equ	4068	;# 
   747     0FE5                     WREG_SHAD       equ	4069	;# 
   748     0FE6                     BSR_SHAD        equ	4070	;# 
   749     0FE7                     PCLATH_SHAD     equ	4071	;# 
   750     0FE8                     FSR0L_SHAD      equ	4072	;# 
   751     0FE9                     FSR0H_SHAD      equ	4073	;# 
   752     0FEA                     FSR1L_SHAD      equ	4074	;# 
   753     0FEB                     FSR1H_SHAD      equ	4075	;# 
   754     0FED                     STKPTR          equ	4077	;# 
   755     0FEE                     TOSL            equ	4078	;# 
   756     0FEF                     TOSH            equ	4079	;# 
   757     0000                     INDF0           equ	0	;# 
   758     0001                     INDF1           equ	1	;# 
   759     0002                     PCL             equ	2	;# 
   760     0003                     STATUS          equ	3	;# 
   761     0004                     FSR0L           equ	4	;# 
   762     0005                     FSR0H           equ	5	;# 
   763     0006                     FSR1L           equ	6	;# 
   764     0007                     FSR1H           equ	7	;# 
   765     0008                     BSR             equ	8	;# 
   766     0009                     WREG            equ	9	;# 
   767     000A                     PCLATH          equ	10	;# 
   768     000B                     INTCON          equ	11	;# 
   769     000C                     PORTA           equ	12	;# 
   770     000D                     PORTB           equ	13	;# 
   771     000E                     PORTC           equ	14	;# 
   772     0010                     PORTE           equ	16	;# 
   773     0011                     PIR1            equ	17	;# 
   774     0012                     PIR2            equ	18	;# 
   775     0013                     PIR3            equ	19	;# 
   776     0015                     TMR0            equ	21	;# 
   777     0016                     TMR1            equ	22	;# 
   778     0016                     TMR1L           equ	22	;# 
   779     0017                     TMR1H           equ	23	;# 
   780     0018                     T1CON           equ	24	;# 
   781     0019                     T1GCON          equ	25	;# 
   782     001A                     TMR2            equ	26	;# 
   783     001B                     PR2             equ	27	;# 
   784     001C                     T2CON           equ	28	;# 
   785     001E                     CPSCON0         equ	30	;# 
   786     001F                     CPSCON1         equ	31	;# 
   787     008C                     TRISA           equ	140	;# 
   788     008D                     TRISB           equ	141	;# 
   789     008E                     TRISC           equ	142	;# 
   790     0090                     TRISE           equ	144	;# 
   791     0091                     PIE1            equ	145	;# 
   792     0092                     PIE2            equ	146	;# 
   793     0093                     PIE3            equ	147	;# 
   794     0095                     OPTION_REG      equ	149	;# 
   795     0096                     PCON            equ	150	;# 
   796     0097                     WDTCON          equ	151	;# 
   797     0098                     OSCTUNE         equ	152	;# 
   798     0099                     OSCCON          equ	153	;# 
   799     009A                     OSCSTAT         equ	154	;# 
   800     009B                     ADRES           equ	155	;# 
   801     009B                     ADRESL          equ	155	;# 
   802     009C                     ADRESH          equ	156	;# 
   803     009D                     ADCON0          equ	157	;# 
   804     009E                     ADCON1          equ	158	;# 
   805     010C                     LATA            equ	268	;# 
   806     010D                     LATB            equ	269	;# 
   807     010E                     LATC            equ	270	;# 
   808     0110                     LATE            equ	272	;# 
   809     0111                     CM1CON0         equ	273	;# 
   810     0112                     CM1CON1         equ	274	;# 
   811     0113                     CM2CON0         equ	275	;# 
   812     0114                     CM2CON1         equ	276	;# 
   813     0115                     CMOUT           equ	277	;# 
   814     0116                     BORCON          equ	278	;# 
   815     0117                     FVRCON          equ	279	;# 
   816     0118                     DACCON0         equ	280	;# 
   817     0119                     DACCON1         equ	281	;# 
   818     011A                     SRCON0          equ	282	;# 
   819     011B                     SRCON1          equ	283	;# 
   820     011D                     APFCON          equ	285	;# 
   821     018C                     ANSELA          equ	396	;# 
   822     018D                     ANSELB          equ	397	;# 
   823     0191                     EEADR           equ	401	;# 
   824     0191                     EEADRL          equ	401	;# 
   825     0192                     EEADRH          equ	402	;# 
   826     0193                     EEDAT           equ	403	;# 
   827     0193                     EEDATL          equ	403	;# 
   828     0193                     EEDATA          equ	403	;# 
   829     0194                     EEDATH          equ	404	;# 
   830     0195                     EECON1          equ	405	;# 
   831     0196                     EECON2          equ	406	;# 
   832     0199                     RCREG           equ	409	;# 
   833     019A                     TXREG           equ	410	;# 
   834     019B                     SP1BRG          equ	411	;# 
   835     019B                     SP1BRGL         equ	411	;# 
   836     019B                     SPBRG           equ	411	;# 
   837     019B                     SPBRGL          equ	411	;# 
   838     019C                     SP1BRGH         equ	412	;# 
   839     019C                     SPBRGH          equ	412	;# 
   840     019D                     RCSTA           equ	413	;# 
   841     019E                     TXSTA           equ	414	;# 
   842     019F                     BAUDCON         equ	415	;# 
   843     020D                     WPUB            equ	525	;# 
   844     0210                     WPUE            equ	528	;# 
   845     0211                     SSPBUF          equ	529	;# 
   846     0212                     SSPADD          equ	530	;# 
   847     0213                     SSPMSK          equ	531	;# 
   848     0214                     SSPSTAT         equ	532	;# 
   849     0215                     SSPCON1         equ	533	;# 
   850     0215                     SSPCON          equ	533	;# 
   851     0216                     SSPCON2         equ	534	;# 
   852     0217                     SSPCON3         equ	535	;# 
   853     0291                     CCPR1           equ	657	;# 
   854     0291                     CCPR1L          equ	657	;# 
   855     0292                     CCPR1H          equ	658	;# 
   856     0293                     CCP1CON         equ	659	;# 
   857     0294                     PWM1CON         equ	660	;# 
   858     0295                     CCP1AS          equ	661	;# 
   859     0295                     ECCP1AS         equ	661	;# 
   860     0296                     PSTR1CON        equ	662	;# 
   861     0298                     CCPR2           equ	664	;# 
   862     0298                     CCPR2L          equ	664	;# 
   863     0299                     CCPR2H          equ	665	;# 
   864     029A                     CCP2CON         equ	666	;# 
   865     029B                     PWM2CON         equ	667	;# 
   866     029C                     CCP2AS          equ	668	;# 
   867     029C                     ECCP2AS         equ	668	;# 
   868     029D                     PSTR2CON        equ	669	;# 
   869     029E                     CCPTMRS0        equ	670	;# 
   870     029F                     CCPTMRS1        equ	671	;# 
   871     0311                     CCPR3           equ	785	;# 
   872     0311                     CCPR3L          equ	785	;# 
   873     0312                     CCPR3H          equ	786	;# 
   874     0313                     CCP3CON         equ	787	;# 
   875     0314                     PWM3CON         equ	788	;# 
   876     0315                     CCP3AS          equ	789	;# 
   877     0315                     ECCP3AS         equ	789	;# 
   878     0316                     PSTR3CON        equ	790	;# 
   879     0318                     CCPR4           equ	792	;# 
   880     0318                     CCPR4L          equ	792	;# 
   881     0319                     CCPR4H          equ	793	;# 
   882     031A                     CCP4CON         equ	794	;# 
   883     031C                     CCPR5           equ	796	;# 
   884     031C                     CCPR5L          equ	796	;# 
   885     031D                     CCPR5H          equ	797	;# 
   886     031E                     CCP5CON         equ	798	;# 
   887     0394                     IOCBP           equ	916	;# 
   888     0395                     IOCBN           equ	917	;# 
   889     0396                     IOCBF           equ	918	;# 
   890     0415                     TMR4            equ	1045	;# 
   891     0416                     PR4             equ	1046	;# 
   892     0417                     T4CON           equ	1047	;# 
   893     041C                     TMR6            equ	1052	;# 
   894     041D                     PR6             equ	1053	;# 
   895     041E                     T6CON           equ	1054	;# 
   896     0791                     LCDCON          equ	1937	;# 
   897     0792                     LCDPS           equ	1938	;# 
   898     0793                     LCDREF          equ	1939	;# 
   899     0794                     LCDCST          equ	1940	;# 
   900     0795                     LCDRL           equ	1941	;# 
   901     0798                     LCDSE0          equ	1944	;# 
   902     0799                     LCDSE1          equ	1945	;# 
   903     07A0                     LCDDATA0        equ	1952	;# 
   904     07A1                     LCDDATA1        equ	1953	;# 
   905     07A3                     LCDDATA3        equ	1955	;# 
   906     07A4                     LCDDATA4        equ	1956	;# 
   907     07A6                     LCDDATA6        equ	1958	;# 
   908     07A7                     LCDDATA7        equ	1959	;# 
   909     07A9                     LCDDATA9        equ	1961	;# 
   910     07AA                     LCDDATA10       equ	1962	;# 
   911     0FE4                     STATUS_SHAD     equ	4068	;# 
   912     0FE5                     WREG_SHAD       equ	4069	;# 
   913     0FE6                     BSR_SHAD        equ	4070	;# 
   914     0FE7                     PCLATH_SHAD     equ	4071	;# 
   915     0FE8                     FSR0L_SHAD      equ	4072	;# 
   916     0FE9                     FSR0H_SHAD      equ	4073	;# 
   917     0FEA                     FSR1L_SHAD      equ	4074	;# 
   918     0FEB                     FSR1H_SHAD      equ	4075	;# 
   919     0FED                     STKPTR          equ	4077	;# 
   920     0FEE                     TOSL            equ	4078	;# 
   921     0FEF                     TOSH            equ	4079	;# 
   922     0000                     INDF0           equ	0	;# 
   923     0001                     INDF1           equ	1	;# 
   924     0002                     PCL             equ	2	;# 
   925     0003                     STATUS          equ	3	;# 
   926     0004                     FSR0L           equ	4	;# 
   927     0005                     FSR0H           equ	5	;# 
   928     0006                     FSR1L           equ	6	;# 
   929     0007                     FSR1H           equ	7	;# 
   930     0008                     BSR             equ	8	;# 
   931     0009                     WREG            equ	9	;# 
   932     000A                     PCLATH          equ	10	;# 
   933     000B                     INTCON          equ	11	;# 
   934     000C                     PORTA           equ	12	;# 
   935     000D                     PORTB           equ	13	;# 
   936     000E                     PORTC           equ	14	;# 
   937     0010                     PORTE           equ	16	;# 
   938     0011                     PIR1            equ	17	;# 
   939     0012                     PIR2            equ	18	;# 
   940     0013                     PIR3            equ	19	;# 
   941     0015                     TMR0            equ	21	;# 
   942     0016                     TMR1            equ	22	;# 
   943     0016                     TMR1L           equ	22	;# 
   944     0017                     TMR1H           equ	23	;# 
   945     0018                     T1CON           equ	24	;# 
   946     0019                     T1GCON          equ	25	;# 
   947     001A                     TMR2            equ	26	;# 
   948     001B                     PR2             equ	27	;# 
   949     001C                     T2CON           equ	28	;# 
   950     001E                     CPSCON0         equ	30	;# 
   951     001F                     CPSCON1         equ	31	;# 
   952     008C                     TRISA           equ	140	;# 
   953     008D                     TRISB           equ	141	;# 
   954     008E                     TRISC           equ	142	;# 
   955     0090                     TRISE           equ	144	;# 
   956     0091                     PIE1            equ	145	;# 
   957     0092                     PIE2            equ	146	;# 
   958     0093                     PIE3            equ	147	;# 
   959     0095                     OPTION_REG      equ	149	;# 
   960     0096                     PCON            equ	150	;# 
   961     0097                     WDTCON          equ	151	;# 
   962     0098                     OSCTUNE         equ	152	;# 
   963     0099                     OSCCON          equ	153	;# 
   964     009A                     OSCSTAT         equ	154	;# 
   965     009B                     ADRES           equ	155	;# 
   966     009B                     ADRESL          equ	155	;# 
   967     009C                     ADRESH          equ	156	;# 
   968     009D                     ADCON0          equ	157	;# 
   969     009E                     ADCON1          equ	158	;# 
   970     010C                     LATA            equ	268	;# 
   971     010D                     LATB            equ	269	;# 
   972     010E                     LATC            equ	270	;# 
   973     0110                     LATE            equ	272	;# 
   974     0111                     CM1CON0         equ	273	;# 
   975     0112                     CM1CON1         equ	274	;# 
   976     0113                     CM2CON0         equ	275	;# 
   977     0114                     CM2CON1         equ	276	;# 
   978     0115                     CMOUT           equ	277	;# 
   979     0116                     BORCON          equ	278	;# 
   980     0117                     FVRCON          equ	279	;# 
   981     0118                     DACCON0         equ	280	;# 
   982     0119                     DACCON1         equ	281	;# 
   983     011A                     SRCON0          equ	282	;# 
   984     011B                     SRCON1          equ	283	;# 
   985     011D                     APFCON          equ	285	;# 
   986     018C                     ANSELA          equ	396	;# 
   987     018D                     ANSELB          equ	397	;# 
   988     0191                     EEADR           equ	401	;# 
   989     0191                     EEADRL          equ	401	;# 
   990     0192                     EEADRH          equ	402	;# 
   991     0193                     EEDAT           equ	403	;# 
   992     0193                     EEDATL          equ	403	;# 
   993     0193                     EEDATA          equ	403	;# 
   994     0194                     EEDATH          equ	404	;# 
   995     0195                     EECON1          equ	405	;# 
   996     0196                     EECON2          equ	406	;# 
   997     0199                     RCREG           equ	409	;# 
   998     019A                     TXREG           equ	410	;# 
   999     019B                     SP1BRG          equ	411	;# 
  1000     019B                     SP1BRGL         equ	411	;# 
  1001     019B                     SPBRG           equ	411	;# 
  1002     019B                     SPBRGL          equ	411	;# 
  1003     019C                     SP1BRGH         equ	412	;# 
  1004     019C                     SPBRGH          equ	412	;# 
  1005     019D                     RCSTA           equ	413	;# 
  1006     019E                     TXSTA           equ	414	;# 
  1007     019F                     BAUDCON         equ	415	;# 
  1008     020D                     WPUB            equ	525	;# 
  1009     0210                     WPUE            equ	528	;# 
  1010     0211                     SSPBUF          equ	529	;# 
  1011     0212                     SSPADD          equ	530	;# 
  1012     0213                     SSPMSK          equ	531	;# 
  1013     0214                     SSPSTAT         equ	532	;# 
  1014     0215                     SSPCON1         equ	533	;# 
  1015     0215                     SSPCON          equ	533	;# 
  1016     0216                     SSPCON2         equ	534	;# 
  1017     0217                     SSPCON3         equ	535	;# 
  1018     0291                     CCPR1           equ	657	;# 
  1019     0291                     CCPR1L          equ	657	;# 
  1020     0292                     CCPR1H          equ	658	;# 
  1021     0293                     CCP1CON         equ	659	;# 
  1022     0294                     PWM1CON         equ	660	;# 
  1023     0295                     CCP1AS          equ	661	;# 
  1024     0295                     ECCP1AS         equ	661	;# 
  1025     0296                     PSTR1CON        equ	662	;# 
  1026     0298                     CCPR2           equ	664	;# 
  1027     0298                     CCPR2L          equ	664	;# 
  1028     0299                     CCPR2H          equ	665	;# 
  1029     029A                     CCP2CON         equ	666	;# 
  1030     029B                     PWM2CON         equ	667	;# 
  1031     029C                     CCP2AS          equ	668	;# 
  1032     029C                     ECCP2AS         equ	668	;# 
  1033     029D                     PSTR2CON        equ	669	;# 
  1034     029E                     CCPTMRS0        equ	670	;# 
  1035     029F                     CCPTMRS1        equ	671	;# 
  1036     0311                     CCPR3           equ	785	;# 
  1037     0311                     CCPR3L          equ	785	;# 
  1038     0312                     CCPR3H          equ	786	;# 
  1039     0313                     CCP3CON         equ	787	;# 
  1040     0314                     PWM3CON         equ	788	;# 
  1041     0315                     CCP3AS          equ	789	;# 
  1042     0315                     ECCP3AS         equ	789	;# 
  1043     0316                     PSTR3CON        equ	790	;# 
  1044     0318                     CCPR4           equ	792	;# 
  1045     0318                     CCPR4L          equ	792	;# 
  1046     0319                     CCPR4H          equ	793	;# 
  1047     031A                     CCP4CON         equ	794	;# 
  1048     031C                     CCPR5           equ	796	;# 
  1049     031C                     CCPR5L          equ	796	;# 
  1050     031D                     CCPR5H          equ	797	;# 
  1051     031E                     CCP5CON         equ	798	;# 
  1052     0394                     IOCBP           equ	916	;# 
  1053     0395                     IOCBN           equ	917	;# 
  1054     0396                     IOCBF           equ	918	;# 
  1055     0415                     TMR4            equ	1045	;# 
  1056     0416                     PR4             equ	1046	;# 
  1057     0417                     T4CON           equ	1047	;# 
  1058     041C                     TMR6            equ	1052	;# 
  1059     041D                     PR6             equ	1053	;# 
  1060     041E                     T6CON           equ	1054	;# 
  1061     0791                     LCDCON          equ	1937	;# 
  1062     0792                     LCDPS           equ	1938	;# 
  1063     0793                     LCDREF          equ	1939	;# 
  1064     0794                     LCDCST          equ	1940	;# 
  1065     0795                     LCDRL           equ	1941	;# 
  1066     0798                     LCDSE0          equ	1944	;# 
  1067     0799                     LCDSE1          equ	1945	;# 
  1068     07A0                     LCDDATA0        equ	1952	;# 
  1069     07A1                     LCDDATA1        equ	1953	;# 
  1070     07A3                     LCDDATA3        equ	1955	;# 
  1071     07A4                     LCDDATA4        equ	1956	;# 
  1072     07A6                     LCDDATA6        equ	1958	;# 
  1073     07A7                     LCDDATA7        equ	1959	;# 
  1074     07A9                     LCDDATA9        equ	1961	;# 
  1075     07AA                     LCDDATA10       equ	1962	;# 
  1076     0FE4                     STATUS_SHAD     equ	4068	;# 
  1077     0FE5                     WREG_SHAD       equ	4069	;# 
  1078     0FE6                     BSR_SHAD        equ	4070	;# 
  1079     0FE7                     PCLATH_SHAD     equ	4071	;# 
  1080     0FE8                     FSR0L_SHAD      equ	4072	;# 
  1081     0FE9                     FSR0H_SHAD      equ	4073	;# 
  1082     0FEA                     FSR1L_SHAD      equ	4074	;# 
  1083     0FEB                     FSR1H_SHAD      equ	4075	;# 
  1084     0FED                     STKPTR          equ	4077	;# 
  1085     0FEE                     TOSL            equ	4078	;# 
  1086     0FEF                     TOSH            equ	4079	;# 
  1087     0000                     INDF0           equ	0	;# 
  1088     0001                     INDF1           equ	1	;# 
  1089     0002                     PCL             equ	2	;# 
  1090     0003                     STATUS          equ	3	;# 
  1091     0004                     FSR0L           equ	4	;# 
  1092     0005                     FSR0H           equ	5	;# 
  1093     0006                     FSR1L           equ	6	;# 
  1094     0007                     FSR1H           equ	7	;# 
  1095     0008                     BSR             equ	8	;# 
  1096     0009                     WREG            equ	9	;# 
  1097     000A                     PCLATH          equ	10	;# 
  1098     000B                     INTCON          equ	11	;# 
  1099     000C                     PORTA           equ	12	;# 
  1100     000D                     PORTB           equ	13	;# 
  1101     000E                     PORTC           equ	14	;# 
  1102     0010                     PORTE           equ	16	;# 
  1103     0011                     PIR1            equ	17	;# 
  1104     0012                     PIR2            equ	18	;# 
  1105     0013                     PIR3            equ	19	;# 
  1106     0015                     TMR0            equ	21	;# 
  1107     0016                     TMR1            equ	22	;# 
  1108     0016                     TMR1L           equ	22	;# 
  1109     0017                     TMR1H           equ	23	;# 
  1110     0018                     T1CON           equ	24	;# 
  1111     0019                     T1GCON          equ	25	;# 
  1112     001A                     TMR2            equ	26	;# 
  1113     001B                     PR2             equ	27	;# 
  1114     001C                     T2CON           equ	28	;# 
  1115     001E                     CPSCON0         equ	30	;# 
  1116     001F                     CPSCON1         equ	31	;# 
  1117     008C                     TRISA           equ	140	;# 
  1118     008D                     TRISB           equ	141	;# 
  1119     008E                     TRISC           equ	142	;# 
  1120     0090                     TRISE           equ	144	;# 
  1121     0091                     PIE1            equ	145	;# 
  1122     0092                     PIE2            equ	146	;# 
  1123     0093                     PIE3            equ	147	;# 
  1124     0095                     OPTION_REG      equ	149	;# 
  1125     0096                     PCON            equ	150	;# 
  1126     0097                     WDTCON          equ	151	;# 
  1127     0098                     OSCTUNE         equ	152	;# 
  1128     0099                     OSCCON          equ	153	;# 
  1129     009A                     OSCSTAT         equ	154	;# 
  1130     009B                     ADRES           equ	155	;# 
  1131     009B                     ADRESL          equ	155	;# 
  1132     009C                     ADRESH          equ	156	;# 
  1133     009D                     ADCON0          equ	157	;# 
  1134     009E                     ADCON1          equ	158	;# 
  1135     010C                     LATA            equ	268	;# 
  1136     010D                     LATB            equ	269	;# 
  1137     010E                     LATC            equ	270	;# 
  1138     0110                     LATE            equ	272	;# 
  1139     0111                     CM1CON0         equ	273	;# 
  1140     0112                     CM1CON1         equ	274	;# 
  1141     0113                     CM2CON0         equ	275	;# 
  1142     0114                     CM2CON1         equ	276	;# 
  1143     0115                     CMOUT           equ	277	;# 
  1144     0116                     BORCON          equ	278	;# 
  1145     0117                     FVRCON          equ	279	;# 
  1146     0118                     DACCON0         equ	280	;# 
  1147     0119                     DACCON1         equ	281	;# 
  1148     011A                     SRCON0          equ	282	;# 
  1149     011B                     SRCON1          equ	283	;# 
  1150     011D                     APFCON          equ	285	;# 
  1151     018C                     ANSELA          equ	396	;# 
  1152     018D                     ANSELB          equ	397	;# 
  1153     0191                     EEADR           equ	401	;# 
  1154     0191                     EEADRL          equ	401	;# 
  1155     0192                     EEADRH          equ	402	;# 
  1156     0193                     EEDAT           equ	403	;# 
  1157     0193                     EEDATL          equ	403	;# 
  1158     0193                     EEDATA          equ	403	;# 
  1159     0194                     EEDATH          equ	404	;# 
  1160     0195                     EECON1          equ	405	;# 
  1161     0196                     EECON2          equ	406	;# 
  1162     0199                     RCREG           equ	409	;# 
  1163     019A                     TXREG           equ	410	;# 
  1164     019B                     SP1BRG          equ	411	;# 
  1165     019B                     SP1BRGL         equ	411	;# 
  1166     019B                     SPBRG           equ	411	;# 
  1167     019B                     SPBRGL          equ	411	;# 
  1168     019C                     SP1BRGH         equ	412	;# 
  1169     019C                     SPBRGH          equ	412	;# 
  1170     019D                     RCSTA           equ	413	;# 
  1171     019E                     TXSTA           equ	414	;# 
  1172     019F                     BAUDCON         equ	415	;# 
  1173     020D                     WPUB            equ	525	;# 
  1174     0210                     WPUE            equ	528	;# 
  1175     0211                     SSPBUF          equ	529	;# 
  1176     0212                     SSPADD          equ	530	;# 
  1177     0213                     SSPMSK          equ	531	;# 
  1178     0214                     SSPSTAT         equ	532	;# 
  1179     0215                     SSPCON1         equ	533	;# 
  1180     0215                     SSPCON          equ	533	;# 
  1181     0216                     SSPCON2         equ	534	;# 
  1182     0217                     SSPCON3         equ	535	;# 
  1183     0291                     CCPR1           equ	657	;# 
  1184     0291                     CCPR1L          equ	657	;# 
  1185     0292                     CCPR1H          equ	658	;# 
  1186     0293                     CCP1CON         equ	659	;# 
  1187     0294                     PWM1CON         equ	660	;# 
  1188     0295                     CCP1AS          equ	661	;# 
  1189     0295                     ECCP1AS         equ	661	;# 
  1190     0296                     PSTR1CON        equ	662	;# 
  1191     0298                     CCPR2           equ	664	;# 
  1192     0298                     CCPR2L          equ	664	;# 
  1193     0299                     CCPR2H          equ	665	;# 
  1194     029A                     CCP2CON         equ	666	;# 
  1195     029B                     PWM2CON         equ	667	;# 
  1196     029C                     CCP2AS          equ	668	;# 
  1197     029C                     ECCP2AS         equ	668	;# 
  1198     029D                     PSTR2CON        equ	669	;# 
  1199     029E                     CCPTMRS0        equ	670	;# 
  1200     029F                     CCPTMRS1        equ	671	;# 
  1201     0311                     CCPR3           equ	785	;# 
  1202     0311                     CCPR3L          equ	785	;# 
  1203     0312                     CCPR3H          equ	786	;# 
  1204     0313                     CCP3CON         equ	787	;# 
  1205     0314                     PWM3CON         equ	788	;# 
  1206     0315                     CCP3AS          equ	789	;# 
  1207     0315                     ECCP3AS         equ	789	;# 
  1208     0316                     PSTR3CON        equ	790	;# 
  1209     0318                     CCPR4           equ	792	;# 
  1210     0318                     CCPR4L          equ	792	;# 
  1211     0319                     CCPR4H          equ	793	;# 
  1212     031A                     CCP4CON         equ	794	;# 
  1213     031C                     CCPR5           equ	796	;# 
  1214     031C                     CCPR5L          equ	796	;# 
  1215     031D                     CCPR5H          equ	797	;# 
  1216     031E                     CCP5CON         equ	798	;# 
  1217     0394                     IOCBP           equ	916	;# 
  1218     0395                     IOCBN           equ	917	;# 
  1219     0396                     IOCBF           equ	918	;# 
  1220     0415                     TMR4            equ	1045	;# 
  1221     0416                     PR4             equ	1046	;# 
  1222     0417                     T4CON           equ	1047	;# 
  1223     041C                     TMR6            equ	1052	;# 
  1224     041D                     PR6             equ	1053	;# 
  1225     041E                     T6CON           equ	1054	;# 
  1226     0791                     LCDCON          equ	1937	;# 
  1227     0792                     LCDPS           equ	1938	;# 
  1228     0793                     LCDREF          equ	1939	;# 
  1229     0794                     LCDCST          equ	1940	;# 
  1230     0795                     LCDRL           equ	1941	;# 
  1231     0798                     LCDSE0          equ	1944	;# 
  1232     0799                     LCDSE1          equ	1945	;# 
  1233     07A0                     LCDDATA0        equ	1952	;# 
  1234     07A1                     LCDDATA1        equ	1953	;# 
  1235     07A3                     LCDDATA3        equ	1955	;# 
  1236     07A4                     LCDDATA4        equ	1956	;# 
  1237     07A6                     LCDDATA6        equ	1958	;# 
  1238     07A7                     LCDDATA7        equ	1959	;# 
  1239     07A9                     LCDDATA9        equ	1961	;# 
  1240     07AA                     LCDDATA10       equ	1962	;# 
  1241     0FE4                     STATUS_SHAD     equ	4068	;# 
  1242     0FE5                     WREG_SHAD       equ	4069	;# 
  1243     0FE6                     BSR_SHAD        equ	4070	;# 
  1244     0FE7                     PCLATH_SHAD     equ	4071	;# 
  1245     0FE8                     FSR0L_SHAD      equ	4072	;# 
  1246     0FE9                     FSR0H_SHAD      equ	4073	;# 
  1247     0FEA                     FSR1L_SHAD      equ	4074	;# 
  1248     0FEB                     FSR1H_SHAD      equ	4075	;# 
  1249     0FED                     STKPTR          equ	4077	;# 
  1250     0FEE                     TOSL            equ	4078	;# 
  1251     0FEF                     TOSH            equ	4079	;# 
  1252     0000                     INDF0           equ	0	;# 
  1253     0001                     INDF1           equ	1	;# 
  1254     0002                     PCL             equ	2	;# 
  1255     0003                     STATUS          equ	3	;# 
  1256     0004                     FSR0L           equ	4	;# 
  1257     0005                     FSR0H           equ	5	;# 
  1258     0006                     FSR1L           equ	6	;# 
  1259     0007                     FSR1H           equ	7	;# 
  1260     0008                     BSR             equ	8	;# 
  1261     0009                     WREG            equ	9	;# 
  1262     000A                     PCLATH          equ	10	;# 
  1263     000B                     INTCON          equ	11	;# 
  1264     000C                     PORTA           equ	12	;# 
  1265     000D                     PORTB           equ	13	;# 
  1266     000E                     PORTC           equ	14	;# 
  1267     0010                     PORTE           equ	16	;# 
  1268     0011                     PIR1            equ	17	;# 
  1269     0012                     PIR2            equ	18	;# 
  1270     0013                     PIR3            equ	19	;# 
  1271     0015                     TMR0            equ	21	;# 
  1272     0016                     TMR1            equ	22	;# 
  1273     0016                     TMR1L           equ	22	;# 
  1274     0017                     TMR1H           equ	23	;# 
  1275     0018                     T1CON           equ	24	;# 
  1276     0019                     T1GCON          equ	25	;# 
  1277     001A                     TMR2            equ	26	;# 
  1278     001B                     PR2             equ	27	;# 
  1279     001C                     T2CON           equ	28	;# 
  1280     001E                     CPSCON0         equ	30	;# 
  1281     001F                     CPSCON1         equ	31	;# 
  1282     008C                     TRISA           equ	140	;# 
  1283     008D                     TRISB           equ	141	;# 
  1284     008E                     TRISC           equ	142	;# 
  1285     0090                     TRISE           equ	144	;# 
  1286     0091                     PIE1            equ	145	;# 
  1287     0092                     PIE2            equ	146	;# 
  1288     0093                     PIE3            equ	147	;# 
  1289     0095                     OPTION_REG      equ	149	;# 
  1290     0096                     PCON            equ	150	;# 
  1291     0097                     WDTCON          equ	151	;# 
  1292     0098                     OSCTUNE         equ	152	;# 
  1293     0099                     OSCCON          equ	153	;# 
  1294     009A                     OSCSTAT         equ	154	;# 
  1295     009B                     ADRES           equ	155	;# 
  1296     009B                     ADRESL          equ	155	;# 
  1297     009C                     ADRESH          equ	156	;# 
  1298     009D                     ADCON0          equ	157	;# 
  1299     009E                     ADCON1          equ	158	;# 
  1300     010C                     LATA            equ	268	;# 
  1301     010D                     LATB            equ	269	;# 
  1302     010E                     LATC            equ	270	;# 
  1303     0110                     LATE            equ	272	;# 
  1304     0111                     CM1CON0         equ	273	;# 
  1305     0112                     CM1CON1         equ	274	;# 
  1306     0113                     CM2CON0         equ	275	;# 
  1307     0114                     CM2CON1         equ	276	;# 
  1308     0115                     CMOUT           equ	277	;# 
  1309     0116                     BORCON          equ	278	;# 
  1310     0117                     FVRCON          equ	279	;# 
  1311     0118                     DACCON0         equ	280	;# 
  1312     0119                     DACCON1         equ	281	;# 
  1313     011A                     SRCON0          equ	282	;# 
  1314     011B                     SRCON1          equ	283	;# 
  1315     011D                     APFCON          equ	285	;# 
  1316     018C                     ANSELA          equ	396	;# 
  1317     018D                     ANSELB          equ	397	;# 
  1318     0191                     EEADR           equ	401	;# 
  1319     0191                     EEADRL          equ	401	;# 
  1320     0192                     EEADRH          equ	402	;# 
  1321     0193                     EEDAT           equ	403	;# 
  1322     0193                     EEDATL          equ	403	;# 
  1323     0193                     EEDATA          equ	403	;# 
  1324     0194                     EEDATH          equ	404	;# 
  1325     0195                     EECON1          equ	405	;# 
  1326     0196                     EECON2          equ	406	;# 
  1327     0199                     RCREG           equ	409	;# 
  1328     019A                     TXREG           equ	410	;# 
  1329     019B                     SP1BRG          equ	411	;# 
  1330     019B                     SP1BRGL         equ	411	;# 
  1331     019B                     SPBRG           equ	411	;# 
  1332     019B                     SPBRGL          equ	411	;# 
  1333     019C                     SP1BRGH         equ	412	;# 
  1334     019C                     SPBRGH          equ	412	;# 
  1335     019D                     RCSTA           equ	413	;# 
  1336     019E                     TXSTA           equ	414	;# 
  1337     019F                     BAUDCON         equ	415	;# 
  1338     020D                     WPUB            equ	525	;# 
  1339     0210                     WPUE            equ	528	;# 
  1340     0211                     SSPBUF          equ	529	;# 
  1341     0212                     SSPADD          equ	530	;# 
  1342     0213                     SSPMSK          equ	531	;# 
  1343     0214                     SSPSTAT         equ	532	;# 
  1344     0215                     SSPCON1         equ	533	;# 
  1345     0215                     SSPCON          equ	533	;# 
  1346     0216                     SSPCON2         equ	534	;# 
  1347     0217                     SSPCON3         equ	535	;# 
  1348     0291                     CCPR1           equ	657	;# 
  1349     0291                     CCPR1L          equ	657	;# 
  1350     0292                     CCPR1H          equ	658	;# 
  1351     0293                     CCP1CON         equ	659	;# 
  1352     0294                     PWM1CON         equ	660	;# 
  1353     0295                     CCP1AS          equ	661	;# 
  1354     0295                     ECCP1AS         equ	661	;# 
  1355     0296                     PSTR1CON        equ	662	;# 
  1356     0298                     CCPR2           equ	664	;# 
  1357     0298                     CCPR2L          equ	664	;# 
  1358     0299                     CCPR2H          equ	665	;# 
  1359     029A                     CCP2CON         equ	666	;# 
  1360     029B                     PWM2CON         equ	667	;# 
  1361     029C                     CCP2AS          equ	668	;# 
  1362     029C                     ECCP2AS         equ	668	;# 
  1363     029D                     PSTR2CON        equ	669	;# 
  1364     029E                     CCPTMRS0        equ	670	;# 
  1365     029F                     CCPTMRS1        equ	671	;# 
  1366     0311                     CCPR3           equ	785	;# 
  1367     0311                     CCPR3L          equ	785	;# 
  1368     0312                     CCPR3H          equ	786	;# 
  1369     0313                     CCP3CON         equ	787	;# 
  1370     0314                     PWM3CON         equ	788	;# 
  1371     0315                     CCP3AS          equ	789	;# 
  1372     0315                     ECCP3AS         equ	789	;# 
  1373     0316                     PSTR3CON        equ	790	;# 
  1374     0318                     CCPR4           equ	792	;# 
  1375     0318                     CCPR4L          equ	792	;# 
  1376     0319                     CCPR4H          equ	793	;# 
  1377     031A                     CCP4CON         equ	794	;# 
  1378     031C                     CCPR5           equ	796	;# 
  1379     031C                     CCPR5L          equ	796	;# 
  1380     031D                     CCPR5H          equ	797	;# 
  1381     031E                     CCP5CON         equ	798	;# 
  1382     0394                     IOCBP           equ	916	;# 
  1383     0395                     IOCBN           equ	917	;# 
  1384     0396                     IOCBF           equ	918	;# 
  1385     0415                     TMR4            equ	1045	;# 
  1386     0416                     PR4             equ	1046	;# 
  1387     0417                     T4CON           equ	1047	;# 
  1388     041C                     TMR6            equ	1052	;# 
  1389     041D                     PR6             equ	1053	;# 
  1390     041E                     T6CON           equ	1054	;# 
  1391     0791                     LCDCON          equ	1937	;# 
  1392     0792                     LCDPS           equ	1938	;# 
  1393     0793                     LCDREF          equ	1939	;# 
  1394     0794                     LCDCST          equ	1940	;# 
  1395     0795                     LCDRL           equ	1941	;# 
  1396     0798                     LCDSE0          equ	1944	;# 
  1397     0799                     LCDSE1          equ	1945	;# 
  1398     07A0                     LCDDATA0        equ	1952	;# 
  1399     07A1                     LCDDATA1        equ	1953	;# 
  1400     07A3                     LCDDATA3        equ	1955	;# 
  1401     07A4                     LCDDATA4        equ	1956	;# 
  1402     07A6                     LCDDATA6        equ	1958	;# 
  1403     07A7                     LCDDATA7        equ	1959	;# 
  1404     07A9                     LCDDATA9        equ	1961	;# 
  1405     07AA                     LCDDATA10       equ	1962	;# 
  1406     0FE4                     STATUS_SHAD     equ	4068	;# 
  1407     0FE5                     WREG_SHAD       equ	4069	;# 
  1408     0FE6                     BSR_SHAD        equ	4070	;# 
  1409     0FE7                     PCLATH_SHAD     equ	4071	;# 
  1410     0FE8                     FSR0L_SHAD      equ	4072	;# 
  1411     0FE9                     FSR0H_SHAD      equ	4073	;# 
  1412     0FEA                     FSR1L_SHAD      equ	4074	;# 
  1413     0FEB                     FSR1H_SHAD      equ	4075	;# 
  1414     0FED                     STKPTR          equ	4077	;# 
  1415     0FEE                     TOSL            equ	4078	;# 
  1416     0FEF                     TOSH            equ	4079	;# 
  1417                           
  1418 ;; Function _INT_DefaultInterruptHandler is unused but had its address taken
  1419     0000                     _INT_DefaultInterruptHandler equ	0
  1420                           
  1421 ;; Function _TMR1_DefaultGateCallback is unused but had its address taken
  1422     0000                     _TMR1_DefaultGateCallback equ	0
  1423                           
  1424                           	psect	idataBANK0
  1425     04BB                     __pidataBANK0:
  1426                           
  1427                           ;initializer for _my_address
  1428     04BB  3401               	retlw	1
  1429                           
  1430                           	psect	nvBANK0
  1431     004C                     __pnvBANK0:
  1432     004C                     _TMR1_GateCallback:
  1433     004C                     	ds	2
  1434     004E                     _TMR1_OverflowCallback:
  1435     004E                     	ds	2
  1436     0050                     _DATA_IN_InterruptHandler:
  1437     0050                     	ds	2
  1438     0052                     _INT_InterruptHandler:
  1439     0052                     	ds	2
  1440     000D                     _PORTBbits      set	13
  1441     0019                     _T1GCONbits     set	25
  1442     0018                     _T1CON          set	24
  1443     0019                     _T1GCON         set	25
  1444     0016                     _TMR1L          set	22
  1445     0017                     _TMR1H          set	23
  1446     0018                     _T1CONbits      set	24
  1447     000B                     _INTCONbits     set	11
  1448     0011                     _PIR1bits       set	17
  1449     008E                     _TRISCbits      set	142
  1450     0090                     _TRISE          set	144
  1451     008E                     _TRISC          set	142
  1452     008D                     _TRISB          set	141
  1453     008C                     _TRISA          set	140
  1454     0098                     _OSCTUNE        set	152
  1455     0099                     _OSCCON         set	153
  1456     0095                     _OPTION_REGbits set	149
  1457     0091                     _PIE1bits       set	145
  1458     009B                     _ADRESL         set	155
  1459     009C                     _ADRESH         set	156
  1460     009E                     _ADCON1         set	158
  1461     009D                     _ADCON0         set	157
  1462     009D                     _ADCON0bits     set	157
  1463     010C                     _LATAbits       set	268
  1464     010E                     _LATCbits       set	270
  1465     0110                     _LATE           set	272
  1466     010E                     _LATC           set	270
  1467     010D                     _LATB           set	269
  1468     010C                     _LATA           set	268
  1469     0116                     _BORCON         set	278
  1470     0196                     _EECON2         set	406
  1471     0193                     _EEDATL         set	403
  1472     0195                     _EECON1bits     set	405
  1473     0191                     _EEADRL         set	401
  1474     018D                     _ANSELB         set	397
  1475     018C                     _ANSELA         set	396
  1476     0210                     _WPUE           set	528
  1477     020D                     _WPUB           set	525
  1478     0396                     _IOCBFbits      set	918
  1479     0396                     _IOCBF          set	918
  1480     0395                     _IOCBN          set	917
  1481     0394                     _IOCBP          set	916
  1482                           
  1483                           	psect	cinit
  1484     0035                     start_initialization:	
  1485                           ; #config settings
  1486                           
  1487     0035                     __initialization:
  1488                           
  1489                           ; Initialize objects allocated to BANK0
  1490     0035  3184  24BB  3180   	fcall	__pidataBANK0	;fetch initializer
  1491     0038  00D4               	movwf	__pdataBANK0& (0+127)
  1492                           
  1493                           ; Clear objects allocated to COMMON
  1494     0039  01FB               	clrf	__pbssCOMMON& (0+127)
  1495     003A  01FC               	clrf	(__pbssCOMMON+1)& (0+127)
  1496                           
  1497                           ; Clear objects allocated to BANK0
  1498     003B  303B               	movlw	low __pbssBANK0
  1499     003C  0084               	movwf	4
  1500     003D  3000               	movlw	high __pbssBANK0
  1501     003E  0085               	movwf	5
  1502     003F  3011               	movlw	17
  1503     0040  3184  2494  3180   	fcall	clear_ram0
  1504     0043                     end_of_initialization:	
  1505                           ;End of C runtime variable initialization code
  1506                           
  1507     0043                     __end_of__initialization:
  1508     0043  107E               	bcf	int$flags,0	;clear compiler interrupt flag (level 1)
  1509     0044  0020               	movlb	0
  1510     0045  3182  2A0F         	ljmp	_main	;jump to C main() function
  1511                           
  1512                           	psect	bssCOMMON
  1513     007B                     __pbssCOMMON:
  1514     007B                     _timer1ReloadVal:
  1515     007B                     	ds	2
  1516                           
  1517                           	psect	bssBANK0
  1518     003B                     __pbssBANK0:
  1519     003B                     _rx_buffer:
  1520     003B                     	ds	4
  1521     003F                     _ADC_ConversionDoneCallback:
  1522     003F                     	ds	2
  1523     0041                     _response_phase:
  1524     0041                     	ds	1
  1525     0042                     _t2_received:
  1526     0042                     	ds	1
  1527     0043                     _activate_counter:
  1528     0043                     	ds	1
  1529     0044                     _reset_counter:
  1530     0044                     	ds	1
  1531     0045                     _new_address:
  1532     0045                     	ds	1
  1533     0046                     _set_addr_state:
  1534     0046                     	ds	1
  1535     0047                     _rx_addr:
  1536     0047                     	ds	1
  1537     0048                     _rx_mode:
  1538     0048                     	ds	1
  1539     0049                     _cmd_ready:
  1540     0049                     	ds	1
  1541     004A                     _bit_count:
  1542     004A                     	ds	1
  1543     004B                     _rx_state:
  1544     004B                     	ds	1
  1545                           
  1546                           	psect	dataBANK0
  1547     0054                     __pdataBANK0:
  1548     0054                     _my_address:
  1549     0054                     	ds	1
  1550                           
  1551                           	psect	clrtext
  1552     0494                     clear_ram0:	
  1553                           ;	Called with FSR0 containing the base address, and
  1554                           ;	WREG with the size to clear
  1555                           
  1556     0494  0064               	clrwdt	;clear the watchdog before getting into this loop
  1557     0495                     clrloop0:
  1558     0495  0180               	clrf	0	;clear RAM location pointed to by FSR
  1559     0496  3101               	addfsr 0,1
  1560     0497  0B89               	decfsz	9,f	;Have we reached the end of clearing yet?
  1561     0498  2C95               	goto	clrloop0	;have we reached the end yet?
  1562     0499  3400               	retlw	0	;all done for this memory range, return
  1563                           
  1564                           	psect	cstackCOMMON
  1565     0070                     __pcstackCOMMON:
  1566     0070                     ?_TMR1_OverflowISR:
  1567     0070                     ?_PIN_MANAGER_IOC:	
  1568                           ; 1 bytes @ 0x0
  1569                           
  1570     0070                     ?_PIN_MANAGER_Initialize:	
  1571                           ; 1 bytes @ 0x0
  1572                           
  1573     0070                     ?_TMR1_Initialize:	
  1574                           ; 1 bytes @ 0x0
  1575                           
  1576     0070                     ?_DATA_IN_DefaultInterruptHandler:	
  1577                           ; 1 bytes @ 0x0
  1578                           
  1579     0070                     ?_DATA_IN_ISR:	
  1580                           ; 1 bytes @ 0x0
  1581                           
  1582     0070                     ?_TMR1_DefaultOverflowCallback:	
  1583                           ; 1 bytes @ 0x0
  1584                           
  1585     0070                     ?_ADC_Initialize:	
  1586                           ; 1 bytes @ 0x0
  1587                           
  1588     0070                     ?_ADC_ISR:	
  1589                           ; 1 bytes @ 0x0
  1590                           
  1591     0070                     ?_INTERRUPT_Initialize:	
  1592                           ; 1 bytes @ 0x0
  1593                           
  1594     0070                     ?_INTERRUPT_InterruptManager:	
  1595                           ; 1 bytes @ 0x0
  1596                           
  1597     0070                     ?_CLOCK_Initialize:	
  1598                           ; 1 bytes @ 0x0
  1599                           
  1600     0070                     ?_SYSTEM_Initialize:	
  1601                           ; 1 bytes @ 0x0
  1602                           
  1603     0070                     ?_TMR1_Start:	
  1604                           ; 1 bytes @ 0x0
  1605                           
  1606     0070                     ?_TMR1_Stop:	
  1607                           ; 1 bytes @ 0x0
  1608                           
  1609     0070                     ?_eeprom_read:	
  1610                           ; 1 bytes @ 0x0
  1611                           
  1612     0070                     ?_Timer1_TimeoutHandler:	
  1613                           ; 1 bytes @ 0x0
  1614                           
  1615     0070                     ?_protocol_on_bus_change:	
  1616                           ; 1 bytes @ 0x0
  1617                           
  1618     0070                     ?_send_type_bits:	
  1619                           ; 1 bytes @ 0x0
  1620                           
  1621     0070                     ?_send_response_phase:	
  1622                           ; 1 bytes @ 0x0
  1623                           
  1624     0070                     ?_process_command:	
  1625                           ; 1 bytes @ 0x0
  1626                           
  1627     0070                     ?_main:	
  1628                           ; 1 bytes @ 0x0
  1629                           
  1630     0070                     ?i1_TMR1_Start:	
  1631                           ; 1 bytes @ 0x0
  1632                           
  1633     0070                     ?i1_TMR1_Stop:	
  1634                           ; 1 bytes @ 0x0
  1635                           
  1636     0070                     ?i1_TMR1_CounterSet:	
  1637                           ; 1 bytes @ 0x0
  1638                           
  1639     0070                     ?_TMR1_CounterGet:	
  1640                           ; 1 bytes @ 0x0
  1641                           
  1642     0070                     i1TMR1_CounterSet@timerVal:	
  1643                           ; 2 bytes @ 0x0
  1644                           
  1645     0070                     ??_DATA_IN_DefaultInterruptHandler:	
  1646                           ; 2 bytes @ 0x0
  1647                           
  1648     0070                     ??_TMR1_DefaultOverflowCallback:	
  1649                           ; 1 bytes @ 0x0
  1650                           
  1651     0070                     ??_ADC_ISR:	
  1652                           ; 1 bytes @ 0x0
  1653                           
  1654     0070                     ??_Timer1_TimeoutHandler:	
  1655                           ; 1 bytes @ 0x0
  1656                           
  1657     0070                     ??i1_TMR1_Start:	
  1658                           ; 1 bytes @ 0x0
  1659                           
  1660     0070                     ??i1_TMR1_Stop:	
  1661                           ; 1 bytes @ 0x0
  1662                           
  1663                           
  1664                           ; 1 bytes @ 0x0
  1665     0070                     	ds	2
  1666     0072                     i1TMR1_CounterSet@onState:
  1667     0072                     ??_TMR1_CounterGet:	
  1668                           ; 1 bytes @ 0x2
  1669                           
  1670     0072                     ??i1_TMR1_CounterSet:	
  1671                           ; 1 bytes @ 0x2
  1672                           
  1673                           
  1674                           ; 1 bytes @ 0x2
  1675     0072                     	ds	1
  1676     0073                     ??_TMR1_OverflowISR:
  1677                           
  1678                           ; 1 bytes @ 0x3
  1679     0073                     	ds	4
  1680     0077                     TMR1_CounterGet@counterValue:
  1681                           
  1682                           ; 2 bytes @ 0x7
  1683     0077                     	ds	2
  1684     0079                     TMR1_CounterGet@counterHighByte:
  1685                           
  1686                           ; 1 bytes @ 0x9
  1687     0079                     	ds	1
  1688     007A                     TMR1_CounterGet@counterLowByte:
  1689                           
  1690                           ; 1 bytes @ 0xA
  1691     007A                     	ds	1
  1692     007B                     ??_PIN_MANAGER_IOC:
  1693     007B                     ??_DATA_IN_ISR:	
  1694                           ; 1 bytes @ 0xB
  1695                           
  1696     007B                     ??_INTERRUPT_InterruptManager:	
  1697                           ; 1 bytes @ 0xB
  1698                           
  1699                           
  1700                           	psect	cstackBANK0
  1701     0020                     __pcstackBANK0:	
  1702                           ; 1 bytes @ 0xB
  1703                           
  1704     0020                     ??_protocol_on_bus_change:
  1705                           
  1706                           ; 1 bytes @ 0x0
  1707     0020                     	ds	4
  1708     0024                     protocol_on_bus_change@ticks:
  1709                           
  1710                           ; 2 bytes @ 0x4
  1711     0024                     	ds	2
  1712     0026                     protocol_on_bus_change@ticks_837:
  1713                           
  1714                           ; 2 bytes @ 0x6
  1715     0026                     	ds	2
  1716     0028                     protocol_on_bus_change@us_838:
  1717                           
  1718                           ; 2 bytes @ 0x8
  1719     0028                     	ds	2
  1720     002A                     protocol_on_bus_change@bit:
  1721                           
  1722                           ; 1 bytes @ 0xA
  1723     002A                     	ds	1
  1724     002B                     protocol_on_bus_change@us:
  1725                           
  1726                           ; 2 bytes @ 0xB
  1727     002B                     	ds	2
  1728     002D                     ?_INT_SetInterruptHandler:
  1729     002D                     ?_DATA_IN_SetInterruptHandler:	
  1730                           ; 1 bytes @ 0xD
  1731                           
  1732     002D                     ?_TMR1_CounterSet:	
  1733                           ; 1 bytes @ 0xD
  1734                           
  1735     002D                     ?_TMR1_OverflowCallbackRegister:	
  1736                           ; 1 bytes @ 0xD
  1737                           
  1738     002D                     ?_eeprom_write:	
  1739                           ; 1 bytes @ 0xD
  1740                           
  1741     002D                     ?_send_pulse:	
  1742                           ; 1 bytes @ 0xD
  1743                           
  1744     002D                     ?_read_adc_rb1:	
  1745                           ; 1 bytes @ 0xD
  1746                           
  1747     002D                     eeprom_read@addr:	
  1748                           ; 2 bytes @ 0xD
  1749                           
  1750     002D                     eeprom_write@data:	
  1751                           ; 1 bytes @ 0xD
  1752                           
  1753     002D                     INT_SetInterruptHandler@InterruptHandler:	
  1754                           ; 1 bytes @ 0xD
  1755                           
  1756     002D                     DATA_IN_SetInterruptHandler@InterruptHandler:	
  1757                           ; 2 bytes @ 0xD
  1758                           
  1759     002D                     TMR1_CounterSet@timerVal:	
  1760                           ; 2 bytes @ 0xD
  1761                           
  1762     002D                     TMR1_OverflowCallbackRegister@CallbackHandler:	
  1763                           ; 2 bytes @ 0xD
  1764                           
  1765     002D                     send_pulse@us:	
  1766                           ; 2 bytes @ 0xD
  1767                           
  1768     002D                     ??_TMR1_Initialize:	
  1769                           ; 2 bytes @ 0xD
  1770                           
  1771     002D                     ??_ADC_Initialize:	
  1772                           ; 1 bytes @ 0xD
  1773                           
  1774     002D                     ??_CLOCK_Initialize:	
  1775                           ; 1 bytes @ 0xD
  1776                           
  1777     002D                     ??_TMR1_Start:	
  1778                           ; 1 bytes @ 0xD
  1779                           
  1780     002D                     ??_TMR1_Stop:	
  1781                           ; 1 bytes @ 0xD
  1782                           
  1783     002D                     ??_eeprom_read:	
  1784                           ; 1 bytes @ 0xD
  1785                           
  1786     002D                     ??_send_type_bits:	
  1787                           ; 1 bytes @ 0xD
  1788                           
  1789                           
  1790                           ; 1 bytes @ 0xD
  1791     002D                     	ds	1
  1792     002E                     eeprom_write@addr:
  1793     002E                     send_type_bits@type:	
  1794                           ; 1 bytes @ 0xE
  1795                           
  1796     002E                     ??_eeprom_write:	
  1797                           ; 1 bytes @ 0xE
  1798                           
  1799                           
  1800                           ; 1 bytes @ 0xE
  1801     002E                     	ds	1
  1802     002F                     TMR1_CounterSet@onState:
  1803     002F                     send_type_bits@i:	
  1804                           ; 1 bytes @ 0xF
  1805                           
  1806     002F                     ??_INT_SetInterruptHandler:	
  1807                           ; 1 bytes @ 0xF
  1808                           
  1809     002F                     ??_PIN_MANAGER_Initialize:	
  1810                           ; 1 bytes @ 0xF
  1811                           
  1812     002F                     ??_DATA_IN_SetInterruptHandler:	
  1813                           ; 1 bytes @ 0xF
  1814                           
  1815     002F                     ??_INTERRUPT_Initialize:	
  1816                           ; 1 bytes @ 0xF
  1817                           
  1818     002F                     ??_SYSTEM_Initialize:	
  1819                           ; 1 bytes @ 0xF
  1820                           
  1821     002F                     ??_TMR1_CounterSet:	
  1822                           ; 1 bytes @ 0xF
  1823                           
  1824     002F                     ??_TMR1_OverflowCallbackRegister:	
  1825                           ; 1 bytes @ 0xF
  1826                           
  1827     002F                     ??_send_pulse:	
  1828                           ; 1 bytes @ 0xF
  1829                           
  1830     002F                     ??_read_adc_rb1:	
  1831                           ; 1 bytes @ 0xF
  1832                           
  1833                           
  1834                           ; 1 bytes @ 0xF
  1835     002F                     	ds	1
  1836     0030                     send_response_phase@adc_val:
  1837     0030                     ??_send_response_phase:	
  1838                           ; 2 bytes @ 0x10
  1839                           
  1840     0030                     ??_process_command:	
  1841                           ; 1 bytes @ 0x10
  1842                           
  1843                           
  1844                           ; 1 bytes @ 0x10
  1845     0030                     	ds	2
  1846     0032                     send_response_phase@pulse_us:
  1847     0032                     process_command@i:	
  1848                           ; 2 bytes @ 0x12
  1849                           
  1850                           
  1851                           ; 2 bytes @ 0x12
  1852     0032                     	ds	2
  1853     0034                     process_command@i_865:
  1854                           
  1855                           ; 2 bytes @ 0x14
  1856     0034                     	ds	2
  1857     0036                     ??_main:
  1858                           
  1859                           ; 1 bytes @ 0x16
  1860     0036                     	ds	2
  1861     0038                     main@loop_counter:
  1862                           
  1863                           ; 2 bytes @ 0x18
  1864     0038                     	ds	2
  1865     003A                     main@i:
  1866                           
  1867                           ; 1 bytes @ 0x1A
  1868     003A                     	ds	1
  1869                           
  1870                           	psect	maintext
  1871     020F                     __pmaintext:	
  1872 ;;
  1873 ;;Main: autosize = 0, tempsize = 2, incstack = 0, save=0
  1874 ;;
  1875 ;; *************** function _main *****************
  1876 ;; Defined at:
  1877 ;;		line 228 in file "main.c"
  1878 ;; Parameters:    Size  Location     Type
  1879 ;;		None
  1880 ;; Auto vars:     Size  Location     Type
  1881 ;;  i               1   26[BANK0 ] unsigned char 
  1882 ;;  loop_counter    2   24[BANK0 ] unsigned short 
  1883 ;; Return value:  Size  Location     Type
  1884 ;;                  1    wreg      void 
  1885 ;; Registers used:
  1886 ;;		wreg, fsr0l, fsr0h, status,2, status,0, pclath, cstack
  1887 ;; Tracked objects:
  1888 ;;		On entry : B1F/0
  1889 ;;		On exit  : 0/0
  1890 ;;		Unchanged: 0/0
  1891 ;; Data sizes:     COMMON   BANK0   BANK1   BANK2   BANK3   BANK4   BANK5
  1892 ;;      Params:         0       0       0       0       0       0       0
  1893 ;;      Locals:         0       3       0       0       0       0       0
  1894 ;;      Temps:          0       2       0       0       0       0       0
  1895 ;;      Totals:         0       5       0       0       0       0       0
  1896 ;;Total ram usage:        5 bytes
  1897 ;; Hardware stack levels required when called: 8
  1898 ;; This function calls:
  1899 ;;		_DATA_IN_SetInterruptHandler
  1900 ;;		_SYSTEM_Initialize
  1901 ;;		_TMR1_CounterSet
  1902 ;;		_TMR1_OverflowCallbackRegister
  1903 ;;		_TMR1_Start
  1904 ;;		_TMR1_Stop
  1905 ;;		_eeprom_read
  1906 ;;		_process_command
  1907 ;;		_send_response_phase
  1908 ;; This function is called by:
  1909 ;;		Startup code after reset
  1910 ;; This function uses a non-reentrant model
  1911 ;;
  1912                           
  1913     020F                     _main:	
  1914                           ;psect for function _main
  1915                           
  1916     020F                     l2091:	
  1917                           ;incstack = 0
  1918                           ; Regs used in _main: [wreg-fsr0h+status,2+status,0+pclath+cstack]
  1919                           
  1920                           
  1921                           ;main.c: 229:     SYSTEM_Initialize();
  1922     020F  3184  243F  3182   	fcall	_SYSTEM_Initialize
  1923     0212                     l2093:
  1924     0212  0021               	movlb	1	; select bank1
  1925     0213  128E               	bcf	14,5	;volatile
  1926     0214                     l2095:
  1927     0214  120E               	bcf	14,4	;volatile
  1928     0215                     l2097:
  1929     0215  138E               	bcf	14,7	;volatile
  1930     0216                     l2099:
  1931                           
  1932                           ;main.c: 236:     for (uint8_t i = 0; i < 3; i++) {
  1933     0216  0020               	movlb	0	; select bank0
  1934     0217  01BA               	clrf	main@i
  1935     0218                     l506:	
  1936                           ;main.c: 237:         do { LATCbits.LATC4 = 1; } while(0);
  1937                           
  1938     0218  0022               	movlb	2	; select bank2
  1939     0219  160E               	bsf	14,4	;volatile
  1940     021A                     l2105:
  1941                           
  1942                           ;main.c: 238:         _delay((unsigned long)((200)*(16000000/4000.0)));
  1943     021A  3005               	movlw	5
  1944     021B  0020               	movlb	0	; select bank0
  1945     021C  00B7               	movwf	??_main+1
  1946     021D  300F               	movlw	15
  1947     021E  00B6               	movwf	??_main
  1948     021F  30F1               	movlw	241
  1949     0220                     u1227:
  1950     0220  0B89               	decfsz	9,f
  1951     0221  2A20               	goto	u1227
  1952     0222  0BB6               	decfsz	??_main,f
  1953     0223  2A20               	goto	u1227
  1954     0224  0BB7               	decfsz	??_main+1,f
  1955     0225  2A20               	goto	u1227
  1956     0226                     l2107:
  1957     0226  0022               	movlb	2	; select bank2
  1958     0227  120E               	bcf	14,4	;volatile
  1959     0228                     l509:
  1960                           
  1961                           ;main.c: 240:         _delay((unsigned long)((200)*(16000000/4000.0)));
  1962     0228  3005               	movlw	5
  1963     0229  0020               	movlb	0	; select bank0
  1964     022A  00B7               	movwf	??_main+1
  1965     022B  300F               	movlw	15
  1966     022C  00B6               	movwf	??_main
  1967     022D  30F1               	movlw	241
  1968     022E                     u1237:
  1969     022E  0B89               	decfsz	9,f
  1970     022F  2A2E               	goto	u1237
  1971     0230  0BB6               	decfsz	??_main,f
  1972     0231  2A2E               	goto	u1237
  1973     0232  0BB7               	decfsz	??_main+1,f
  1974     0233  2A2E               	goto	u1237
  1975     0234                     l2109:
  1976                           
  1977                           ;main.c: 241:     }
  1978     0234  3001               	movlw	1
  1979     0235  0020               	movlb	0	; select bank0
  1980     0236  07BA               	addwf	main@i,f
  1981     0237                     l2111:
  1982     0237  3003               	movlw	3
  1983     0238  023A               	subwf	main@i,w
  1984     0239  1C03               	skipc
  1985     023A  2A3C               	goto	u1121
  1986     023B  2A3D               	goto	u1120
  1987     023C                     u1121:
  1988     023C  2A18               	goto	l506
  1989     023D                     u1120:
  1990     023D                     l2113:
  1991                           
  1992                           ;main.c: 243:     TMR1_Stop();
  1993     023D  3184  24AF  3182   	fcall	_TMR1_Stop
  1994     0240                     l2115:
  1995                           
  1996                           ;main.c: 244:     TMR1_OverflowCallbackRegister(Timer1_TimeoutHandler);
  1997     0240  302E               	movlw	low _Timer1_TimeoutHandler
  1998     0241  0020               	movlb	0	; select bank0
  1999     0242  00AD               	movwf	TMR1_OverflowCallbackRegister@CallbackHandler
  2000     0243  3004               	movlw	high _Timer1_TimeoutHandler
  2001     0244  00AE               	movwf	TMR1_OverflowCallbackRegister@CallbackHandler+1
  2002     0245  3184  249A  3182   	fcall	_TMR1_OverflowCallbackRegister
  2003     0248                     l2117:
  2004                           
  2005                           ;main.c: 246:     my_address = eeprom_read(0);
  2006     0248  3000               	movlw	0
  2007     0249  3184  247A  3182   	fcall	_eeprom_read
  2008     024C  0020               	movlb	0	; select bank0
  2009     024D  00D4               	movwf	_my_address
  2010     024E                     l2119:
  2011                           
  2012                           ;main.c: 247:     if (my_address == 0xFF || my_address == 0) my_address = 0x01;
  2013     024E  0A54               	incf	_my_address,w
  2014     024F  1903               	btfsc	3,2
  2015     0250  2A52               	goto	u1131
  2016     0251  2A53               	goto	u1130
  2017     0252                     u1131:
  2018     0252  2A58               	goto	l512
  2019     0253                     u1130:
  2020     0253                     l2121:
  2021     0253  0854               	movf	_my_address,w
  2022     0254  1D03               	btfss	3,2
  2023     0255  2A57               	goto	u1141
  2024     0256  2A58               	goto	u1140
  2025     0257                     u1141:
  2026     0257  2A5A               	goto	l2123
  2027     0258                     u1140:
  2028     0258                     l512:
  2029     0258  3001               	movlw	1
  2030     0259  00D4               	movwf	_my_address
  2031     025A                     l2123:
  2032                           
  2033                           ;main.c: 249:     DATA_IN_SetInterruptHandler(protocol_on_bus_change);
  2034     025A  3046               	movlw	low _protocol_on_bus_change
  2035     025B  00AD               	movwf	DATA_IN_SetInterruptHandler@InterruptHandler
  2036     025C  3001               	movlw	high _protocol_on_bus_change
  2037     025D  00AE               	movwf	DATA_IN_SetInterruptHandler@InterruptHandler+1
  2038     025E  3184  24A0  3182   	fcall	_DATA_IN_SetInterruptHandler
  2039     0261                     l2125:
  2040                           
  2041                           ;main.c: 251:     INTCONbits.GIE = 1;
  2042     0261  178B               	bsf	11,7	;volatile
  2043     0262                     l2127:
  2044                           
  2045                           ;main.c: 252:     INTCONbits.PEIE = 1;
  2046     0262  170B               	bsf	11,6	;volatile
  2047     0263                     l2129:
  2048     0263  0022               	movlb	2	; select bank2
  2049     0264  168E               	bsf	14,5	;volatile
  2050     0265                     l2131:
  2051                           
  2052                           ;main.c: 256:     _delay((unsigned long)((100)*(16000000/4000.0)));
  2053     0265  3003               	movlw	3
  2054     0266  0020               	movlb	0	; select bank0
  2055     0267  00B7               	movwf	??_main+1
  2056     0268  3008               	movlw	8
  2057     0269  00B6               	movwf	??_main
  2058     026A  3077               	movlw	119
  2059     026B                     u1247:
  2060     026B  0B89               	decfsz	9,f
  2061     026C  2A6B               	goto	u1247
  2062     026D  0BB6               	decfsz	??_main,f
  2063     026E  2A6B               	goto	u1247
  2064     026F  0BB7               	decfsz	??_main+1,f
  2065     0270  2A6B               	goto	u1247
  2066     0271                     l2133:
  2067     0271  0022               	movlb	2	; select bank2
  2068     0272  128E               	bcf	14,5	;volatile
  2069     0273                     l2135:
  2070                           
  2071                           ;main.c: 260:     uint16_t loop_counter = 0;
  2072     0273  0020               	movlb	0	; select bank0
  2073     0274  01B8               	clrf	main@loop_counter
  2074     0275  01B9               	clrf	main@loop_counter+1
  2075     0276                     l2137:
  2076                           
  2077                           ;main.c: 263:         loop_counter++;
  2078     0276  3001               	movlw	1
  2079     0277  0020               	movlb	0	; select bank0
  2080     0278  07B8               	addwf	main@loop_counter,f
  2081     0279  3000               	movlw	0
  2082     027A  3DB9               	addwfc	main@loop_counter+1,f
  2083     027B                     l2139:
  2084                           
  2085                           ;main.c: 264:         if (loop_counter >= 5000) {
  2086     027B  3013               	movlw	19
  2087     027C  0239               	subwf	main@loop_counter+1,w
  2088     027D  3088               	movlw	136
  2089     027E  1903               	skipnz
  2090     027F  0238               	subwf	main@loop_counter,w
  2091     0280  1C03               	skipc
  2092     0281  2A83               	goto	u1151
  2093     0282  2A84               	goto	u1150
  2094     0283                     u1151:
  2095     0283  2A92               	goto	l2145
  2096     0284                     u1150:
  2097     0284                     l2141:
  2098                           
  2099                           ;main.c: 265:             loop_counter = 0;
  2100     0284  01B8               	clrf	main@loop_counter
  2101     0285  01B9               	clrf	main@loop_counter+1
  2102     0286                     l2143:
  2103     0286  1003               	clrc
  2104     0287  0022               	movlb	2	; select bank2
  2105     0288  1E8E               	btfss	14,5	;volatile
  2106     0289  1403               	setc
  2107     028A  1803               	btfsc	3,0
  2108     028B  2A8D               	goto	u1161
  2109     028C  2A90               	goto	u1160
  2110     028D                     u1161:
  2111     028D  0022               	movlb	2	; select bank2
  2112     028E  168E               	bsf	14,5	;volatile
  2113     028F  2A92               	goto	u1174
  2114     0290                     u1160:
  2115     0290  0022               	movlb	2	; select bank2
  2116     0291  128E               	bcf	14,5	;volatile
  2117     0292                     u1174:
  2118     0292                     l2145:
  2119                           
  2120                           ;main.c: 269:         if (cmd_ready) {
  2121     0292  0020               	movlb	0	; select bank0
  2122     0293  0849               	movf	_cmd_ready,w	;volatile
  2123     0294  1903               	btfsc	3,2
  2124     0295  2A97               	goto	u1181
  2125     0296  2A98               	goto	u1180
  2126     0297                     u1181:
  2127     0297  2A9C               	goto	l2151
  2128     0298                     u1180:
  2129     0298                     l2147:
  2130                           
  2131                           ;main.c: 270:             cmd_ready = 0;
  2132     0298  01C9               	clrf	_cmd_ready	;volatile
  2133     0299                     l2149:
  2134                           
  2135                           ;main.c: 271:             process_command();
  2136     0299  3180  2047  3182   	fcall	_process_command
  2137     029C                     l2151:
  2138                           
  2139                           ;main.c: 274:         if (rx_state == WAIT_T2 && t2_received) {
  2140     029C  3002               	movlw	2
  2141     029D  0020               	movlb	0	; select bank0
  2142     029E  064B               	xorwf	_rx_state,w	;volatile
  2143     029F  1D03               	btfss	3,2
  2144     02A0  2AA2               	goto	u1191
  2145     02A1  2AA3               	goto	u1190
  2146     02A2                     u1191:
  2147     02A2  2AC4               	goto	l522
  2148     02A3                     u1190:
  2149     02A3                     l2153:
  2150     02A3  0842               	movf	_t2_received,w	;volatile
  2151     02A4  1903               	btfsc	3,2
  2152     02A5  2AA7               	goto	u1201
  2153     02A6  2AA8               	goto	u1200
  2154     02A7                     u1201:
  2155     02A7  2AC4               	goto	l522
  2156     02A8                     u1200:
  2157     02A8                     l2155:
  2158                           
  2159                           ;main.c: 275:             t2_received = 0;
  2160     02A8  01C2               	clrf	_t2_received	;volatile
  2161     02A9                     l2157:
  2162                           
  2163                           ;main.c: 276:             send_response_phase();
  2164     02A9  3183  2300  3182   	fcall	_send_response_phase
  2165     02AC                     l2159:
  2166                           
  2167                           ;main.c: 277:             response_phase++;
  2168     02AC  3001               	movlw	1
  2169     02AD  0020               	movlb	0	; select bank0
  2170     02AE  07C1               	addwf	_response_phase,f	;volatile
  2171     02AF                     l2161:
  2172                           
  2173                           ;main.c: 278:             if (response_phase >= 3) {
  2174     02AF  3003               	movlw	3
  2175     02B0  0241               	subwf	_response_phase,w	;volatile
  2176     02B1  1C03               	skipc
  2177     02B2  2AB4               	goto	u1211
  2178     02B3  2AB5               	goto	u1210
  2179     02B4                     u1211:
  2180     02B4  2ABB               	goto	l2167
  2181     02B5                     u1210:
  2182     02B5                     l2163:
  2183                           
  2184                           ;main.c: 279:                 rx_state = IDLE;
  2185     02B5  01CB               	clrf	_rx_state	;volatile
  2186                           
  2187                           ;main.c: 280:                 response_phase = 0;
  2188     02B6  01C1               	clrf	_response_phase	;volatile
  2189     02B7                     l2165:
  2190                           
  2191                           ;main.c: 281:                 TMR1_Stop();
  2192     02B7  3184  24AF  3182   	fcall	_TMR1_Stop
  2193                           
  2194                           ;main.c: 282:             } else {
  2195     02BA  2AC4               	goto	l522
  2196     02BB                     l2167:
  2197                           
  2198                           ;main.c: 283:                 TMR1_CounterSet(0);
  2199     02BB  3000               	movlw	0
  2200     02BC  00AD               	movwf	TMR1_CounterSet@timerVal
  2201     02BD  00AE               	movwf	TMR1_CounterSet@timerVal+1
  2202     02BE  3183  23D4  3182   	fcall	_TMR1_CounterSet
  2203     02C1                     l2169:
  2204                           
  2205                           ;main.c: 284:                 TMR1_Start();
  2206     02C1  3184  24AC  3182   	fcall	_TMR1_Start
  2207     02C4                     l522:	
  2208                           ;main.c: 286:         }
  2209                           
  2210                           
  2211                           ;main.c: 288:         _delay((unsigned long)((100)*(16000000/4000000.0)));
  2212     02C4  3085               	movlw	133
  2213     02C5                     u1257:
  2214     02C5  0B89               	decfsz	9,f
  2215     02C6  2AC5               	goto	u1257
  2216     02C7  0000               	nop
  2217     02C8  2A76               	goto	l2137
  2218     02C9  3180  2833         	ljmp	start
  2219     02CB                     __end_of_main:
  2220                           
  2221                           	psect	text1
  2222     0300                     __ptext1:	
  2223 ;; *************** function _send_response_phase *****************
  2224 ;; Defined at:
  2225 ;;		line 153 in file "main.c"
  2226 ;; Parameters:    Size  Location     Type
  2227 ;;		None
  2228 ;; Auto vars:     Size  Location     Type
  2229 ;;  pulse_us        2   18[BANK0 ] unsigned short 
  2230 ;;  adc_val         2   16[BANK0 ] unsigned short 
  2231 ;; Return value:  Size  Location     Type
  2232 ;;                  1    wreg      void 
  2233 ;; Registers used:
  2234 ;;		wreg, fsr0l, fsr0h, status,2, status,0, pclath, cstack
  2235 ;; Tracked objects:
  2236 ;;		On entry : 0/0
  2237 ;;		On exit  : 0/0
  2238 ;;		Unchanged: 0/0
  2239 ;; Data sizes:     COMMON   BANK0   BANK1   BANK2   BANK3   BANK4   BANK5
  2240 ;;      Params:         0       0       0       0       0       0       0
  2241 ;;      Locals:         0       4       0       0       0       0       0
  2242 ;;      Temps:          0       0       0       0       0       0       0
  2243 ;;      Totals:         0       4       0       0       0       0       0
  2244 ;;Total ram usage:        4 bytes
  2245 ;; Hardware stack levels used: 1
  2246 ;; Hardware stack levels required when called: 6
  2247 ;; This function calls:
  2248 ;;		_read_adc_rb1
  2249 ;;		_send_pulse
  2250 ;;		_send_type_bits
  2251 ;; This function is called by:
  2252 ;;		_main
  2253 ;; This function uses a non-reentrant model
  2254 ;;
  2255                           
  2256     0300                     _send_response_phase:	
  2257                           ;psect for function _send_response_phase
  2258                           
  2259     0300                     l1939:	
  2260                           ;incstack = 0
  2261                           ; Regs used in _send_response_phase: [wreg-fsr0h+status,2+status,0+pclath+cstack]
  2262                           
  2263                           
  2264                           ;main.c: 154:     uint16_t adc_val = read_adc_rb1();
  2265     0300  3183  2386  3183   	fcall	_read_adc_rb1
  2266     0303  0020               	movlb	0	; select bank0
  2267     0304  082E               	movf	?_read_adc_rb1+1,w
  2268     0305  00B1               	movwf	send_response_phase@adc_val+1
  2269     0306  082D               	movf	?_read_adc_rb1,w
  2270     0307  00B0               	movwf	send_response_phase@adc_val
  2271     0308                     l1941:
  2272                           
  2273                           ;main.c: 155:     uint16_t pulse_us = (adc_val < 20) ? 800 : 1800;
  2274     0308  3000               	movlw	0
  2275     0309  0231               	subwf	send_response_phase@adc_val+1,w
  2276     030A  3014               	movlw	20
  2277     030B  1903               	skipnz
  2278     030C  0230               	subwf	send_response_phase@adc_val,w
  2279     030D  1C03               	skipc
  2280     030E  2B10               	goto	u861
  2281     030F  2B11               	goto	u860
  2282     0310                     u861:
  2283     0310  2B16               	goto	l1945
  2284     0311                     u860:
  2285     0311                     l1943:
  2286     0311  3008               	movlw	8
  2287     0312  00B2               	movwf	send_response_phase@pulse_us
  2288     0313  3007               	movlw	7
  2289     0314  00B3               	movwf	send_response_phase@pulse_us+1
  2290     0315  2B28               	goto	l1955
  2291     0316                     l1945:
  2292     0316  3020               	movlw	32
  2293     0317  00B2               	movwf	send_response_phase@pulse_us
  2294     0318  3003               	movlw	3
  2295     0319  00B3               	movwf	send_response_phase@pulse_us+1
  2296     031A  2B28               	goto	l1955
  2297     031B                     l1947:
  2298     031B  0833               	movf	send_response_phase@pulse_us+1,w
  2299     031C  00AE               	movwf	send_pulse@us+1
  2300     031D  0832               	movf	send_response_phase@pulse_us,w
  2301     031E  00AD               	movwf	send_pulse@us
  2302     031F  3182  22CB  3183   	fcall	_send_pulse
  2303     0322  2B33               	goto	l448
  2304     0323                     l1949:
  2305     0323  3006               	movlw	6
  2306     0324  3183  235F  3183   	fcall	_send_type_bits
  2307     0327  2B33               	goto	l448
  2308     0328                     l1955:
  2309     0328  0841               	movf	_response_phase,w	;volatile
  2310                           
  2311                           ; Switch size 1, requested type "simple"
  2312                           ; Number of cases is 3, Range of values is 0 to 2
  2313                           ; switch strategies available:
  2314                           ; Name         Instructions Cycles
  2315                           ; simple_byte           10     6 (average)
  2316                           ; direct_byte           12     6 (fixed)
  2317                           ; jumptable            260     6 (fixed)
  2318                           ;	Chosen strategy is simple_byte
  2319     0329  3A00               	xorlw	0	; case 0
  2320     032A  1903               	skipnz
  2321     032B  2B1B               	goto	l1947
  2322     032C  3A01               	xorlw	1	; case 1
  2323     032D  1903               	skipnz
  2324     032E  2B23               	goto	l1949
  2325     032F  3A03               	xorlw	3	; case 2
  2326     0330  1903               	skipnz
  2327     0331  2B1B               	goto	l1947
  2328     0332  2B33               	goto	l448
  2329     0333                     l448:
  2330     0333  0008               	return
  2331     0334                     __end_of_send_response_phase:
  2332                           
  2333                           	psect	text2
  2334     035F                     __ptext2:	
  2335 ;; *************** function _send_type_bits *****************
  2336 ;; Defined at:
  2337 ;;		line 131 in file "main.c"
  2338 ;; Parameters:    Size  Location     Type
  2339 ;;  type            1    wreg     unsigned char 
  2340 ;; Auto vars:     Size  Location     Type
  2341 ;;  type            1   14[BANK0 ] unsigned char 
  2342 ;;  i               1   15[BANK0 ] unsigned char 
  2343 ;; Return value:  Size  Location     Type
  2344 ;;                  1    wreg      void 
  2345 ;; Registers used:
  2346 ;;		wreg, status,2, status,0
  2347 ;; Tracked objects:
  2348 ;;		On entry : 0/0
  2349 ;;		On exit  : 0/0
  2350 ;;		Unchanged: 0/0
  2351 ;; Data sizes:     COMMON   BANK0   BANK1   BANK2   BANK3   BANK4   BANK5
  2352 ;;      Params:         0       0       0       0       0       0       0
  2353 ;;      Locals:         0       2       0       0       0       0       0
  2354 ;;      Temps:          0       1       0       0       0       0       0
  2355 ;;      Totals:         0       3       0       0       0       0       0
  2356 ;;Total ram usage:        3 bytes
  2357 ;; Hardware stack levels used: 1
  2358 ;; Hardware stack levels required when called: 5
  2359 ;; This function calls:
  2360 ;;		Nothing
  2361 ;; This function is called by:
  2362 ;;		_send_response_phase
  2363 ;; This function uses a non-reentrant model
  2364 ;;
  2365                           
  2366     035F                     _send_type_bits:	
  2367                           ;psect for function _send_type_bits
  2368                           
  2369                           
  2370                           ;incstack = 0
  2371                           ; Regs used in _send_type_bits: [wreg+status,2+status,0]
  2372                           ;send_type_bits@type stored from wreg
  2373     035F  0020               	movlb	0	; select bank0
  2374     0360  00AE               	movwf	send_type_bits@type
  2375     0361                     l1873:
  2376                           
  2377                           ;main.c: 132:     for (uint8_t i = 0; i < 4; i++) {
  2378     0361  01AF               	clrf	send_type_bits@i
  2379     0362                     l1879:
  2380                           
  2381                           ;main.c: 133:         if (type & (1 << i)) {
  2382     0362  3001               	movlw	1
  2383     0363  00AD               	movwf	??_send_type_bits
  2384     0364  0A2F               	incf	send_type_bits@i,w
  2385     0365  2B67               	goto	u804
  2386     0366                     u805:
  2387     0366  35AD               	lslf	??_send_type_bits,f
  2388     0367                     u804:
  2389     0367  0B89               	decfsz	9,f
  2390     0368  2B66               	goto	u805
  2391     0369  082D               	movf	??_send_type_bits,w
  2392     036A  052E               	andwf	send_type_bits@type,w
  2393     036B  1903               	btfsc	3,2
  2394     036C  2B6E               	goto	u811
  2395     036D  2B6F               	goto	u810
  2396     036E                     u811:
  2397     036E  2B78               	goto	l1885
  2398     036F                     u810:
  2399     036F                     l425:	
  2400                           ;main.c: 134:             do { LATAbits.LATA3 = 1; } while(0);
  2401                           
  2402     036F  0022               	movlb	2	; select bank2
  2403     0370  158C               	bsf	12,3	;volatile
  2404     0371                     l1881:
  2405                           
  2406                           ;main.c: 135:             _delay((unsigned long)((300)*(16000000/4000000.0)));
  2407     0371  30F0               	movlw	240
  2408     0372                     u1267:
  2409     0372  3200               	nop2
  2410     0373  0B89               	decfsz	9,f
  2411     0374  2B72               	goto	u1267
  2412     0375                     l1883:
  2413     0375  0022               	movlb	2	; select bank2
  2414     0376  118C               	bcf	12,3	;volatile
  2415     0377  2B7C               	goto	l1887
  2416     0378                     l1885:
  2417                           
  2418                           ;main.c: 138:             _delay((unsigned long)((300)*(16000000/4000000.0)));
  2419     0378  30F0               	movlw	240
  2420     0379                     u1277:
  2421     0379  3200               	nop2
  2422     037A  0B89               	decfsz	9,f
  2423     037B  2B79               	goto	u1277
  2424     037C                     l1887:
  2425                           
  2426                           ;main.c: 140:     }
  2427     037C  3001               	movlw	1
  2428     037D  0020               	movlb	0	; select bank0
  2429     037E  07AF               	addwf	send_type_bits@i,f
  2430     037F                     l1889:
  2431     037F  3004               	movlw	4
  2432     0380  022F               	subwf	send_type_bits@i,w
  2433     0381  1C03               	skipc
  2434     0382  2B84               	goto	u821
  2435     0383  2B85               	goto	u820
  2436     0384                     u821:
  2437     0384  2B62               	goto	l1879
  2438     0385                     u820:
  2439     0385                     l430:
  2440     0385  0008               	return
  2441     0386                     __end_of_send_type_bits:
  2442                           
  2443                           	psect	text3
  2444     02CB                     __ptext3:	
  2445 ;; *************** function _send_pulse *****************
  2446 ;; Defined at:
  2447 ;;		line 123 in file "main.c"
  2448 ;; Parameters:    Size  Location     Type
  2449 ;;  us              2   13[BANK0 ] unsigned short 
  2450 ;; Auto vars:     Size  Location     Type
  2451 ;;		None
  2452 ;; Return value:  Size  Location     Type
  2453 ;;                  1    wreg      void 
  2454 ;; Registers used:
  2455 ;;		wreg, status,2, status,0
  2456 ;; Tracked objects:
  2457 ;;		On entry : 0/0
  2458 ;;		On exit  : 0/0
  2459 ;;		Unchanged: 0/0
  2460 ;; Data sizes:     COMMON   BANK0   BANK1   BANK2   BANK3   BANK4   BANK5
  2461 ;;      Params:         0       2       0       0       0       0       0
  2462 ;;      Locals:         0       0       0       0       0       0       0
  2463 ;;      Temps:          0       1       0       0       0       0       0
  2464 ;;      Totals:         0       3       0       0       0       0       0
  2465 ;;Total ram usage:        3 bytes
  2466 ;; Hardware stack levels used: 1
  2467 ;; Hardware stack levels required when called: 5
  2468 ;; This function calls:
  2469 ;;		Nothing
  2470 ;; This function is called by:
  2471 ;;		_send_response_phase
  2472 ;; This function uses a non-reentrant model
  2473 ;;
  2474                           
  2475     02CB                     _send_pulse:	
  2476                           ;psect for function _send_pulse
  2477                           
  2478     02CB                     l411:	
  2479                           ;incstack = 0
  2480                           ; Regs used in _send_pulse: [wreg+status,2+status,0]
  2481                           ;main.c: 124:     do { LATAbits.LATA3 = 1; } while(0);
  2482                           
  2483     02CB  0022               	movlb	2	; select bank2
  2484     02CC  158C               	bsf	12,3	;volatile
  2485     02CD                     l1861:
  2486                           
  2487                           ;main.c: 125:     if (us == 800) _delay((unsigned long)((800)*(16000000/4000000.0)));
  2488     02CD  3020               	movlw	32
  2489     02CE  0020               	movlb	0	; select bank0
  2490     02CF  062D               	xorwf	send_pulse@us,w
  2491     02D0  3003               	movlw	3
  2492     02D1  1903               	skipnz
  2493     02D2  062E               	xorwf	send_pulse@us+1,w
  2494     02D3  1D03               	btfss	3,2
  2495     02D4  2AD6               	goto	u781
  2496     02D5  2AD7               	goto	u780
  2497     02D6                     u781:
  2498     02D6  2AE1               	goto	l1865
  2499     02D7                     u780:
  2500     02D7                     l1863:
  2501     02D7  3005               	movlw	5
  2502     02D8  0020               	movlb	0	; select bank0
  2503     02D9  00AF               	movwf	??_send_pulse
  2504     02DA  3026               	movlw	38
  2505     02DB                     u1287:
  2506     02DB  0B89               	decfsz	9,f
  2507     02DC  2ADB               	goto	u1287
  2508     02DD  0BAF               	decfsz	??_send_pulse,f
  2509     02DE  2ADB               	goto	u1287
  2510     02DF  0000               	nop
  2511     02E0  2AFD               	goto	l1871
  2512     02E1                     l1865:
  2513     02E1  3008               	movlw	8
  2514     02E2  062D               	xorwf	send_pulse@us,w
  2515     02E3  3007               	movlw	7
  2516     02E4  1903               	skipnz
  2517     02E5  062E               	xorwf	send_pulse@us+1,w
  2518     02E6  1D03               	btfss	3,2
  2519     02E7  2AE9               	goto	u791
  2520     02E8  2AEA               	goto	u790
  2521     02E9                     u791:
  2522     02E9  2AF4               	goto	l1869
  2523     02EA                     u790:
  2524     02EA                     l1867:
  2525     02EA  300A               	movlw	10
  2526     02EB  0020               	movlb	0	; select bank0
  2527     02EC  00AF               	movwf	??_send_pulse
  2528     02ED  3058               	movlw	88
  2529     02EE                     u1297:
  2530     02EE  0B89               	decfsz	9,f
  2531     02EF  2AEE               	goto	u1297
  2532     02F0  0BAF               	decfsz	??_send_pulse,f
  2533     02F1  2AEE               	goto	u1297
  2534     02F2  0000               	nop
  2535     02F3  2AFD               	goto	l1871
  2536     02F4                     l1869:
  2537     02F4  3006               	movlw	6
  2538     02F5  0020               	movlb	0	; select bank0
  2539     02F6  00AF               	movwf	??_send_pulse
  2540     02F7  3030               	movlw	48
  2541     02F8                     u1307:
  2542     02F8  0B89               	decfsz	9,f
  2543     02F9  2AF8               	goto	u1307
  2544     02FA  0BAF               	decfsz	??_send_pulse,f
  2545     02FB  2AF8               	goto	u1307
  2546     02FC  0000               	nop
  2547     02FD                     l1871:
  2548     02FD  0022               	movlb	2	; select bank2
  2549     02FE  118C               	bcf	12,3	;volatile
  2550     02FF                     l419:
  2551     02FF  0008               	return
  2552     0300                     __end_of_send_pulse:
  2553                           
  2554                           	psect	text4
  2555     0386                     __ptext4:	
  2556 ;; *************** function _read_adc_rb1 *****************
  2557 ;; Defined at:
  2558 ;;		line 143 in file "main.c"
  2559 ;; Parameters:    Size  Location     Type
  2560 ;;		None
  2561 ;; Auto vars:     Size  Location     Type
  2562 ;;		None
  2563 ;; Return value:  Size  Location     Type
  2564 ;;                  2   13[BANK0 ] unsigned short 
  2565 ;; Registers used:
  2566 ;;		wreg, status,2, status,0
  2567 ;; Tracked objects:
  2568 ;;		On entry : 0/0
  2569 ;;		On exit  : 0/0
  2570 ;;		Unchanged: 0/0
  2571 ;; Data sizes:     COMMON   BANK0   BANK1   BANK2   BANK3   BANK4   BANK5
  2572 ;;      Params:         0       2       0       0       0       0       0
  2573 ;;      Locals:         0       0       0       0       0       0       0
  2574 ;;      Temps:          0       0       0       0       0       0       0
  2575 ;;      Totals:         0       2       0       0       0       0       0
  2576 ;;Total ram usage:        2 bytes
  2577 ;; Hardware stack levels used: 1
  2578 ;; Hardware stack levels required when called: 5
  2579 ;; This function calls:
  2580 ;;		Nothing
  2581 ;; This function is called by:
  2582 ;;		_send_response_phase
  2583 ;; This function uses a non-reentrant model
  2584 ;;
  2585                           
  2586     0386                     _read_adc_rb1:	
  2587                           ;psect for function _read_adc_rb1
  2588                           
  2589     0386                     l1891:	
  2590                           ;incstack = 0
  2591                           ; Regs used in _read_adc_rb1: [wreg+status,2+status,0]
  2592                           
  2593                           
  2594                           ;main.c: 144:     ADCON1 = 0x80;
  2595     0386  3080               	movlw	128
  2596     0387  0021               	movlb	1	; select bank1
  2597     0388  009E               	movwf	30	;volatile
  2598                           
  2599                           ;main.c: 145:     ADCON0 = 0x01;
  2600     0389  3001               	movlw	1
  2601     038A  009D               	movwf	29	;volatile
  2602     038B                     l1893:
  2603                           
  2604                           ;main.c: 146:     ADCON0bits.CHS = 4;
  2605     038B  081D               	movf	29,w	;volatile
  2606     038C  3983               	andlw	-125
  2607     038D  3810               	iorlw	16
  2608     038E  009D               	movwf	29	;volatile
  2609     038F                     l1895:
  2610                           
  2611                           ;main.c: 147:     _delay((unsigned long)((10)*(16000000/4000000.0)));
  2612     038F  300D               	movlw	13
  2613     0390                     u1317:
  2614     0390  0B89               	decfsz	9,f
  2615     0391  2B90               	goto	u1317
  2616     0392  0000               	nop
  2617     0393                     l1897:
  2618                           
  2619                           ;main.c: 148:     ADCON0bits.GO = 1;
  2620     0393  0021               	movlb	1	; select bank1
  2621     0394  149D               	bsf	29,1	;volatile
  2622     0395                     l433:	
  2623                           ;main.c: 149:     while (ADCON0bits.GO);
  2624                           
  2625     0395  189D               	btfsc	29,1	;volatile
  2626     0396  2B98               	goto	u831
  2627     0397  2B99               	goto	u830
  2628     0398                     u831:
  2629     0398  2B95               	goto	l433
  2630     0399                     u830:
  2631     0399                     l1899:
  2632                           
  2633                           ;main.c: 150:     return ((uint16_t)ADRESH << 8) | ADRESL;
  2634     0399  081C               	movf	28,w	;volatile
  2635     039A  0020               	movlb	0	; select bank0
  2636     039B  00AE               	movwf	?_read_adc_rb1+1
  2637     039C  0021               	movlb	1	; select bank1
  2638     039D  081B               	movf	27,w	;volatile
  2639     039E  0020               	movlb	0	; select bank0
  2640     039F  00AD               	movwf	?_read_adc_rb1
  2641     03A0                     l436:
  2642     03A0  0008               	return
  2643     03A1                     __end_of_read_adc_rb1:
  2644                           
  2645                           	psect	text5
  2646     0047                     __ptext5:	
  2647 ;; *************** function _process_command *****************
  2648 ;; Defined at:
  2649 ;;		line 164 in file "main.c"
  2650 ;; Parameters:    Size  Location     Type
  2651 ;;		None
  2652 ;; Auto vars:     Size  Location     Type
  2653 ;;  i               2   18[BANK0 ] int 
  2654 ;;  i               2   20[BANK0 ] int 
  2655 ;; Return value:  Size  Location     Type
  2656 ;;                  1    wreg      void 
  2657 ;; Registers used:
  2658 ;;		wreg, fsr0l, fsr0h, status,2, status,0, pclath, cstack
  2659 ;; Tracked objects:
  2660 ;;		On entry : 0/0
  2661 ;;		On exit  : 0/0
  2662 ;;		Unchanged: 0/0
  2663 ;; Data sizes:     COMMON   BANK0   BANK1   BANK2   BANK3   BANK4   BANK5
  2664 ;;      Params:         0       0       0       0       0       0       0
  2665 ;;      Locals:         0       4       0       0       0       0       0
  2666 ;;      Temps:          0       2       0       0       0       0       0
  2667 ;;      Totals:         0       6       0       0       0       0       0
  2668 ;;Total ram usage:        6 bytes
  2669 ;; Hardware stack levels used: 1
  2670 ;; Hardware stack levels required when called: 6
  2671 ;; This function calls:
  2672 ;;		_TMR1_CounterSet
  2673 ;;		_TMR1_Start
  2674 ;;		_eeprom_write
  2675 ;; This function is called by:
  2676 ;;		_main
  2677 ;; This function uses a non-reentrant model
  2678 ;;
  2679                           
  2680     0047                     _process_command:	
  2681                           ;psect for function _process_command
  2682                           
  2683     0047                     l1957:	
  2684                           ;incstack = 0
  2685                           ; Regs used in _process_command: [wreg-fsr0h+status,2+status,0+pclath+cstack]
  2686                           
  2687                           
  2688                           ;main.c: 165:     if (rx_mode == 1) {
  2689     0047  0020               	movlb	0	; select bank0
  2690     0048  0348               	decf	_rx_mode,w	;volatile
  2691     0049  1D03               	btfss	3,2
  2692     004A  284C               	goto	u871
  2693     004B  284D               	goto	u870
  2694     004C                     u871:
  2695     004C  28BD               	goto	l2001
  2696     004D                     u870:
  2697     004D                     l1959:
  2698                           
  2699                           ;main.c: 166:         if (set_addr_state == AWAIT_FIRST && rx_addr == 0x55)
  2700     004D  0846               	movf	_set_addr_state,w	;volatile
  2701     004E  1D03               	btfss	3,2
  2702     004F  2851               	goto	u881
  2703     0050  2852               	goto	u880
  2704     0051                     u881:
  2705     0051  285B               	goto	l1965
  2706     0052                     u880:
  2707     0052                     l1961:
  2708     0052  3055               	movlw	85
  2709     0053  0647               	xorwf	_rx_addr,w	;volatile
  2710     0054  1D03               	btfss	3,2
  2711     0055  2857               	goto	u891
  2712     0056  2858               	goto	u890
  2713     0057                     u891:
  2714     0057  285B               	goto	l1965
  2715     0058                     u890:
  2716     0058                     l1963:
  2717                           
  2718                           ;main.c: 167:             set_addr_state = AWAIT_SECOND;
  2719     0058  3001               	movlw	1
  2720     0059  00C6               	movwf	_set_addr_state	;volatile
  2721     005A  2945               	goto	l466
  2722     005B                     l1965:
  2723     005B  0346               	decf	_set_addr_state,w	;volatile
  2724     005C  1D03               	btfss	3,2
  2725     005D  285F               	goto	u901
  2726     005E  2860               	goto	u900
  2727     005F                     u901:
  2728     005F  2869               	goto	l1971
  2729     0060                     u900:
  2730     0060                     l1967:
  2731     0060  303A               	movlw	58
  2732     0061  0647               	xorwf	_rx_addr,w	;volatile
  2733     0062  1D03               	btfss	3,2
  2734     0063  2865               	goto	u911
  2735     0064  2866               	goto	u910
  2736     0065                     u911:
  2737     0065  2869               	goto	l1971
  2738     0066                     u910:
  2739     0066                     l1969:
  2740                           
  2741                           ;main.c: 169:             set_addr_state = AWAIT_ADDR1;
  2742     0066  3002               	movlw	2
  2743     0067  00C6               	movwf	_set_addr_state	;volatile
  2744     0068  2945               	goto	l466
  2745     0069                     l1971:
  2746     0069  3002               	movlw	2
  2747     006A  0646               	xorwf	_set_addr_state,w	;volatile
  2748     006B  1D03               	btfss	3,2
  2749     006C  286E               	goto	u921
  2750     006D  286F               	goto	u920
  2751     006E                     u921:
  2752     006E  2874               	goto	l1977
  2753     006F                     u920:
  2754     006F                     l1973:
  2755                           
  2756                           ;main.c: 171:             new_address = rx_addr;
  2757     006F  0847               	movf	_rx_addr,w	;volatile
  2758     0070  00C5               	movwf	_new_address	;volatile
  2759     0071                     l1975:
  2760                           
  2761                           ;main.c: 172:             set_addr_state = AWAIT_ADDR2;
  2762     0071  3003               	movlw	3
  2763     0072  00C6               	movwf	_set_addr_state	;volatile
  2764                           
  2765                           ;main.c: 173:         } else if (set_addr_state == AWAIT_ADDR2 && rx_addr == new_address
      +                          ) {
  2766     0073  2945               	goto	l466
  2767     0074                     l1977:
  2768     0074  3003               	movlw	3
  2769     0075  0646               	xorwf	_set_addr_state,w	;volatile
  2770     0076  1D03               	btfss	3,2
  2771     0077  2879               	goto	u931
  2772     0078  287A               	goto	u930
  2773     0079                     u931:
  2774     0079  28BB               	goto	l1997
  2775     007A                     u930:
  2776     007A                     l1979:
  2777     007A  0847               	movf	_rx_addr,w	;volatile
  2778     007B  0645               	xorwf	_new_address,w	;volatile
  2779     007C  1D03               	skipz
  2780     007D  287F               	goto	u941
  2781     007E  2880               	goto	u940
  2782     007F                     u941:
  2783     007F  28BB               	goto	l1997
  2784     0080                     u940:
  2785     0080                     l1981:
  2786                           
  2787                           ;main.c: 174:             eeprom_write(0, new_address);
  2788     0080  0845               	movf	_new_address,w	;volatile
  2789     0081  00AD               	movwf	eeprom_write@data
  2790     0082  3000               	movlw	0
  2791     0083  3184  241A  3180   	fcall	_eeprom_write
  2792     0086                     l1983:
  2793                           
  2794                           ;main.c: 175:             my_address = new_address;
  2795     0086  0020               	movlb	0	; select bank0
  2796     0087  0845               	movf	_new_address,w	;volatile
  2797     0088  00D4               	movwf	_my_address
  2798     0089                     l1985:
  2799                           
  2800                           ;main.c: 176:             set_addr_state = AWAIT_FIRST;
  2801     0089  01C6               	clrf	_set_addr_state	;volatile
  2802     008A                     l1987:
  2803                           
  2804                           ;main.c: 177:             for (int i = 0; i < 2; i++) {
  2805     008A  01B2               	clrf	process_command@i
  2806     008B  01B3               	clrf	process_command@i+1
  2807     008C                     l461:	
  2808                           ;main.c: 178:                 do { LATCbits.LATC5 = 1; } while(0); _delay((unsigned long
      +                          )((100)*(16000000/4000.0)));
  2809                           
  2810     008C  0022               	movlb	2	; select bank2
  2811     008D  168E               	bsf	14,5	;volatile
  2812     008E                     l1993:
  2813     008E  3003               	movlw	3
  2814     008F  0020               	movlb	0	; select bank0
  2815     0090  00B1               	movwf	??_process_command+1
  2816     0091  3008               	movlw	8
  2817     0092  00B0               	movwf	??_process_command
  2818     0093  3077               	movlw	119
  2819     0094                     u1327:
  2820     0094  0B89               	decfsz	9,f
  2821     0095  2894               	goto	u1327
  2822     0096  0BB0               	decfsz	??_process_command,f
  2823     0097  2894               	goto	u1327
  2824     0098  0BB1               	decfsz	??_process_command+1,f
  2825     0099  2894               	goto	u1327
  2826     009A                     l1995:
  2827     009A  0022               	movlb	2	; select bank2
  2828     009B  128E               	bcf	14,5	;volatile
  2829     009C                     l464:
  2830     009C  3003               	movlw	3
  2831     009D  0020               	movlb	0	; select bank0
  2832     009E  00B1               	movwf	??_process_command+1
  2833     009F  3008               	movlw	8
  2834     00A0  00B0               	movwf	??_process_command
  2835     00A1  3077               	movlw	119
  2836     00A2                     u1337:
  2837     00A2  0B89               	decfsz	9,f
  2838     00A3  28A2               	goto	u1337
  2839     00A4  0BB0               	decfsz	??_process_command,f
  2840     00A5  28A2               	goto	u1337
  2841     00A6  0BB1               	decfsz	??_process_command+1,f
  2842     00A7  28A2               	goto	u1337
  2843                           
  2844                           ;main.c: 180:             }
  2845     00A8  3001               	movlw	1
  2846     00A9  0020               	movlb	0	; select bank0
  2847     00AA  07B2               	addwf	process_command@i,f
  2848     00AB  3000               	movlw	0
  2849     00AC  3DB3               	addwfc	process_command@i+1,f
  2850     00AD  0833               	movf	process_command@i+1,w
  2851     00AE  3A80               	xorlw	128
  2852     00AF  00B0               	movwf	??_process_command
  2853     00B0  3080               	movlw	128
  2854     00B1  0230               	subwf	??_process_command,w
  2855     00B2  1D03               	skipz
  2856     00B3  28B6               	goto	u955
  2857     00B4  3002               	movlw	2
  2858     00B5  0232               	subwf	process_command@i,w
  2859     00B6                     u955:
  2860     00B6  1C03               	skipc
  2861     00B7  28B9               	goto	u951
  2862     00B8  28BA               	goto	u950
  2863     00B9                     u951:
  2864     00B9  288C               	goto	l461
  2865     00BA                     u950:
  2866     00BA  2945               	goto	l466
  2867     00BB                     l1997:
  2868                           
  2869                           ;main.c: 182:             set_addr_state = AWAIT_FIRST;
  2870     00BB  01C6               	clrf	_set_addr_state	;volatile
  2871     00BC  2945               	goto	l466
  2872     00BD                     l2001:
  2873                           
  2874                           ;main.c: 187:     if (rx_mode == 5 || rx_mode == 6 || rx_mode == 7) {
  2875     00BD  3005               	movlw	5
  2876     00BE  0648               	xorwf	_rx_mode,w	;volatile
  2877     00BF  1903               	btfsc	3,2
  2878     00C0  28C2               	goto	u961
  2879     00C1  28C3               	goto	u960
  2880     00C2                     u961:
  2881     00C2  28CF               	goto	l2007
  2882     00C3                     u960:
  2883     00C3                     l2003:
  2884     00C3  3006               	movlw	6
  2885     00C4  0648               	xorwf	_rx_mode,w	;volatile
  2886     00C5  1903               	btfsc	3,2
  2887     00C6  28C8               	goto	u971
  2888     00C7  28C9               	goto	u970
  2889     00C8                     u971:
  2890     00C8  28CF               	goto	l2007
  2891     00C9                     u970:
  2892     00C9                     l2005:
  2893     00C9  3007               	movlw	7
  2894     00CA  0648               	xorwf	_rx_mode,w	;volatile
  2895     00CB  1D03               	btfss	3,2
  2896     00CC  28CE               	goto	u981
  2897     00CD  28CF               	goto	u980
  2898     00CE                     u981:
  2899     00CE  2902               	goto	l2017
  2900     00CF                     u980:
  2901     00CF                     l2007:
  2902                           
  2903                           ;main.c: 188:         for (int i = 0; i < 10; i++) {
  2904     00CF  01B4               	clrf	process_command@i_865
  2905     00D0  01B5               	clrf	process_command@i_865+1
  2906     00D1                     l472:	
  2907                           ;main.c: 189:             do { LATCbits.LATC5 = 1; } while(0); _delay((unsigned long)((2
      +                          50)*(16000000/4000.0)));
  2908                           
  2909     00D1  0022               	movlb	2	; select bank2
  2910     00D2  168E               	bsf	14,5	;volatile
  2911     00D3                     l2013:
  2912     00D3  3006               	movlw	6
  2913     00D4  0020               	movlb	0	; select bank0
  2914     00D5  00B1               	movwf	??_process_command+1
  2915     00D6  3013               	movlw	19
  2916     00D7  00B0               	movwf	??_process_command
  2917     00D8  30AD               	movlw	173
  2918     00D9                     u1347:
  2919     00D9  0B89               	decfsz	9,f
  2920     00DA  28D9               	goto	u1347
  2921     00DB  0BB0               	decfsz	??_process_command,f
  2922     00DC  28D9               	goto	u1347
  2923     00DD  0BB1               	decfsz	??_process_command+1,f
  2924     00DE  28D9               	goto	u1347
  2925     00DF  3200               	nop2
  2926     00E0                     l2015:
  2927     00E0  0022               	movlb	2	; select bank2
  2928     00E1  128E               	bcf	14,5	;volatile
  2929     00E2                     l475:
  2930     00E2  3006               	movlw	6
  2931     00E3  0020               	movlb	0	; select bank0
  2932     00E4  00B1               	movwf	??_process_command+1
  2933     00E5  3013               	movlw	19
  2934     00E6  00B0               	movwf	??_process_command
  2935     00E7  30AD               	movlw	173
  2936     00E8                     u1357:
  2937     00E8  0B89               	decfsz	9,f
  2938     00E9  28E8               	goto	u1357
  2939     00EA  0BB0               	decfsz	??_process_command,f
  2940     00EB  28E8               	goto	u1357
  2941     00EC  0BB1               	decfsz	??_process_command+1,f
  2942     00ED  28E8               	goto	u1357
  2943     00EE  3200               	nop2
  2944                           
  2945                           ;main.c: 191:         }
  2946     00EF  3001               	movlw	1
  2947     00F0  0020               	movlb	0	; select bank0
  2948     00F1  07B4               	addwf	process_command@i_865,f
  2949     00F2  3000               	movlw	0
  2950     00F3  3DB5               	addwfc	process_command@i_865+1,f
  2951     00F4  0835               	movf	process_command@i_865+1,w
  2952     00F5  3A80               	xorlw	128
  2953     00F6  00B0               	movwf	??_process_command
  2954     00F7  3080               	movlw	128
  2955     00F8  0230               	subwf	??_process_command,w
  2956     00F9  1D03               	skipz
  2957     00FA  28FD               	goto	u995
  2958     00FB  300A               	movlw	10
  2959     00FC  0234               	subwf	process_command@i_865,w
  2960     00FD                     u995:
  2961     00FD  1C03               	skipc
  2962     00FE  2900               	goto	u991
  2963     00FF  2901               	goto	u990
  2964     0100                     u991:
  2965     0100  28D1               	goto	l472
  2966     0101                     u990:
  2967     0101  2945               	goto	l466
  2968     0102                     l2017:
  2969                           
  2970                           ;main.c: 195:     if (rx_addr != my_address) return;
  2971     0102  0847               	movf	_rx_addr,w	;volatile
  2972     0103  0654               	xorwf	_my_address,w
  2973     0104  1903               	skipnz
  2974     0105  2907               	goto	u1001
  2975     0106  2908               	goto	u1000
  2976     0107                     u1001:
  2977     0107  2937               	goto	l2051
  2978     0108                     u1000:
  2979     0108  2945               	goto	l466
  2980     0109                     l479:	
  2981                           ;main.c: 199:         case 4:
  2982                           
  2983                           
  2984                           ;main.c: 200:             rx_state = WAIT_T2;
  2985     0109  3002               	movlw	2
  2986     010A  00CB               	movwf	_rx_state	;volatile
  2987     010B                     l2021:
  2988                           
  2989                           ;main.c: 201:             response_phase = 0;
  2990     010B  01C1               	clrf	_response_phase	;volatile
  2991                           
  2992                           ;main.c: 202:             t2_received = 0;
  2993     010C  01C2               	clrf	_t2_received	;volatile
  2994     010D                     l2023:
  2995                           
  2996                           ;main.c: 203:             TMR1_CounterSet(0);
  2997     010D  3000               	movlw	0
  2998     010E  00AD               	movwf	TMR1_CounterSet@timerVal
  2999     010F  00AE               	movwf	TMR1_CounterSet@timerVal+1
  3000     0110  3183  23D4  3180   	fcall	_TMR1_CounterSet
  3001     0113                     l2025:
  3002                           
  3003                           ;main.c: 204:             TMR1_Start();
  3004     0113  3184  24AC  3180   	fcall	_TMR1_Start
  3005     0116                     l2027:
  3006     0116  0022               	movlb	2	; select bank2
  3007     0117  168E               	bsf	14,5	;volatile
  3008     0118                     l2029:
  3009                           
  3010                           ;main.c: 206:             _delay((unsigned long)((100)*(16000000/4000000.0)));
  3011     0118  3085               	movlw	133
  3012     0119                     u1367:
  3013     0119  0B89               	decfsz	9,f
  3014     011A  2919               	goto	u1367
  3015     011B  0000               	nop
  3016     011C                     l2031:
  3017     011C  0022               	movlb	2	; select bank2
  3018     011D  128E               	bcf	14,5	;volatile
  3019     011E  2945               	goto	l466
  3020     011F                     l2033:
  3021                           
  3022                           ;main.c: 211:             reset_counter++;
  3023     011F  3001               	movlw	1
  3024     0120  07C4               	addwf	_reset_counter,f
  3025     0121                     l2035:
  3026                           
  3027                           ;main.c: 212:             if (reset_counter >= 4) { reset_counter = 0; __asm("reset"); }
  3028     0121  3004               	movlw	4
  3029     0122  0244               	subwf	_reset_counter,w
  3030     0123  1C03               	skipc
  3031     0124  2926               	goto	u1011
  3032     0125  2927               	goto	u1010
  3033     0126                     u1011:
  3034     0126  2945               	goto	l466
  3035     0127                     u1010:
  3036     0127                     l2037:
  3037     0127  01C4               	clrf	_reset_counter
  3038     0128  0001               	reset	;# 
  3039     0129  2945               	goto	l466
  3040     012A                     l2039:
  3041                           
  3042                           ;main.c: 216:             activate_counter++;
  3043     012A  3001               	movlw	1
  3044     012B  07C3               	addwf	_activate_counter,f
  3045     012C                     l2041:
  3046                           
  3047                           ;main.c: 217:             if (activate_counter >= 4) {
  3048     012C  3004               	movlw	4
  3049     012D  0243               	subwf	_activate_counter,w
  3050     012E  1C03               	skipc
  3051     012F  2931               	goto	u1021
  3052     0130  2932               	goto	u1020
  3053     0131                     u1021:
  3054     0131  2945               	goto	l466
  3055     0132                     u1020:
  3056     0132                     l2043:
  3057                           
  3058                           ;main.c: 218:                 activate_counter = 0;
  3059     0132  01C3               	clrf	_activate_counter
  3060     0133                     l2045:
  3061     0133  0022               	movlb	2	; select bank2
  3062     0134  160E               	bsf	14,4	;volatile
  3063     0135                     l2047:
  3064     0135  178E               	bsf	14,7	;volatile
  3065     0136  2945               	goto	l466
  3066     0137                     l2051:
  3067     0137  0848               	movf	_rx_mode,w	;volatile
  3068                           
  3069                           ; Switch size 1, requested type "simple"
  3070                           ; Number of cases is 4, Range of values is 0 to 4
  3071                           ; switch strategies available:
  3072                           ; Name         Instructions Cycles
  3073                           ; simple_byte           13     7 (average)
  3074                           ; direct_byte           16     6 (fixed)
  3075                           ; jumptable            260     6 (fixed)
  3076                           ;	Chosen strategy is simple_byte
  3077     0138  3A00               	xorlw	0	; case 0
  3078     0139  1903               	skipnz
  3079     013A  2909               	goto	l479
  3080     013B  3A02               	xorlw	2	; case 2
  3081     013C  1903               	skipnz
  3082     013D  291F               	goto	l2033
  3083     013E  3A01               	xorlw	1	; case 3
  3084     013F  1903               	skipnz
  3085     0140  292A               	goto	l2039
  3086     0141  3A07               	xorlw	7	; case 4
  3087     0142  1903               	skipnz
  3088     0143  2909               	goto	l479
  3089     0144  2945               	goto	l466
  3090     0145                     l466:
  3091     0145  0008               	return
  3092     0146                     __end_of_process_command:
  3093                           
  3094                           	psect	text6
  3095     041A                     __ptext6:	
  3096 ;; *************** function _eeprom_write *****************
  3097 ;; Defined at:
  3098 ;;		line 46 in file "main.c"
  3099 ;; Parameters:    Size  Location     Type
  3100 ;;  addr            1    wreg     unsigned char 
  3101 ;;  data            1   13[BANK0 ] unsigned char 
  3102 ;; Auto vars:     Size  Location     Type
  3103 ;;  addr            1   14[BANK0 ] unsigned char 
  3104 ;; Return value:  Size  Location     Type
  3105 ;;                  1    wreg      void 
  3106 ;; Registers used:
  3107 ;;		wreg
  3108 ;; Tracked objects:
  3109 ;;		On entry : 0/0
  3110 ;;		On exit  : 0/0
  3111 ;;		Unchanged: 0/0
  3112 ;; Data sizes:     COMMON   BANK0   BANK1   BANK2   BANK3   BANK4   BANK5
  3113 ;;      Params:         0       1       0       0       0       0       0
  3114 ;;      Locals:         0       1       0       0       0       0       0
  3115 ;;      Temps:          0       0       0       0       0       0       0
  3116 ;;      Totals:         0       2       0       0       0       0       0
  3117 ;;Total ram usage:        2 bytes
  3118 ;; Hardware stack levels used: 1
  3119 ;; Hardware stack levels required when called: 5
  3120 ;; This function calls:
  3121 ;;		Nothing
  3122 ;; This function is called by:
  3123 ;;		_process_command
  3124 ;; This function uses a non-reentrant model
  3125 ;;
  3126                           
  3127     041A                     _eeprom_write:	
  3128                           ;psect for function _eeprom_write
  3129                           
  3130                           
  3131                           ;incstack = 0
  3132                           ; Regs used in _eeprom_write: [wreg]
  3133                           ;eeprom_write@addr stored from wreg
  3134     041A  0020               	movlb	0	; select bank0
  3135     041B  00AE               	movwf	eeprom_write@addr
  3136     041C                     l1835:
  3137                           
  3138                           ;main.c: 47:     EEADRL = addr;
  3139     041C  082E               	movf	eeprom_write@addr,w
  3140     041D  0023               	movlb	3	; select bank3
  3141     041E  0091               	movwf	17	;volatile
  3142                           
  3143                           ;main.c: 48:     EEDATL = data;
  3144     041F  0020               	movlb	0	; select bank0
  3145     0420  082D               	movf	eeprom_write@data,w
  3146     0421  0023               	movlb	3	; select bank3
  3147     0422  0093               	movwf	19	;volatile
  3148     0423                     l1837:
  3149                           
  3150                           ;main.c: 49:     EECON1bits.CFGS = 0;
  3151     0423  1315               	bcf	21,6	;volsfr
  3152     0424                     l1839:
  3153                           
  3154                           ;main.c: 50:     EECON1bits.WREN = 1;
  3155     0424  1515               	bsf	21,2	;volsfr
  3156     0425                     l1841:
  3157                           
  3158                           ;main.c: 51:     INTCONbits.GIE = 0;
  3159     0425  138B               	bcf	11,7	;volatile
  3160     0426                     l1843:
  3161                           
  3162                           ;main.c: 52:     EECON2 = 0x55;
  3163     0426  3055               	movlw	85
  3164     0427  0096               	movwf	22	;volsfr
  3165     0428                     l1845:
  3166                           
  3167                           ;main.c: 53:     EECON2 = 0xAA;
  3168     0428  30AA               	movlw	170
  3169     0429  0096               	movwf	22	;volsfr
  3170     042A                     l1847:
  3171                           
  3172                           ;main.c: 54:     EECON1bits.WR = 1;
  3173     042A  1495               	bsf	21,1	;volsfr
  3174     042B                     l1849:
  3175                           
  3176                           ;main.c: 55:     INTCONbits.GIE = 1;
  3177     042B  178B               	bsf	11,7	;volatile
  3178     042C                     l1851:
  3179                           
  3180                           ;main.c: 56:     EECON1bits.WREN = 0;
  3181     042C  1115               	bcf	21,2	;volsfr
  3182     042D                     l383:
  3183     042D  0008               	return
  3184     042E                     __end_of_eeprom_write:
  3185                           
  3186                           	psect	text7
  3187     04AC                     __ptext7:	
  3188 ;; *************** function _TMR1_Start *****************
  3189 ;; Defined at:
  3190 ;;		line 96 in file "mcc_generated_files/timer/src/tmr1.c"
  3191 ;; Parameters:    Size  Location     Type
  3192 ;;		None
  3193 ;; Auto vars:     Size  Location     Type
  3194 ;;		None
  3195 ;; Return value:  Size  Location     Type
  3196 ;;                  1    wreg      void 
  3197 ;; Registers used:
  3198 ;;		None
  3199 ;; Tracked objects:
  3200 ;;		On entry : 0/0
  3201 ;;		On exit  : 0/0
  3202 ;;		Unchanged: 0/0
  3203 ;; Data sizes:     COMMON   BANK0   BANK1   BANK2   BANK3   BANK4   BANK5
  3204 ;;      Params:         0       0       0       0       0       0       0
  3205 ;;      Locals:         0       0       0       0       0       0       0
  3206 ;;      Temps:          0       0       0       0       0       0       0
  3207 ;;      Totals:         0       0       0       0       0       0       0
  3208 ;;Total ram usage:        0 bytes
  3209 ;; Hardware stack levels used: 1
  3210 ;; Hardware stack levels required when called: 5
  3211 ;; This function calls:
  3212 ;;		Nothing
  3213 ;; This function is called by:
  3214 ;;		_process_command
  3215 ;;		_main
  3216 ;; This function uses a non-reentrant model
  3217 ;;
  3218                           
  3219     04AC                     _TMR1_Start:	
  3220                           ;psect for function _TMR1_Start
  3221                           
  3222     04AC                     l1819:	
  3223                           ;incstack = 0
  3224                           ; Regs used in _TMR1_Start: []
  3225                           
  3226                           
  3227                           ;mcc_generated_files/timer/src/tmr1.c: 98:     T1CONbits.TMR1ON = 1U;
  3228     04AC  0020               	movlb	0	; select bank0
  3229     04AD  1418               	bsf	24,0	;volatile
  3230     04AE                     l245:
  3231     04AE  0008               	return
  3232     04AF                     __end_of_TMR1_Start:
  3233                           
  3234                           	psect	text8
  3235     03D4                     __ptext8:	
  3236 ;; *************** function _TMR1_CounterSet *****************
  3237 ;; Defined at:
  3238 ;;		line 120 in file "mcc_generated_files/timer/src/tmr1.c"
  3239 ;; Parameters:    Size  Location     Type
  3240 ;;  timerVal        2   13[BANK0 ] unsigned short 
  3241 ;; Auto vars:     Size  Location     Type
  3242 ;;  onState         1   15[BANK0 ] _Bool 
  3243 ;; Return value:  Size  Location     Type
  3244 ;;                  1    wreg      void 
  3245 ;; Registers used:
  3246 ;;		wreg, status,2, status,0
  3247 ;; Tracked objects:
  3248 ;;		On entry : 0/0
  3249 ;;		On exit  : 0/0
  3250 ;;		Unchanged: 0/0
  3251 ;; Data sizes:     COMMON   BANK0   BANK1   BANK2   BANK3   BANK4   BANK5
  3252 ;;      Params:         0       2       0       0       0       0       0
  3253 ;;      Locals:         0       1       0       0       0       0       0
  3254 ;;      Temps:          0       0       0       0       0       0       0
  3255 ;;      Totals:         0       3       0       0       0       0       0
  3256 ;;Total ram usage:        3 bytes
  3257 ;; Hardware stack levels used: 1
  3258 ;; Hardware stack levels required when called: 5
  3259 ;; This function calls:
  3260 ;;		Nothing
  3261 ;; This function is called by:
  3262 ;;		_process_command
  3263 ;;		_main
  3264 ;;		_TMR1_Reload
  3265 ;; This function uses a non-reentrant model
  3266 ;;
  3267                           
  3268     03D4                     _TMR1_CounterSet:	
  3269                           ;psect for function _TMR1_CounterSet
  3270                           
  3271     03D4                     l1821:	
  3272                           ;incstack = 0
  3273                           ; Regs used in _TMR1_CounterSet: [wreg+status,2+status,0]
  3274                           
  3275                           
  3276                           ;mcc_generated_files/timer/src/tmr1.c: 120: void TMR1_CounterSet(uint16_t timerVal);mcc_
      +                          generated_files/timer/src/tmr1.c: 121: {;mcc_generated_files/timer/src/tmr1.c: 122:     
      +                          if (1U == T1CONbits.nT1SYNC)
  3277     03D4  0020               	movlb	0	; select bank0
  3278     03D5  1D18               	btfss	24,2	;volatile
  3279     03D6  2BD8               	goto	u761
  3280     03D7  2BD9               	goto	u760
  3281     03D8                     u761:
  3282     03D8  2BE7               	goto	l1831
  3283     03D9                     u760:
  3284     03D9                     l1823:
  3285                           
  3286                           ;mcc_generated_files/timer/src/tmr1.c: 123:     {;mcc_generated_files/timer/src/tmr1.c: 
      +                          124:      _Bool onState = T1CONbits.TMR1ON;
  3287     03D9  0818               	movf	24,w	;volatile
  3288     03DA  3901               	andlw	1
  3289     03DB  00AF               	movwf	TMR1_CounterSet@onState
  3290     03DC                     l1825:
  3291                           
  3292                           ;mcc_generated_files/timer/src/tmr1.c: 126:         T1CONbits.TMR1ON = 0U;
  3293     03DC  1018               	bcf	24,0	;volatile
  3294     03DD                     l1827:
  3295                           
  3296                           ;mcc_generated_files/timer/src/tmr1.c: 128:         TMR1H = (uint8_t)(timerVal >> 8U);
  3297     03DD  082E               	movf	TMR1_CounterSet@timerVal+1,w
  3298     03DE  0097               	movwf	23	;volatile
  3299     03DF                     l1829:
  3300                           
  3301                           ;mcc_generated_files/timer/src/tmr1.c: 129:         TMR1L = (uint8_t)timerVal;
  3302     03DF  082D               	movf	TMR1_CounterSet@timerVal,w
  3303     03E0  0096               	movwf	22	;volatile
  3304                           
  3305                           ;mcc_generated_files/timer/src/tmr1.c: 131:         T1CONbits.TMR1ON = onState;
  3306     03E1  0C2F               	rrf	TMR1_CounterSet@onState,w
  3307     03E2  1C03               	skipc
  3308     03E3  1018               	bcf	24,0	;volatile
  3309     03E4  1803               	skipnc
  3310     03E5  1418               	bsf	24,0	;volatile
  3311                           
  3312                           ;mcc_generated_files/timer/src/tmr1.c: 132:     }
  3313     03E6  2BEB               	goto	l256
  3314     03E7                     l1831:
  3315                           
  3316                           ;mcc_generated_files/timer/src/tmr1.c: 134:     {;mcc_generated_files/timer/src/tmr1.c: 
      +                          135:         TMR1H = (uint8_t)(timerVal >> 8U);
  3317     03E7  082E               	movf	TMR1_CounterSet@timerVal+1,w
  3318     03E8  0097               	movwf	23	;volatile
  3319     03E9                     l1833:
  3320                           
  3321                           ;mcc_generated_files/timer/src/tmr1.c: 136:         TMR1L = (uint8_t)timerVal;
  3322     03E9  082D               	movf	TMR1_CounterSet@timerVal,w
  3323     03EA  0096               	movwf	22	;volatile
  3324     03EB                     l256:
  3325     03EB  0008               	return
  3326     03EC                     __end_of_TMR1_CounterSet:
  3327                           
  3328                           	psect	text9
  3329     047A                     __ptext9:	
  3330 ;; *************** function _eeprom_read *****************
  3331 ;; Defined at:
  3332 ;;		line 39 in file "main.c"
  3333 ;; Parameters:    Size  Location     Type
  3334 ;;  addr            1    wreg     unsigned char 
  3335 ;; Auto vars:     Size  Location     Type
  3336 ;;  addr            1   13[BANK0 ] unsigned char 
  3337 ;; Return value:  Size  Location     Type
  3338 ;;                  1    wreg      unsigned char 
  3339 ;; Registers used:
  3340 ;;		wreg
  3341 ;; Tracked objects:
  3342 ;;		On entry : 0/0
  3343 ;;		On exit  : 0/0
  3344 ;;		Unchanged: 0/0
  3345 ;; Data sizes:     COMMON   BANK0   BANK1   BANK2   BANK3   BANK4   BANK5
  3346 ;;      Params:         0       0       0       0       0       0       0
  3347 ;;      Locals:         0       1       0       0       0       0       0
  3348 ;;      Temps:          0       0       0       0       0       0       0
  3349 ;;      Totals:         0       1       0       0       0       0       0
  3350 ;;Total ram usage:        1 bytes
  3351 ;; Hardware stack levels used: 1
  3352 ;; Hardware stack levels required when called: 5
  3353 ;; This function calls:
  3354 ;;		Nothing
  3355 ;; This function is called by:
  3356 ;;		_main
  3357 ;; This function uses a non-reentrant model
  3358 ;;
  3359                           
  3360     047A                     _eeprom_read:	
  3361                           ;psect for function _eeprom_read
  3362                           
  3363                           
  3364                           ;incstack = 0
  3365                           ; Regs used in _eeprom_read: [wreg]
  3366                           ;eeprom_read@addr stored from wreg
  3367     047A  0020               	movlb	0	; select bank0
  3368     047B  00AD               	movwf	eeprom_read@addr
  3369     047C                     l1931:
  3370                           
  3371                           ;main.c: 40:     EEADRL = addr;
  3372     047C  082D               	movf	eeprom_read@addr,w
  3373     047D  0023               	movlb	3	; select bank3
  3374     047E  0091               	movwf	17	;volatile
  3375     047F                     l1933:
  3376                           
  3377                           ;main.c: 41:     EECON1bits.CFGS = 0;
  3378     047F  1315               	bcf	21,6	;volsfr
  3379     0480                     l1935:
  3380                           
  3381                           ;main.c: 42:     EECON1bits.RD = 1;
  3382     0480  1415               	bsf	21,0	;volsfr
  3383                           
  3384                           ;main.c: 43:     return EEDATL;
  3385     0481  0813               	movf	19,w	;volatile
  3386     0482                     l380:
  3387     0482  0008               	return
  3388     0483                     __end_of_eeprom_read:
  3389                           
  3390                           	psect	text10
  3391     04AF                     __ptext10:	
  3392 ;; *************** function _TMR1_Stop *****************
  3393 ;; Defined at:
  3394 ;;		line 101 in file "mcc_generated_files/timer/src/tmr1.c"
  3395 ;; Parameters:    Size  Location     Type
  3396 ;;		None
  3397 ;; Auto vars:     Size  Location     Type
  3398 ;;		None
  3399 ;; Return value:  Size  Location     Type
  3400 ;;                  1    wreg      void 
  3401 ;; Registers used:
  3402 ;;		None
  3403 ;; Tracked objects:
  3404 ;;		On entry : 0/0
  3405 ;;		On exit  : 0/0
  3406 ;;		Unchanged: 0/0
  3407 ;; Data sizes:     COMMON   BANK0   BANK1   BANK2   BANK3   BANK4   BANK5
  3408 ;;      Params:         0       0       0       0       0       0       0
  3409 ;;      Locals:         0       0       0       0       0       0       0
  3410 ;;      Temps:          0       0       0       0       0       0       0
  3411 ;;      Totals:         0       0       0       0       0       0       0
  3412 ;;Total ram usage:        0 bytes
  3413 ;; Hardware stack levels used: 1
  3414 ;; Hardware stack levels required when called: 5
  3415 ;; This function calls:
  3416 ;;		Nothing
  3417 ;; This function is called by:
  3418 ;;		_main
  3419 ;; This function uses a non-reentrant model
  3420 ;;
  3421                           
  3422     04AF                     _TMR1_Stop:	
  3423                           ;psect for function _TMR1_Stop
  3424                           
  3425     04AF                     l1927:	
  3426                           ;incstack = 0
  3427                           ; Regs used in _TMR1_Stop: []
  3428                           
  3429                           
  3430                           ;mcc_generated_files/timer/src/tmr1.c: 103:     T1CONbits.TMR1ON = 0U;
  3431     04AF  0020               	movlb	0	; select bank0
  3432     04B0  1018               	bcf	24,0	;volatile
  3433     04B1                     l248:
  3434     04B1  0008               	return
  3435     04B2                     __end_of_TMR1_Stop:
  3436                           
  3437                           	psect	text11
  3438     049A                     __ptext11:	
  3439 ;; *************** function _TMR1_OverflowCallbackRegister *****************
  3440 ;; Defined at:
  3441 ;;		line 216 in file "mcc_generated_files/timer/src/tmr1.c"
  3442 ;; Parameters:    Size  Location     Type
  3443 ;;  CallbackHand    2   13[BANK0 ] PTR FTN()void 
  3444 ;;		 -> Timer1_TimeoutHandler(1), 
  3445 ;; Auto vars:     Size  Location     Type
  3446 ;;		None
  3447 ;; Return value:  Size  Location     Type
  3448 ;;                  1    wreg      void 
  3449 ;; Registers used:
  3450 ;;		wreg
  3451 ;; Tracked objects:
  3452 ;;		On entry : 0/0
  3453 ;;		On exit  : 0/0
  3454 ;;		Unchanged: 0/0
  3455 ;; Data sizes:     COMMON   BANK0   BANK1   BANK2   BANK3   BANK4   BANK5
  3456 ;;      Params:         0       2       0       0       0       0       0
  3457 ;;      Locals:         0       0       0       0       0       0       0
  3458 ;;      Temps:          0       0       0       0       0       0       0
  3459 ;;      Totals:         0       2       0       0       0       0       0
  3460 ;;Total ram usage:        2 bytes
  3461 ;; Hardware stack levels used: 1
  3462 ;; Hardware stack levels required when called: 5
  3463 ;; This function calls:
  3464 ;;		Nothing
  3465 ;; This function is called by:
  3466 ;;		_main
  3467 ;; This function uses a non-reentrant model
  3468 ;;
  3469                           
  3470     049A                     _TMR1_OverflowCallbackRegister:	
  3471                           ;psect for function _TMR1_OverflowCallbackRegister
  3472                           
  3473     049A                     l1929:	
  3474                           ;incstack = 0
  3475                           ; Regs used in _TMR1_OverflowCallbackRegister: [wreg]
  3476                           
  3477                           
  3478                           ;mcc_generated_files/timer/src/tmr1.c: 216: void TMR1_OverflowCallbackRegister(void (* C
      +                          allbackHandler)(void));mcc_generated_files/timer/src/tmr1.c: 217: {;mcc_generated_files/
      +                          timer/src/tmr1.c: 218:     TMR1_OverflowCallback = CallbackHandler;
  3479     049A  0020               	movlb	0	; select bank0
  3480     049B  082E               	movf	TMR1_OverflowCallbackRegister@CallbackHandler+1,w
  3481     049C  00CF               	movwf	_TMR1_OverflowCallback+1
  3482     049D  082D               	movf	TMR1_OverflowCallbackRegister@CallbackHandler,w
  3483     049E  00CE               	movwf	_TMR1_OverflowCallback
  3484     049F                     l298:
  3485     049F  0008               	return
  3486     04A0                     __end_of_TMR1_OverflowCallbackRegister:
  3487                           
  3488                           	psect	text12
  3489     043F                     __ptext12:	
  3490 ;; *************** function _SYSTEM_Initialize *****************
  3491 ;; Defined at:
  3492 ;;		line 39 in file "mcc_generated_files/system/src/system.c"
  3493 ;; Parameters:    Size  Location     Type
  3494 ;;		None
  3495 ;; Auto vars:     Size  Location     Type
  3496 ;;		None
  3497 ;; Return value:  Size  Location     Type
  3498 ;;                  1    wreg      void 
  3499 ;; Registers used:
  3500 ;;		wreg, status,2, status,0, pclath, cstack
  3501 ;; Tracked objects:
  3502 ;;		On entry : 0/0
  3503 ;;		On exit  : 0/0
  3504 ;;		Unchanged: 0/0
  3505 ;; Data sizes:     COMMON   BANK0   BANK1   BANK2   BANK3   BANK4   BANK5
  3506 ;;      Params:         0       0       0       0       0       0       0
  3507 ;;      Locals:         0       0       0       0       0       0       0
  3508 ;;      Temps:          0       0       0       0       0       0       0
  3509 ;;      Totals:         0       0       0       0       0       0       0
  3510 ;;Total ram usage:        0 bytes
  3511 ;; Hardware stack levels used: 1
  3512 ;; Hardware stack levels required when called: 7
  3513 ;; This function calls:
  3514 ;;		_ADC_Initialize
  3515 ;;		_CLOCK_Initialize
  3516 ;;		_INTERRUPT_Initialize
  3517 ;;		_PIN_MANAGER_Initialize
  3518 ;;		_TMR1_Initialize
  3519 ;; This function is called by:
  3520 ;;		_main
  3521 ;; This function uses a non-reentrant model
  3522 ;;
  3523                           
  3524     043F                     _SYSTEM_Initialize:	
  3525                           ;psect for function _SYSTEM_Initialize
  3526                           
  3527     043F                     l1921:	
  3528                           ;incstack = 0
  3529                           ; Regs used in _SYSTEM_Initialize: [wreg+status,2+status,0+pclath+cstack]
  3530                           
  3531                           
  3532                           ;mcc_generated_files/system/src/system.c: 41:     CLOCK_Initialize();
  3533     043F  3184  248C  3184   	fcall	_CLOCK_Initialize
  3534     0442                     l1923:
  3535                           
  3536                           ;mcc_generated_files/system/src/system.c: 42:     PIN_MANAGER_Initialize();
  3537     0442  3183  2334  3184   	fcall	_PIN_MANAGER_Initialize
  3538     0445                     l1925:
  3539                           
  3540                           ;mcc_generated_files/system/src/system.c: 43:     ADC_Initialize();
  3541     0445  3184  244F  3184   	fcall	_ADC_Initialize
  3542                           
  3543                           ;mcc_generated_files/system/src/system.c: 44:     TMR1_Initialize();
  3544     0448  3183  23A1  3184   	fcall	_TMR1_Initialize
  3545                           
  3546                           ;mcc_generated_files/system/src/system.c: 45:     INTERRUPT_Initialize();
  3547     044B  3184  246E  3184   	fcall	_INTERRUPT_Initialize
  3548     044E                     l149:
  3549     044E  0008               	return
  3550     044F                     __end_of_SYSTEM_Initialize:
  3551                           
  3552                           	psect	text13
  3553     03A1                     __ptext13:	
  3554 ;; *************** function _TMR1_Initialize *****************
  3555 ;; Defined at:
  3556 ;;		line 53 in file "mcc_generated_files/timer/src/tmr1.c"
  3557 ;; Parameters:    Size  Location     Type
  3558 ;;		None
  3559 ;; Auto vars:     Size  Location     Type
  3560 ;;		None
  3561 ;; Return value:  Size  Location     Type
  3562 ;;                  1    wreg      void 
  3563 ;; Registers used:
  3564 ;;		wreg, status,2
  3565 ;; Tracked objects:
  3566 ;;		On entry : 0/0
  3567 ;;		On exit  : 0/0
  3568 ;;		Unchanged: 0/0
  3569 ;; Data sizes:     COMMON   BANK0   BANK1   BANK2   BANK3   BANK4   BANK5
  3570 ;;      Params:         0       0       0       0       0       0       0
  3571 ;;      Locals:         0       0       0       0       0       0       0
  3572 ;;      Temps:          0       0       0       0       0       0       0
  3573 ;;      Totals:         0       0       0       0       0       0       0
  3574 ;;Total ram usage:        0 bytes
  3575 ;; Hardware stack levels used: 1
  3576 ;; Hardware stack levels required when called: 5
  3577 ;; This function calls:
  3578 ;;		Nothing
  3579 ;; This function is called by:
  3580 ;;		_SYSTEM_Initialize
  3581 ;; This function uses a non-reentrant model
  3582 ;;
  3583                           
  3584     03A1                     _TMR1_Initialize:	
  3585                           ;psect for function _TMR1_Initialize
  3586                           
  3587     03A1                     l1797:	
  3588                           ;incstack = 0
  3589                           ; Regs used in _TMR1_Initialize: [wreg+status,2]
  3590                           
  3591                           
  3592                           ;mcc_generated_files/timer/src/tmr1.c: 55:     T1CONbits.TMR1ON = 0U;
  3593     03A1  0020               	movlb	0	; select bank0
  3594     03A2  1018               	bcf	24,0	;volatile
  3595                           
  3596                           ;mcc_generated_files/timer/src/tmr1.c: 57:     TMR1H = 0xFF;
  3597     03A3  30FF               	movlw	255
  3598     03A4  0097               	movwf	23	;volatile
  3599                           
  3600                           ;mcc_generated_files/timer/src/tmr1.c: 58:     TMR1L = 0xFF;
  3601     03A5  30FF               	movlw	255
  3602     03A6  0096               	movwf	22	;volatile
  3603     03A7                     l1799:
  3604                           
  3605                           ;mcc_generated_files/timer/src/tmr1.c: 60:     timer1ReloadVal=((uint16_t)TMR1H << 8U) |
      +                           TMR1L;
  3606     03A7  0817               	movf	23,w	;volatile
  3607     03A8  00FC               	movwf	_timer1ReloadVal+1	;volatile
  3608     03A9  0816               	movf	22,w	;volatile
  3609     03AA  00FB               	movwf	_timer1ReloadVal	;volatile
  3610     03AB                     l1801:
  3611                           
  3612                           ;mcc_generated_files/timer/src/tmr1.c: 62:     T1GCON = (0 << 0x0)
  3613     03AB  0199               	clrf	25	;volatile
  3614     03AC                     l1803:
  3615                           
  3616                           ;mcc_generated_files/timer/src/tmr1.c: 68:     TMR1_OverflowCallback =TMR1_DefaultOverfl
      +                          owCallback;
  3617     03AC  30BC               	movlw	low _TMR1_DefaultOverflowCallback
  3618     03AD  00CE               	movwf	_TMR1_OverflowCallback
  3619     03AE  3004               	movlw	high _TMR1_DefaultOverflowCallback
  3620     03AF  00CF               	movwf	_TMR1_OverflowCallback+1
  3621     03B0                     l1805:
  3622                           
  3623                           ;mcc_generated_files/timer/src/tmr1.c: 69:     TMR1_GateCallback = TMR1_DefaultGateCallb
      +                          ack;
  3624     03B0  3000               	movlw	0
  3625     03B1  00CC               	movwf	_TMR1_GateCallback
  3626     03B2  3000               	movlw	0
  3627     03B3  00CD               	movwf	_TMR1_GateCallback+1
  3628     03B4                     l1807:
  3629                           
  3630                           ;mcc_generated_files/timer/src/tmr1.c: 71:  PIR1bits.TMR1IF = 0U;
  3631     03B4  1011               	bcf	17,0	;volatile
  3632     03B5                     l1809:
  3633                           
  3634                           ;mcc_generated_files/timer/src/tmr1.c: 72:  PIE1bits.TMR1IE = 1U;
  3635     03B5  0021               	movlb	1	; select bank1
  3636     03B6  1411               	bsf	17,0	;volatile
  3637     03B7                     l1811:
  3638                           
  3639                           ;mcc_generated_files/timer/src/tmr1.c: 74:     T1CON = (1 << 0x0)
  3640     03B7  3005               	movlw	5
  3641     03B8  0020               	movlb	0	; select bank0
  3642     03B9  0098               	movwf	24	;volatile
  3643     03BA                     l239:
  3644     03BA  0008               	return
  3645     03BB                     __end_of_TMR1_Initialize:
  3646                           
  3647                           	psect	text14
  3648     0334                     __ptext14:	
  3649 ;; *************** function _PIN_MANAGER_Initialize *****************
  3650 ;; Defined at:
  3651 ;;		line 39 in file "mcc_generated_files/system/src/pins.c"
  3652 ;; Parameters:    Size  Location     Type
  3653 ;;		None
  3654 ;; Auto vars:     Size  Location     Type
  3655 ;;		None
  3656 ;; Return value:  Size  Location     Type
  3657 ;;                  1    wreg      void 
  3658 ;; Registers used:
  3659 ;;		wreg, status,2, status,0, pclath, cstack
  3660 ;; Tracked objects:
  3661 ;;		On entry : 0/0
  3662 ;;		On exit  : 0/0
  3663 ;;		Unchanged: 0/0
  3664 ;; Data sizes:     COMMON   BANK0   BANK1   BANK2   BANK3   BANK4   BANK5
  3665 ;;      Params:         0       0       0       0       0       0       0
  3666 ;;      Locals:         0       0       0       0       0       0       0
  3667 ;;      Temps:          0       0       0       0       0       0       0
  3668 ;;      Totals:         0       0       0       0       0       0       0
  3669 ;;Total ram usage:        0 bytes
  3670 ;; Hardware stack levels used: 1
  3671 ;; Hardware stack levels required when called: 6
  3672 ;; This function calls:
  3673 ;;		_DATA_IN_SetInterruptHandler
  3674 ;; This function is called by:
  3675 ;;		_SYSTEM_Initialize
  3676 ;; This function uses a non-reentrant model
  3677 ;;
  3678                           
  3679     0334                     _PIN_MANAGER_Initialize:	
  3680                           ;psect for function _PIN_MANAGER_Initialize
  3681                           
  3682     0334                     l1767:	
  3683                           ;incstack = 0
  3684                           ; Regs used in _PIN_MANAGER_Initialize: [wreg+status,2+status,0+pclath+cstack]
  3685                           
  3686                           
  3687                           ;mcc_generated_files/system/src/pins.c: 44:     LATA = 0x0;
  3688     0334  0022               	movlb	2	; select bank2
  3689     0335  018C               	clrf	12	;volatile
  3690                           
  3691                           ;mcc_generated_files/system/src/pins.c: 45:     LATB = 0x0;
  3692     0336  018D               	clrf	13	;volatile
  3693                           
  3694                           ;mcc_generated_files/system/src/pins.c: 46:     LATC = 0x0;
  3695     0337  018E               	clrf	14	;volatile
  3696     0338                     l1769:
  3697                           
  3698                           ;mcc_generated_files/system/src/pins.c: 47:     LATE = 0x8;
  3699     0338  3008               	movlw	8
  3700     0339  0090               	movwf	16	;volatile
  3701     033A                     l1771:
  3702                           
  3703                           ;mcc_generated_files/system/src/pins.c: 52:     TRISA = 0xF7;
  3704     033A  30F7               	movlw	247
  3705     033B  0021               	movlb	1	; select bank1
  3706     033C  008C               	movwf	12	;volatile
  3707     033D                     l1773:
  3708                           
  3709                           ;mcc_generated_files/system/src/pins.c: 53:     TRISB = 0x7F;
  3710     033D  307F               	movlw	127
  3711     033E  008D               	movwf	13	;volatile
  3712     033F                     l1775:
  3713                           
  3714                           ;mcc_generated_files/system/src/pins.c: 54:     TRISC = 0xF;
  3715     033F  300F               	movlw	15
  3716     0340  008E               	movwf	14	;volatile
  3717     0341                     l1777:
  3718                           
  3719                           ;mcc_generated_files/system/src/pins.c: 55:     TRISE = 0x8;
  3720     0341  3008               	movlw	8
  3721     0342  0090               	movwf	16	;volatile
  3722     0343                     l1779:
  3723                           
  3724                           ;mcc_generated_files/system/src/pins.c: 60:     ANSELA = 0x37;
  3725     0343  3037               	movlw	55
  3726     0344  0023               	movlb	3	; select bank3
  3727     0345  008C               	movwf	12	;volatile
  3728     0346                     l1781:
  3729                           
  3730                           ;mcc_generated_files/system/src/pins.c: 61:     ANSELB = 0x16;
  3731     0346  3016               	movlw	22
  3732     0347  008D               	movwf	13	;volatile
  3733     0348                     l1783:
  3734                           
  3735                           ;mcc_generated_files/system/src/pins.c: 66:     WPUB = 0x10;
  3736     0348  3010               	movlw	16
  3737     0349  0024               	movlb	4	; select bank4
  3738     034A  008D               	movwf	13	;volatile
  3739     034B                     l1785:
  3740                           
  3741                           ;mcc_generated_files/system/src/pins.c: 67:     WPUE = 0x8;
  3742     034B  3008               	movlw	8
  3743     034C  0090               	movwf	16	;volatile
  3744     034D                     l1787:
  3745                           
  3746                           ;mcc_generated_files/system/src/pins.c: 68:     OPTION_REGbits.nWPUEN = 0x0;
  3747     034D  0021               	movlb	1	; select bank1
  3748     034E  1395               	bcf	21,7	;volatile
  3749     034F                     l1789:
  3750                           
  3751                           ;mcc_generated_files/system/src/pins.c: 92:     IOCBP = 0x1;
  3752     034F  3001               	movlw	1
  3753     0350  0027               	movlb	7	; select bank7
  3754     0351  0094               	movwf	20	;volatile
  3755     0352                     l1791:
  3756                           
  3757                           ;mcc_generated_files/system/src/pins.c: 93:     IOCBN = 0x1;
  3758     0352  3001               	movlw	1
  3759     0353  0095               	movwf	21	;volatile
  3760                           
  3761                           ;mcc_generated_files/system/src/pins.c: 94:     IOCBF = 0x0;
  3762     0354  0196               	clrf	22	;volatile
  3763     0355                     l1793:
  3764                           
  3765                           ;mcc_generated_files/system/src/pins.c: 96:     DATA_IN_SetInterruptHandler(DATA_IN_Defa
      +                          ultInterruptHandler);
  3766     0355  30BD               	movlw	low _DATA_IN_DefaultInterruptHandler
  3767     0356  0020               	movlb	0	; select bank0
  3768     0357  00AD               	movwf	DATA_IN_SetInterruptHandler@InterruptHandler
  3769     0358  3004               	movlw	high _DATA_IN_DefaultInterruptHandler
  3770     0359  00AE               	movwf	DATA_IN_SetInterruptHandler@InterruptHandler+1
  3771     035A  3184  24A0  3183   	fcall	_DATA_IN_SetInterruptHandler
  3772     035D                     l1795:
  3773                           
  3774                           ;mcc_generated_files/system/src/pins.c: 99:     INTCONbits.IOCIE = 1;
  3775     035D  158B               	bsf	11,3	;volatile
  3776     035E                     l196:
  3777     035E  0008               	return
  3778     035F                     __end_of_PIN_MANAGER_Initialize:
  3779                           
  3780                           	psect	text15
  3781     04A0                     __ptext15:	
  3782 ;; *************** function _DATA_IN_SetInterruptHandler *****************
  3783 ;; Defined at:
  3784 ;;		line 129 in file "mcc_generated_files/system/src/pins.c"
  3785 ;; Parameters:    Size  Location     Type
  3786 ;;  InterruptHan    2   13[BANK0 ] PTR FTN()void 
  3787 ;;		 -> protocol_on_bus_change(1), DATA_IN_DefaultInterruptHandler(1), 
  3788 ;; Auto vars:     Size  Location     Type
  3789 ;;		None
  3790 ;; Return value:  Size  Location     Type
  3791 ;;                  1    wreg      void 
  3792 ;; Registers used:
  3793 ;;		wreg
  3794 ;; Tracked objects:
  3795 ;;		On entry : 0/0
  3796 ;;		On exit  : 0/0
  3797 ;;		Unchanged: 0/0
  3798 ;; Data sizes:     COMMON   BANK0   BANK1   BANK2   BANK3   BANK4   BANK5
  3799 ;;      Params:         0       2       0       0       0       0       0
  3800 ;;      Locals:         0       0       0       0       0       0       0
  3801 ;;      Temps:          0       0       0       0       0       0       0
  3802 ;;      Totals:         0       2       0       0       0       0       0
  3803 ;;Total ram usage:        2 bytes
  3804 ;; Hardware stack levels used: 1
  3805 ;; Hardware stack levels required when called: 5
  3806 ;; This function calls:
  3807 ;;		Nothing
  3808 ;; This function is called by:
  3809 ;;		_PIN_MANAGER_Initialize
  3810 ;;		_main
  3811 ;; This function uses a non-reentrant model
  3812 ;;
  3813                           
  3814     04A0                     _DATA_IN_SetInterruptHandler:	
  3815                           ;psect for function _DATA_IN_SetInterruptHandler
  3816                           
  3817     04A0                     l1687:	
  3818                           ;incstack = 0
  3819                           ; Regs used in _DATA_IN_SetInterruptHandler: [wreg]
  3820                           
  3821                           
  3822                           ;mcc_generated_files/system/src/pins.c: 130:     DATA_IN_InterruptHandler = InterruptHan
      +                          dler;
  3823     04A0  0020               	movlb	0	; select bank0
  3824     04A1  082E               	movf	DATA_IN_SetInterruptHandler@InterruptHandler+1,w
  3825     04A2  00D1               	movwf	_DATA_IN_InterruptHandler+1
  3826     04A3  082D               	movf	DATA_IN_SetInterruptHandler@InterruptHandler,w
  3827     04A4  00D0               	movwf	_DATA_IN_InterruptHandler
  3828     04A5                     l207:
  3829     04A5  0008               	return
  3830     04A6                     __end_of_DATA_IN_SetInterruptHandler:
  3831                           
  3832                           	psect	text16
  3833     046E                     __ptext16:	
  3834 ;; *************** function _INTERRUPT_Initialize *****************
  3835 ;; Defined at:
  3836 ;;		line 40 in file "mcc_generated_files/system/src/interrupt.c"
  3837 ;; Parameters:    Size  Location     Type
  3838 ;;		None
  3839 ;; Auto vars:     Size  Location     Type
  3840 ;;		None
  3841 ;; Return value:  Size  Location     Type
  3842 ;;                  1    wreg      void 
  3843 ;; Registers used:
  3844 ;;		wreg, status,2, status,0, pclath, cstack
  3845 ;; Tracked objects:
  3846 ;;		On entry : 0/0
  3847 ;;		On exit  : 0/0
  3848 ;;		Unchanged: 0/0
  3849 ;; Data sizes:     COMMON   BANK0   BANK1   BANK2   BANK3   BANK4   BANK5
  3850 ;;      Params:         0       0       0       0       0       0       0
  3851 ;;      Locals:         0       0       0       0       0       0       0
  3852 ;;      Temps:          0       0       0       0       0       0       0
  3853 ;;      Totals:         0       0       0       0       0       0       0
  3854 ;;Total ram usage:        0 bytes
  3855 ;; Hardware stack levels used: 1
  3856 ;; Hardware stack levels required when called: 6
  3857 ;; This function calls:
  3858 ;;		_INT_SetInterruptHandler
  3859 ;; This function is called by:
  3860 ;;		_SYSTEM_Initialize
  3861 ;; This function uses a non-reentrant model
  3862 ;;
  3863                           
  3864     046E                     _INTERRUPT_Initialize:	
  3865                           ;psect for function _INTERRUPT_Initialize
  3866                           
  3867     046E                     l1759:	
  3868                           ;incstack = 0
  3869                           ; Regs used in _INTERRUPT_Initialize: [wreg+status,2+status,0+pclath+cstack]
  3870                           
  3871                           
  3872                           ;mcc_generated_files/system/src/interrupt.c: 44:     (INTCONbits.INTF = 0);
  3873     046E  108B               	bcf	11,1	;volatile
  3874                           
  3875                           ;mcc_generated_files/system/src/interrupt.c: 45:     (OPTION_REGbits.INTEDG = 1);
  3876     046F  0021               	movlb	1	; select bank1
  3877     0470  1715               	bsf	21,6	;volatile
  3878     0471                     l1761:
  3879                           
  3880                           ;mcc_generated_files/system/src/interrupt.c: 47:     INT_SetInterruptHandler(INT_Default
      +                          InterruptHandler);
  3881     0471  3000               	movlw	0
  3882     0472  0020               	movlb	0	; select bank0
  3883     0473  00AD               	movwf	INT_SetInterruptHandler@InterruptHandler
  3884     0474  3000               	movlw	0
  3885     0475  00AE               	movwf	INT_SetInterruptHandler@InterruptHandler+1
  3886     0476  3184  24A6  3184   	fcall	_INT_SetInterruptHandler
  3887     0479                     l102:
  3888     0479  0008               	return
  3889     047A                     __end_of_INTERRUPT_Initialize:
  3890                           
  3891                           	psect	text17
  3892     04A6                     __ptext17:	
  3893 ;; *************** function _INT_SetInterruptHandler *****************
  3894 ;; Defined at:
  3895 ;;		line 105 in file "mcc_generated_files/system/src/interrupt.c"
  3896 ;; Parameters:    Size  Location     Type
  3897 ;;  InterruptHan    2   13[BANK0 ] PTR FTN()void 
  3898 ;;		 -> INT_DefaultInterruptHandler(1), 
  3899 ;; Auto vars:     Size  Location     Type
  3900 ;;		None
  3901 ;; Return value:  Size  Location     Type
  3902 ;;                  1    wreg      void 
  3903 ;; Registers used:
  3904 ;;		wreg
  3905 ;; Tracked objects:
  3906 ;;		On entry : 0/0
  3907 ;;		On exit  : 0/0
  3908 ;;		Unchanged: 0/0
  3909 ;; Data sizes:     COMMON   BANK0   BANK1   BANK2   BANK3   BANK4   BANK5
  3910 ;;      Params:         0       2       0       0       0       0       0
  3911 ;;      Locals:         0       0       0       0       0       0       0
  3912 ;;      Temps:          0       0       0       0       0       0       0
  3913 ;;      Totals:         0       2       0       0       0       0       0
  3914 ;;Total ram usage:        2 bytes
  3915 ;; Hardware stack levels used: 1
  3916 ;; Hardware stack levels required when called: 5
  3917 ;; This function calls:
  3918 ;;		Nothing
  3919 ;; This function is called by:
  3920 ;;		_INTERRUPT_Initialize
  3921 ;; This function uses a non-reentrant model
  3922 ;;
  3923                           
  3924     04A6                     _INT_SetInterruptHandler:	
  3925                           ;psect for function _INT_SetInterruptHandler
  3926                           
  3927     04A6                     l1685:	
  3928                           ;incstack = 0
  3929                           ; Regs used in _INT_SetInterruptHandler: [wreg]
  3930                           
  3931                           
  3932                           ;mcc_generated_files/system/src/interrupt.c: 106:     INT_InterruptHandler = InterruptHa
      +                          ndler;
  3933     04A6  0020               	movlb	0	; select bank0
  3934     04A7  082E               	movf	INT_SetInterruptHandler@InterruptHandler+1,w
  3935     04A8  00D3               	movwf	_INT_InterruptHandler+1
  3936     04A9  082D               	movf	INT_SetInterruptHandler@InterruptHandler,w
  3937     04AA  00D2               	movwf	_INT_InterruptHandler
  3938     04AB                     l124:
  3939     04AB  0008               	return
  3940     04AC                     __end_of_INT_SetInterruptHandler:
  3941                           
  3942                           	psect	text18
  3943     048C                     __ptext18:	
  3944 ;; *************** function _CLOCK_Initialize *****************
  3945 ;; Defined at:
  3946 ;;		line 39 in file "mcc_generated_files/system/src/clock.c"
  3947 ;; Parameters:    Size  Location     Type
  3948 ;;		None
  3949 ;; Auto vars:     Size  Location     Type
  3950 ;;		None
  3951 ;; Return value:  Size  Location     Type
  3952 ;;                  1    wreg      void 
  3953 ;; Registers used:
  3954 ;;		status,2
  3955 ;; Tracked objects:
  3956 ;;		On entry : 0/0
  3957 ;;		On exit  : 0/0
  3958 ;;		Unchanged: 0/0
  3959 ;; Data sizes:     COMMON   BANK0   BANK1   BANK2   BANK3   BANK4   BANK5
  3960 ;;      Params:         0       0       0       0       0       0       0
  3961 ;;      Locals:         0       0       0       0       0       0       0
  3962 ;;      Temps:          0       0       0       0       0       0       0
  3963 ;;      Totals:         0       0       0       0       0       0       0
  3964 ;;Total ram usage:        0 bytes
  3965 ;; Hardware stack levels used: 1
  3966 ;; Hardware stack levels required when called: 5
  3967 ;; This function calls:
  3968 ;;		Nothing
  3969 ;; This function is called by:
  3970 ;;		_SYSTEM_Initialize
  3971 ;; This function uses a non-reentrant model
  3972 ;;
  3973                           
  3974     048C                     _CLOCK_Initialize:	
  3975                           ;psect for function _CLOCK_Initialize
  3976                           
  3977     048C                     l1763:	
  3978                           ;incstack = 0
  3979                           ; Regs used in _CLOCK_Initialize: [status,2]
  3980                           
  3981                           
  3982                           ;mcc_generated_files/system/src/clock.c: 41:     OSCCON = (15 << 0x3)
  3983     048C  3078               	movlw	120
  3984     048D  0021               	movlb	1	; select bank1
  3985     048E  0099               	movwf	25	;volatile
  3986     048F                     l1765:
  3987                           
  3988                           ;mcc_generated_files/system/src/clock.c: 44:     BORCON = (0 << 0x7);
  3989     048F  0022               	movlb	2	; select bank2
  3990     0490  0196               	clrf	22	;volatile
  3991                           
  3992                           ;mcc_generated_files/system/src/clock.c: 45:     OSCTUNE = (0 << 0x0);
  3993     0491  0021               	movlb	1	; select bank1
  3994     0492  0198               	clrf	24	;volatile
  3995     0493                     l136:
  3996     0493  0008               	return
  3997     0494                     __end_of_CLOCK_Initialize:
  3998                           
  3999                           	psect	text19
  4000     044F                     __ptext19:	
  4001 ;; *************** function _ADC_Initialize *****************
  4002 ;; Defined at:
  4003 ;;		line 47 in file "mcc_generated_files/adc/src/adc.c"
  4004 ;; Parameters:    Size  Location     Type
  4005 ;;		None
  4006 ;; Auto vars:     Size  Location     Type
  4007 ;;		None
  4008 ;; Return value:  Size  Location     Type
  4009 ;;                  1    wreg      void 
  4010 ;; Registers used:
  4011 ;;		status,2
  4012 ;; Tracked objects:
  4013 ;;		On entry : 0/0
  4014 ;;		On exit  : 0/0
  4015 ;;		Unchanged: 0/0
  4016 ;; Data sizes:     COMMON   BANK0   BANK1   BANK2   BANK3   BANK4   BANK5
  4017 ;;      Params:         0       0       0       0       0       0       0
  4018 ;;      Locals:         0       0       0       0       0       0       0
  4019 ;;      Temps:          0       0       0       0       0       0       0
  4020 ;;      Totals:         0       0       0       0       0       0       0
  4021 ;;Total ram usage:        0 bytes
  4022 ;; Hardware stack levels used: 1
  4023 ;; Hardware stack levels required when called: 5
  4024 ;; This function calls:
  4025 ;;		Nothing
  4026 ;; This function is called by:
  4027 ;;		_SYSTEM_Initialize
  4028 ;; This function uses a non-reentrant model
  4029 ;;
  4030                           
  4031     044F                     _ADC_Initialize:	
  4032                           ;psect for function _ADC_Initialize
  4033                           
  4034     044F                     l1749:	
  4035                           ;incstack = 0
  4036                           ; Regs used in _ADC_Initialize: [status,2]
  4037                           
  4038                           
  4039                           ;mcc_generated_files/adc/src/adc.c: 49:     ADCON0bits.ADON = 0U;
  4040     044F  0021               	movlb	1	; select bank1
  4041     0450  101D               	bcf	29,0	;volatile
  4042                           
  4043                           ;mcc_generated_files/adc/src/adc.c: 50:     ADCON0 = (1 << 0x0)
  4044     0451  3001               	movlw	1
  4045     0452  009D               	movwf	29	;volatile
  4046     0453                     l1751:
  4047                           
  4048                           ;mcc_generated_files/adc/src/adc.c: 53:     ADCON1 = (0 << 0x0)
  4049     0453  019E               	clrf	30	;volatile
  4050                           
  4051                           ;mcc_generated_files/adc/src/adc.c: 57:     ADRESH = (0 << 0x0);
  4052     0454  019C               	clrf	28	;volatile
  4053                           
  4054                           ;mcc_generated_files/adc/src/adc.c: 58:     ADRESL = (0 << 0x0);
  4055     0455  019B               	clrf	27	;volatile
  4056                           
  4057                           ;mcc_generated_files/adc/src/adc.c: 59:     ADC_ConversionDoneCallback = ((void*)0);
  4058     0456  0020               	movlb	0	; select bank0
  4059     0457  01BF               	clrf	_ADC_ConversionDoneCallback
  4060     0458  01C0               	clrf	_ADC_ConversionDoneCallback+1
  4061     0459                     l1753:
  4062                           
  4063                           ;mcc_generated_files/adc/src/adc.c: 60:     PIR1bits.ADIF = 0U;
  4064     0459  1311               	bcf	17,6	;volatile
  4065     045A                     l1755:
  4066                           
  4067                           ;mcc_generated_files/adc/src/adc.c: 61:     PIE1bits.ADIE = 0U;
  4068     045A  0021               	movlb	1	; select bank1
  4069     045B  1311               	bcf	17,6	;volatile
  4070     045C                     l1757:
  4071                           
  4072                           ;mcc_generated_files/adc/src/adc.c: 62:     ADCON0 = (1 << 0x0)
  4073     045C  3001               	movlw	1
  4074     045D  009D               	movwf	29	;volatile
  4075     045E                     l21:
  4076     045E  0008               	return
  4077     045F                     __end_of_ADC_Initialize:
  4078                           
  4079                           	psect	intentry
  4080     0004                     __pintentry:	
  4081 ;; *************** function _INTERRUPT_InterruptManager *****************
  4082 ;; Defined at:
  4083 ;;		line 59 in file "mcc_generated_files/system/src/interrupt.c"
  4084 ;; Parameters:    Size  Location     Type
  4085 ;;		None
  4086 ;; Auto vars:     Size  Location     Type
  4087 ;;		None
  4088 ;; Return value:  Size  Location     Type
  4089 ;;                  1    wreg      void 
  4090 ;; Registers used:
  4091 ;;		wreg, status,2, status,0, pclath, cstack
  4092 ;; Tracked objects:
  4093 ;;		On entry : 0/0
  4094 ;;		On exit  : 0/0
  4095 ;;		Unchanged: 0/0
  4096 ;; Data sizes:     COMMON   BANK0   BANK1   BANK2   BANK3   BANK4   BANK5
  4097 ;;      Params:         0       0       0       0       0       0       0
  4098 ;;      Locals:         0       0       0       0       0       0       0
  4099 ;;      Temps:          0       0       0       0       0       0       0
  4100 ;;      Totals:         0       0       0       0       0       0       0
  4101 ;;Total ram usage:        0 bytes
  4102 ;; Hardware stack levels used: 1
  4103 ;; Hardware stack levels required when called: 4
  4104 ;; This function calls:
  4105 ;;		_ADC_ISR
  4106 ;;		_PIN_MANAGER_IOC
  4107 ;;		_TMR1_OverflowISR
  4108 ;; This function is called by:
  4109 ;;		Interrupt level 1
  4110 ;; This function uses a non-reentrant model
  4111 ;;
  4112                           
  4113     0004                     _INTERRUPT_InterruptManager:
  4114                           
  4115                           ;incstack = 0
  4116     0004  147E               	bsf	int$flags,0	;set compiler interrupt flag (level 1)
  4117                           
  4118                           ; Regs used in _INTERRUPT_InterruptManager: [wreg+status,2+status,0+pclath+cstack]
  4119     0005  3180               	pagesel	$
  4120     0006  3000               	movlw	low ___int_sp
  4121     0007  0086               	movwf	6
  4122     0008  3000               	movlw	high ___int_sp
  4123     0009  0087               	movwf	7
  4124     000A                     i1l2055:
  4125                           
  4126                           ;mcc_generated_files/system/src/interrupt.c: 62:     if(INTCONbits.PEIE == 1)
  4127     000A  1F0B               	btfss	11,6	;volatile
  4128     000B  280D               	goto	u103_21
  4129     000C  280E               	goto	u103_20
  4130     000D                     u103_21:
  4131     000D  2829               	goto	i1l112
  4132     000E                     u103_20:
  4133     000E                     i1l2057:
  4134                           
  4135                           ;mcc_generated_files/system/src/interrupt.c: 63:     {;mcc_generated_files/system/src/in
      +                          terrupt.c: 64:         if(PIE1bits.TMR1IE == 1 && PIR1bits.TMR1IF == 1)
  4136     000E  0021               	movlb	1	; select bank1
  4137     000F  1C11               	btfss	17,0	;volatile
  4138     0010  2812               	goto	u104_21
  4139     0011  2813               	goto	u104_20
  4140     0012                     u104_21:
  4141     0012  281C               	goto	i1l108
  4142     0013                     u104_20:
  4143     0013                     i1l2059:
  4144     0013  0020               	movlb	0	; select bank0
  4145     0014  1C11               	btfss	17,0	;volatile
  4146     0015  2817               	goto	u105_21
  4147     0016  2818               	goto	u105_20
  4148     0017                     u105_21:
  4149     0017  281C               	goto	i1l108
  4150     0018                     u105_20:
  4151     0018                     i1l2061:
  4152                           
  4153                           ;mcc_generated_files/system/src/interrupt.c: 65:         {;mcc_generated_files/system/sr
      +                          c/interrupt.c: 66:             TMR1_OverflowISR();
  4154     0018  3184  2404  3180   	fcall	_TMR1_OverflowISR
  4155                           
  4156                           ;mcc_generated_files/system/src/interrupt.c: 67:         }
  4157     001B  2829               	goto	i1l112
  4158     001C                     i1l108:	
  4159                           ;mcc_generated_files/system/src/interrupt.c: 68:         else if(PIE1bits.ADIE == 1 && P
      +                          IR1bits.ADIF == 1)
  4160                           
  4161     001C  0021               	movlb	1	; select bank1
  4162     001D  1F11               	btfss	17,6	;volatile
  4163     001E  2820               	goto	u106_21
  4164     001F  2821               	goto	u106_20
  4165     0020                     u106_21:
  4166     0020  2829               	goto	i1l112
  4167     0021                     u106_20:
  4168     0021                     i1l2063:
  4169     0021  0020               	movlb	0	; select bank0
  4170     0022  1F11               	btfss	17,6	;volatile
  4171     0023  2825               	goto	u107_21
  4172     0024  2826               	goto	u107_20
  4173     0025                     u107_21:
  4174     0025  2829               	goto	i1l112
  4175     0026                     u107_20:
  4176     0026                     i1l2065:
  4177                           
  4178                           ;mcc_generated_files/system/src/interrupt.c: 69:         {;mcc_generated_files/system/sr
      +                          c/interrupt.c: 70:             ADC_ISR();
  4179     0026  3184  24B8  3180   	fcall	_ADC_ISR
  4180     0029                     i1l112:	
  4181                           ;mcc_generated_files/system/src/interrupt.c: 78:     {;mcc_generated_files/system/src/in
      +                          terrupt.c: 80:     }
  4182                           
  4183                           
  4184                           ;mcc_generated_files/system/src/interrupt.c: 81: if (INTCONbits.IOCIF) {
  4185     0029  1C0B               	btfss	11,0	;volatile
  4186     002A  282C               	goto	u108_21
  4187     002B  282D               	goto	u108_20
  4188     002C                     u108_21:
  4189     002C  2831               	goto	i1l114
  4190     002D                     u108_20:
  4191     002D                     i1l2067:
  4192                           
  4193                           ;mcc_generated_files/system/src/interrupt.c: 82:     PIN_MANAGER_IOC();
  4194     002D  3184  2483  3180   	fcall	_PIN_MANAGER_IOC
  4195     0030                     i1l2069:
  4196                           
  4197                           ;mcc_generated_files/system/src/interrupt.c: 83:     INTCONbits.IOCIF = 0;
  4198     0030  100B               	bcf	11,0	;volatile
  4199     0031                     i1l114:
  4200     0031  107E               	bcf	int$flags,0	;clear compiler interrupt flag (level 1)
  4201     0032  0009               	retfie
  4202     0033                     __end_of_INTERRUPT_InterruptManager:
  4203                           
  4204                           	psect	text21
  4205     0404                     __ptext21:	
  4206 ;; *************** function _TMR1_OverflowISR *****************
  4207 ;; Defined at:
  4208 ;;		line 203 in file "mcc_generated_files/timer/src/tmr1.c"
  4209 ;; Parameters:    Size  Location     Type
  4210 ;;		None
  4211 ;; Auto vars:     Size  Location     Type
  4212 ;;		None
  4213 ;; Return value:  Size  Location     Type
  4214 ;;                  1    wreg      void 
  4215 ;; Registers used:
  4216 ;;		wreg, status,2, status,0, pclath, cstack
  4217 ;; Tracked objects:
  4218 ;;		On entry : 0/0
  4219 ;;		On exit  : 0/0
  4220 ;;		Unchanged: 0/0
  4221 ;; Data sizes:     COMMON   BANK0   BANK1   BANK2   BANK3   BANK4   BANK5
  4222 ;;      Params:         0       0       0       0       0       0       0
  4223 ;;      Locals:         0       0       0       0       0       0       0
  4224 ;;      Temps:          0       0       0       0       0       0       0
  4225 ;;      Totals:         0       0       0       0       0       0       0
  4226 ;;Total ram usage:        0 bytes
  4227 ;; Hardware stack levels used: 1
  4228 ;; Hardware stack levels required when called: 2
  4229 ;; This function calls:
  4230 ;;		NULL
  4231 ;;		_TMR1_DefaultOverflowCallback
  4232 ;;		_Timer1_TimeoutHandler
  4233 ;;		i1_TMR1_CounterSet
  4234 ;; This function is called by:
  4235 ;;		_INTERRUPT_InterruptManager
  4236 ;; This function uses a non-reentrant model
  4237 ;;
  4238                           
  4239     0404                     _TMR1_OverflowISR:	
  4240                           ;psect for function _TMR1_OverflowISR
  4241                           
  4242     0404                     i1l1909:	
  4243                           ;incstack = 0
  4244                           ; Regs used in _TMR1_OverflowISR: [wreg+status,2+status,0+pclath+cstack]
  4245                           
  4246                           
  4247                           ;mcc_generated_files/timer/src/tmr1.c: 206:     TMR1_CounterSet(timer1ReloadVal);
  4248     0404  087C               	movf	_timer1ReloadVal+1,w	;volatile
  4249     0405  00F1               	movwf	i1TMR1_CounterSet@timerVal+1
  4250     0406  087B               	movf	_timer1ReloadVal,w	;volatile
  4251     0407  00F0               	movwf	i1TMR1_CounterSet@timerVal
  4252     0408  3183  23EC  3184   	fcall	i1_TMR1_CounterSet
  4253     040B                     i1l1911:
  4254                           
  4255                           ;mcc_generated_files/timer/src/tmr1.c: 208:     if(((void*)0) != TMR1_OverflowCallback)
  4256     040B  0020               	movlb	0	; select bank0
  4257     040C  084E               	movf	_TMR1_OverflowCallback,w
  4258     040D  044F               	iorwf	_TMR1_OverflowCallback+1,w
  4259     040E  1903               	btfsc	3,2
  4260     040F  2C11               	goto	u84_21
  4261     0410  2C12               	goto	u84_20
  4262     0411                     u84_21:
  4263     0411  2C17               	goto	i1l1915
  4264     0412                     u84_20:
  4265     0412                     i1l1913:
  4266                           
  4267                           ;mcc_generated_files/timer/src/tmr1.c: 209:     {;mcc_generated_files/timer/src/tmr1.c: 
      +                          210:   TMR1_OverflowCallback();
  4268     0412  084F               	movf	_TMR1_OverflowCallback+1,w
  4269     0413  008A               	movwf	10
  4270     0414  084E               	movf	_TMR1_OverflowCallback,w
  4271     0415  000A               	callw
  4272     0416  3184               	pagesel	$
  4273     0417                     i1l1915:
  4274                           
  4275                           ;mcc_generated_files/timer/src/tmr1.c: 213:  PIR1bits.TMR1IF = 0U;
  4276     0417  0020               	movlb	0	; select bank0
  4277     0418  1011               	bcf	17,0	;volatile
  4278     0419                     i1l295:
  4279     0419  0008               	return
  4280     041A                     __end_of_TMR1_OverflowISR:
  4281                           
  4282                           	psect	text22
  4283     04BC                     __ptext22:	
  4284 ;; *************** function _TMR1_DefaultOverflowCallback *****************
  4285 ;; Defined at:
  4286 ;;		line 221 in file "mcc_generated_files/timer/src/tmr1.c"
  4287 ;; Parameters:    Size  Location     Type
  4288 ;;		None
  4289 ;; Auto vars:     Size  Location     Type
  4290 ;;		None
  4291 ;; Return value:  Size  Location     Type
  4292 ;;                  1    wreg      void 
  4293 ;; Registers used:
  4294 ;;		None
  4295 ;; Tracked objects:
  4296 ;;		On entry : 0/0
  4297 ;;		On exit  : 0/0
  4298 ;;		Unchanged: 0/0
  4299 ;; Data sizes:     COMMON   BANK0   BANK1   BANK2   BANK3   BANK4   BANK5
  4300 ;;      Params:         0       0       0       0       0       0       0
  4301 ;;      Locals:         0       0       0       0       0       0       0
  4302 ;;      Temps:          0       0       0       0       0       0       0
  4303 ;;      Totals:         0       0       0       0       0       0       0
  4304 ;;Total ram usage:        0 bytes
  4305 ;; Hardware stack levels used: 1
  4306 ;; This function calls:
  4307 ;;		Nothing
  4308 ;; This function is called by:
  4309 ;;		_TMR1_Initialize
  4310 ;;		_TMR1_OverflowISR
  4311 ;; This function uses a non-reentrant model
  4312 ;;
  4313                           
  4314     04BC                     _TMR1_DefaultOverflowCallback:	
  4315                           ;psect for function _TMR1_DefaultOverflowCallback
  4316                           
  4317     04BC                     i1l301:	
  4318                           ;incstack = 0
  4319                           ; Regs used in _TMR1_DefaultOverflowCallback: []
  4320                           
  4321     04BC  0008               	return
  4322     04BD                     __end_of_TMR1_DefaultOverflowCallback:
  4323                           
  4324                           	psect	text23
  4325     042E                     __ptext23:	
  4326 ;; *************** function _Timer1_TimeoutHandler *****************
  4327 ;; Defined at:
  4328 ;;		line 59 in file "main.c"
  4329 ;; Parameters:    Size  Location     Type
  4330 ;;		None
  4331 ;; Auto vars:     Size  Location     Type
  4332 ;;		None
  4333 ;; Return value:  Size  Location     Type
  4334 ;;                  1    wreg      void 
  4335 ;; Registers used:
  4336 ;;		wreg, status,2, status,0, pclath, cstack
  4337 ;; Tracked objects:
  4338 ;;		On entry : 0/0
  4339 ;;		On exit  : 0/0
  4340 ;;		Unchanged: 0/0
  4341 ;; Data sizes:     COMMON   BANK0   BANK1   BANK2   BANK3   BANK4   BANK5
  4342 ;;      Params:         0       0       0       0       0       0       0
  4343 ;;      Locals:         0       0       0       0       0       0       0
  4344 ;;      Temps:          0       0       0       0       0       0       0
  4345 ;;      Totals:         0       0       0       0       0       0       0
  4346 ;;Total ram usage:        0 bytes
  4347 ;; Hardware stack levels used: 1
  4348 ;; Hardware stack levels required when called: 1
  4349 ;; This function calls:
  4350 ;;		i1_TMR1_Stop
  4351 ;; This function is called by:
  4352 ;;		_main
  4353 ;;		_TMR1_OverflowISR
  4354 ;; This function uses a non-reentrant model
  4355 ;;
  4356                           
  4357     042E                     _Timer1_TimeoutHandler:	
  4358                           ;psect for function _Timer1_TimeoutHandler
  4359                           
  4360     042E                     i1l1853:	
  4361                           ;incstack = 0
  4362                           ; Regs used in _Timer1_TimeoutHandler: [wreg+status,2+status,0+pclath+cstack]
  4363                           
  4364                           
  4365                           ;main.c: 60:     TMR1_Stop();
  4366     042E  3184  24B2  3184   	fcall	i1_TMR1_Stop
  4367     0431                     i1l1855:
  4368                           
  4369                           ;main.c: 61:     if (rx_state == WAIT_T2) {
  4370     0431  3002               	movlw	2
  4371     0432  0020               	movlb	0	; select bank0
  4372     0433  064B               	xorwf	_rx_state,w	;volatile
  4373     0434  1D03               	btfss	3,2
  4374     0435  2C37               	goto	u77_21
  4375     0436  2C38               	goto	u77_20
  4376     0437                     u77_21:
  4377     0437  2C3C               	goto	i1l1859
  4378     0438                     u77_20:
  4379     0438                     i1l1857:
  4380                           
  4381                           ;main.c: 62:         rx_state = IDLE;
  4382     0438  01CB               	clrf	_rx_state	;volatile
  4383                           
  4384                           ;main.c: 63:         t2_received = 0;
  4385     0439  01C2               	clrf	_t2_received	;volatile
  4386                           
  4387                           ;main.c: 64:         response_phase = 0;
  4388     043A  01C1               	clrf	_response_phase	;volatile
  4389                           
  4390                           ;main.c: 65:     } else {
  4391     043B  2C3E               	goto	i1l388
  4392     043C                     i1l1859:
  4393                           
  4394                           ;main.c: 66:         rx_state = IDLE;
  4395     043C  01CB               	clrf	_rx_state	;volatile
  4396                           
  4397                           ;main.c: 67:         bit_count = 0;
  4398     043D  01CA               	clrf	_bit_count	;volatile
  4399     043E                     i1l388:
  4400     043E  0008               	return
  4401     043F                     __end_of_Timer1_TimeoutHandler:
  4402                           
  4403                           	psect	text24
  4404     0483                     __ptext24:	
  4405 ;; *************** function _PIN_MANAGER_IOC *****************
  4406 ;; Defined at:
  4407 ;;		line 102 in file "mcc_generated_files/system/src/pins.c"
  4408 ;; Parameters:    Size  Location     Type
  4409 ;;		None
  4410 ;; Auto vars:     Size  Location     Type
  4411 ;;		None
  4412 ;; Return value:  Size  Location     Type
  4413 ;;                  1    wreg      void 
  4414 ;; Registers used:
  4415 ;;		wreg, status,2, status,0, pclath, cstack
  4416 ;; Tracked objects:
  4417 ;;		On entry : 0/0
  4418 ;;		On exit  : 0/0
  4419 ;;		Unchanged: 0/0
  4420 ;; Data sizes:     COMMON   BANK0   BANK1   BANK2   BANK3   BANK4   BANK5
  4421 ;;      Params:         0       0       0       0       0       0       0
  4422 ;;      Locals:         0       0       0       0       0       0       0
  4423 ;;      Temps:          0       0       0       0       0       0       0
  4424 ;;      Totals:         0       0       0       0       0       0       0
  4425 ;;Total ram usage:        0 bytes
  4426 ;; Hardware stack levels used: 1
  4427 ;; Hardware stack levels required when called: 3
  4428 ;; This function calls:
  4429 ;;		_DATA_IN_ISR
  4430 ;; This function is called by:
  4431 ;;		_INTERRUPT_InterruptManager
  4432 ;; This function uses a non-reentrant model
  4433 ;;
  4434                           
  4435     0483                     _PIN_MANAGER_IOC:	
  4436                           ;psect for function _PIN_MANAGER_IOC
  4437                           
  4438     0483                     i1l1917:	
  4439                           ;incstack = 0
  4440                           ; Regs used in _PIN_MANAGER_IOC: [wreg+status,2+status,0+pclath+cstack]
  4441                           
  4442                           
  4443                           ;mcc_generated_files/system/src/pins.c: 105:     if(IOCBFbits.IOCBF0 == 1)
  4444     0483  0027               	movlb	7	; select bank7
  4445     0484  1C16               	btfss	22,0	;volatile
  4446     0485  2C87               	goto	u85_21
  4447     0486  2C88               	goto	u85_20
  4448     0487                     u85_21:
  4449     0487  2C8B               	goto	i1l200
  4450     0488                     u85_20:
  4451     0488                     i1l1919:
  4452                           
  4453                           ;mcc_generated_files/system/src/pins.c: 106:     {;mcc_generated_files/system/src/pins.c
      +                          : 107:         DATA_IN_ISR();
  4454     0488  3184  245F  3184   	fcall	_DATA_IN_ISR
  4455     048B                     i1l200:
  4456     048B  0008               	return
  4457     048C                     __end_of_PIN_MANAGER_IOC:
  4458                           
  4459                           	psect	text25
  4460     045F                     __ptext25:	
  4461 ;; *************** function _DATA_IN_ISR *****************
  4462 ;; Defined at:
  4463 ;;		line 114 in file "mcc_generated_files/system/src/pins.c"
  4464 ;; Parameters:    Size  Location     Type
  4465 ;;		None
  4466 ;; Auto vars:     Size  Location     Type
  4467 ;;		None
  4468 ;; Return value:  Size  Location     Type
  4469 ;;                  1    wreg      void 
  4470 ;; Registers used:
  4471 ;;		wreg, status,2, status,0, pclath, cstack
  4472 ;; Tracked objects:
  4473 ;;		On entry : 0/0
  4474 ;;		On exit  : 0/0
  4475 ;;		Unchanged: 0/0
  4476 ;; Data sizes:     COMMON   BANK0   BANK1   BANK2   BANK3   BANK4   BANK5
  4477 ;;      Params:         0       0       0       0       0       0       0
  4478 ;;      Locals:         0       0       0       0       0       0       0
  4479 ;;      Temps:          0       0       0       0       0       0       0
  4480 ;;      Totals:         0       0       0       0       0       0       0
  4481 ;;Total ram usage:        0 bytes
  4482 ;; Hardware stack levels used: 1
  4483 ;; Hardware stack levels required when called: 2
  4484 ;; This function calls:
  4485 ;;		NULL
  4486 ;;		_DATA_IN_DefaultInterruptHandler
  4487 ;;		_protocol_on_bus_change
  4488 ;; This function is called by:
  4489 ;;		_PIN_MANAGER_IOC
  4490 ;; This function uses a non-reentrant model
  4491 ;;
  4492                           
  4493     045F                     _DATA_IN_ISR:	
  4494                           ;psect for function _DATA_IN_ISR
  4495                           
  4496     045F                     i1l1813:	
  4497                           ;incstack = 0
  4498                           ; Regs used in _DATA_IN_ISR: [wreg+status,2+status,0+pclath+cstack]
  4499                           
  4500                           
  4501                           ;mcc_generated_files/system/src/pins.c: 119:     if(DATA_IN_InterruptHandler)
  4502     045F  0020               	movlb	0	; select bank0
  4503     0460  0850               	movf	_DATA_IN_InterruptHandler,w
  4504     0461  0451               	iorwf	_DATA_IN_InterruptHandler+1,w
  4505     0462  1903               	btfsc	3,2
  4506     0463  2C65               	goto	u75_21
  4507     0464  2C66               	goto	u75_20
  4508     0465                     u75_21:
  4509     0465  2C6B               	goto	i1l1817
  4510     0466                     u75_20:
  4511     0466                     i1l1815:
  4512                           
  4513                           ;mcc_generated_files/system/src/pins.c: 120:     {;mcc_generated_files/system/src/pins.c
      +                          : 121:         DATA_IN_InterruptHandler();
  4514     0466  0851               	movf	_DATA_IN_InterruptHandler+1,w
  4515     0467  008A               	movwf	10
  4516     0468  0850               	movf	_DATA_IN_InterruptHandler,w
  4517     0469  000A               	callw
  4518     046A  3184               	pagesel	$
  4519     046B                     i1l1817:
  4520                           
  4521                           ;mcc_generated_files/system/src/pins.c: 123:     IOCBFbits.IOCBF0 = 0;
  4522     046B  0027               	movlb	7	; select bank7
  4523     046C  1016               	bcf	22,0	;volatile
  4524     046D                     i1l204:
  4525     046D  0008               	return
  4526     046E                     __end_of_DATA_IN_ISR:
  4527                           
  4528                           	psect	text26
  4529     04BD                     __ptext26:	
  4530 ;; *************** function _DATA_IN_DefaultInterruptHandler *****************
  4531 ;; Defined at:
  4532 ;;		line 136 in file "mcc_generated_files/system/src/pins.c"
  4533 ;; Parameters:    Size  Location     Type
  4534 ;;		None
  4535 ;; Auto vars:     Size  Location     Type
  4536 ;;		None
  4537 ;; Return value:  Size  Location     Type
  4538 ;;                  1    wreg      void 
  4539 ;; Registers used:
  4540 ;;		None
  4541 ;; Tracked objects:
  4542 ;;		On entry : 0/0
  4543 ;;		On exit  : 0/0
  4544 ;;		Unchanged: 0/0
  4545 ;; Data sizes:     COMMON   BANK0   BANK1   BANK2   BANK3   BANK4   BANK5
  4546 ;;      Params:         0       0       0       0       0       0       0
  4547 ;;      Locals:         0       0       0       0       0       0       0
  4548 ;;      Temps:          0       0       0       0       0       0       0
  4549 ;;      Totals:         0       0       0       0       0       0       0
  4550 ;;Total ram usage:        0 bytes
  4551 ;; Hardware stack levels used: 1
  4552 ;; This function calls:
  4553 ;;		Nothing
  4554 ;; This function is called by:
  4555 ;;		_PIN_MANAGER_Initialize
  4556 ;;		_DATA_IN_ISR
  4557 ;; This function uses a non-reentrant model
  4558 ;;
  4559                           
  4560     04BD                     _DATA_IN_DefaultInterruptHandler:	
  4561                           ;psect for function _DATA_IN_DefaultInterruptHandler
  4562                           
  4563     04BD                     i1l210:	
  4564                           ;incstack = 0
  4565                           ; Regs used in _DATA_IN_DefaultInterruptHandler: []
  4566                           
  4567     04BD  0008               	return
  4568     04BE                     __end_of_DATA_IN_DefaultInterruptHandler:
  4569                           
  4570                           	psect	text27
  4571     0146                     __ptext27:	
  4572 ;; *************** function _protocol_on_bus_change *****************
  4573 ;; Defined at:
  4574 ;;		line 71 in file "main.c"
  4575 ;; Parameters:    Size  Location     Type
  4576 ;;		None
  4577 ;; Auto vars:     Size  Location     Type
  4578 ;;  bit             1   10[BANK0 ] unsigned char 
  4579 ;;  us              2   11[BANK0 ] unsigned short 
  4580 ;;  ticks           2    4[BANK0 ] unsigned short 
  4581 ;;  us              2    8[BANK0 ] unsigned short 
  4582 ;;  ticks           2    6[BANK0 ] unsigned short 
  4583 ;; Return value:  Size  Location     Type
  4584 ;;                  1    wreg      void 
  4585 ;; Registers used:
  4586 ;;		wreg, status,2, status,0, pclath, cstack
  4587 ;; Tracked objects:
  4588 ;;		On entry : 0/0
  4589 ;;		On exit  : 0/0
  4590 ;;		Unchanged: 0/0
  4591 ;; Data sizes:     COMMON   BANK0   BANK1   BANK2   BANK3   BANK4   BANK5
  4592 ;;      Params:         0       0       0       0       0       0       0
  4593 ;;      Locals:         0       9       0       0       0       0       0
  4594 ;;      Temps:          0       4       0       0       0       0       0
  4595 ;;      Totals:         0      13       0       0       0       0       0
  4596 ;;Total ram usage:       13 bytes
  4597 ;; Hardware stack levels used: 1
  4598 ;; Hardware stack levels required when called: 1
  4599 ;; This function calls:
  4600 ;;		_TMR1_CounterGet
  4601 ;;		i1_TMR1_CounterSet
  4602 ;;		i1_TMR1_Start
  4603 ;;		i1_TMR1_Stop
  4604 ;; This function is called by:
  4605 ;;		_main
  4606 ;;		_DATA_IN_ISR
  4607 ;; This function uses a non-reentrant model
  4608 ;;
  4609                           
  4610     0146                     _protocol_on_bus_change:	
  4611                           ;psect for function _protocol_on_bus_change
  4612                           
  4613     0146                     i1l391:	
  4614                           ;incstack = 0
  4615                           ; Regs used in _protocol_on_bus_change: [wreg+status,2+status,0+pclath+cstack]
  4616                           ;main.c: 73:     do { LATCbits.LATC4 = 1; } while(0);
  4617                           
  4618     0146  0022               	movlb	2	; select bank2
  4619     0147  160E               	bsf	14,4	;volatile
  4620     0148                     i1l1689:
  4621                           
  4622                           ;main.c: 74:     _delay((unsigned long)((50)*(16000000/4000000.0)));
  4623     0148  3042               	movlw	66
  4624     0149                     u137_27:
  4625     0149  0B89               	decfsz	9,f
  4626     014A  2949               	goto	u137_27
  4627     014B  3200               	nop2
  4628     014C                     i1l1691:
  4629     014C  0022               	movlb	2	; select bank2
  4630     014D  120E               	bcf	14,4	;volatile
  4631     014E                     i1l1693:
  4632                           
  4633                           ;main.c: 77:     if (rx_state == WAIT_T2) {
  4634     014E  3002               	movlw	2
  4635     014F  0020               	movlb	0	; select bank0
  4636     0150  064B               	xorwf	_rx_state,w	;volatile
  4637     0151  1D03               	btfss	3,2
  4638     0152  2954               	goto	u63_21
  4639     0153  2955               	goto	u63_20
  4640     0154                     u63_21:
  4641     0154  298F               	goto	i1l395
  4642     0155                     u63_20:
  4643     0155                     i1l1695:
  4644                           
  4645                           ;main.c: 78:         if (PORTBbits.RB0 == 1) {
  4646     0155  1C0D               	btfss	13,0	;volatile
  4647     0156  2958               	goto	u64_21
  4648     0157  2959               	goto	u64_20
  4649     0158                     u64_21:
  4650     0158  2963               	goto	i1l1701
  4651     0159                     u64_20:
  4652     0159                     i1l1697:
  4653                           
  4654                           ;main.c: 79:             TMR1_CounterSet(0);
  4655     0159  3000               	movlw	0
  4656     015A  00F0               	movwf	i1TMR1_CounterSet@timerVal
  4657     015B  00F1               	movwf	i1TMR1_CounterSet@timerVal+1
  4658     015C  3183  23EC  3181   	fcall	i1_TMR1_CounterSet
  4659     015F                     i1l1699:
  4660                           
  4661                           ;main.c: 80:             TMR1_Start();
  4662     015F  3184  24B5  3181   	fcall	i1_TMR1_Start
  4663                           
  4664                           ;main.c: 81:         } else {
  4665     0162  2A0E               	goto	i1l399
  4666     0163                     i1l1701:
  4667                           
  4668                           ;main.c: 82:             TMR1_Stop();
  4669     0163  3184  24B2  3181   	fcall	i1_TMR1_Stop
  4670     0166                     i1l1703:
  4671                           
  4672                           ;main.c: 83:             uint16_t ticks = TMR1_CounterGet();
  4673     0166  3183  23BB  3181   	fcall	_TMR1_CounterGet
  4674     0169  0871               	movf	?_TMR1_CounterGet+1,w
  4675     016A  0020               	movlb	0	; select bank0
  4676     016B  00A5               	movwf	protocol_on_bus_change@ticks+1
  4677     016C  0870               	movf	?_TMR1_CounterGet,w
  4678     016D  00A4               	movwf	protocol_on_bus_change@ticks
  4679                           
  4680                           ;main.c: 84:             uint16_t us = ticks / 4;
  4681     016E  0825               	movf	protocol_on_bus_change@ticks+1,w
  4682     016F  00A1               	movwf	??_protocol_on_bus_change+1
  4683     0170  0824               	movf	protocol_on_bus_change@ticks,w
  4684     0171  00A0               	movwf	??_protocol_on_bus_change
  4685     0172  36A1               	lsrf	??_protocol_on_bus_change+1,f
  4686     0173  0CA0               	rrf	??_protocol_on_bus_change,f
  4687     0174  36A1               	lsrf	??_protocol_on_bus_change+1,f
  4688     0175  0CA0               	rrf	??_protocol_on_bus_change,f
  4689     0176  0820               	movf	??_protocol_on_bus_change,w
  4690     0177  00AB               	movwf	protocol_on_bus_change@us
  4691     0178  0821               	movf	??_protocol_on_bus_change+1,w
  4692     0179  00AC               	movwf	protocol_on_bus_change@us+1
  4693     017A                     i1l1705:
  4694                           
  4695                           ;main.c: 85:             if (us > 100 && us < 200) {
  4696     017A  3000               	movlw	0
  4697     017B  022C               	subwf	protocol_on_bus_change@us+1,w
  4698     017C  3065               	movlw	101
  4699     017D  1903               	skipnz
  4700     017E  022B               	subwf	protocol_on_bus_change@us,w
  4701     017F  1C03               	skipc
  4702     0180  2982               	goto	u65_21
  4703     0181  2983               	goto	u65_20
  4704     0182                     u65_21:
  4705     0182  2A0E               	goto	i1l399
  4706     0183                     u65_20:
  4707     0183                     i1l1707:
  4708     0183  3000               	movlw	0
  4709     0184  022C               	subwf	protocol_on_bus_change@us+1,w
  4710     0185  30C8               	movlw	200
  4711     0186  1903               	skipnz
  4712     0187  022B               	subwf	protocol_on_bus_change@us,w
  4713     0188  1803               	skipnc
  4714     0189  298B               	goto	u66_21
  4715     018A  298C               	goto	u66_20
  4716     018B                     u66_21:
  4717     018B  2A0E               	goto	i1l399
  4718     018C                     u66_20:
  4719     018C                     i1l1709:
  4720                           
  4721                           ;main.c: 86:                 t2_received = 1;
  4722     018C  3001               	movlw	1
  4723     018D  00C2               	movwf	_t2_received	;volatile
  4724     018E  2A0E               	goto	i1l399
  4725     018F                     i1l395:	
  4726                           ;main.c: 90:     }
  4727                           
  4728                           
  4729                           ;main.c: 92:     if (PORTBbits.RB0 == 1) {
  4730     018F  1C0D               	btfss	13,0	;volatile
  4731     0190  2992               	goto	u67_21
  4732     0191  2993               	goto	u67_20
  4733     0192                     u67_21:
  4734     0192  2994               	goto	i1l1715
  4735     0193                     u67_20:
  4736     0193  2959               	goto	i1l1697
  4737     0194                     i1l1715:
  4738                           
  4739                           ;main.c: 96:         TMR1_Stop();
  4740     0194  3184  24B2  3181   	fcall	i1_TMR1_Stop
  4741     0197                     i1l1717:
  4742                           
  4743                           ;main.c: 97:         uint16_t ticks = TMR1_CounterGet();
  4744     0197  3183  23BB  3181   	fcall	_TMR1_CounterGet
  4745     019A  0871               	movf	?_TMR1_CounterGet+1,w
  4746     019B  0020               	movlb	0	; select bank0
  4747     019C  00A7               	movwf	protocol_on_bus_change@ticks_837+1
  4748     019D  0870               	movf	?_TMR1_CounterGet,w
  4749     019E  00A6               	movwf	protocol_on_bus_change@ticks_837
  4750                           
  4751                           ;main.c: 98:         uint16_t us = ticks / 4;
  4752     019F  0827               	movf	protocol_on_bus_change@ticks_837+1,w
  4753     01A0  00A1               	movwf	??_protocol_on_bus_change+1
  4754     01A1  0826               	movf	protocol_on_bus_change@ticks_837,w
  4755     01A2  00A0               	movwf	??_protocol_on_bus_change
  4756     01A3  36A1               	lsrf	??_protocol_on_bus_change+1,f
  4757     01A4  0CA0               	rrf	??_protocol_on_bus_change,f
  4758     01A5  36A1               	lsrf	??_protocol_on_bus_change+1,f
  4759     01A6  0CA0               	rrf	??_protocol_on_bus_change,f
  4760     01A7  0820               	movf	??_protocol_on_bus_change,w
  4761     01A8  00A8               	movwf	protocol_on_bus_change@us_838
  4762     01A9  0821               	movf	??_protocol_on_bus_change+1,w
  4763     01AA  00A9               	movwf	protocol_on_bus_change@us_838+1
  4764                           
  4765                           ;main.c: 100:         if (rx_state == IDLE) {
  4766     01AB  084B               	movf	_rx_state,w	;volatile
  4767     01AC  1D03               	btfss	3,2
  4768     01AD  29AF               	goto	u68_21
  4769     01AE  29B0               	goto	u68_20
  4770     01AF                     u68_21:
  4771     01AF  29BB               	goto	i1l1725
  4772     01B0                     u68_20:
  4773     01B0                     i1l1719:
  4774                           
  4775                           ;main.c: 101:             rx_state = RECEIVING_BITS;
  4776     01B0  3001               	movlw	1
  4777     01B1  00CB               	movwf	_rx_state	;volatile
  4778     01B2                     i1l1721:
  4779                           
  4780                           ;main.c: 102:             bit_count = 0;
  4781     01B2  01CA               	clrf	_bit_count	;volatile
  4782     01B3                     i1l1723:
  4783                           
  4784                           ;main.c: 103:             rx_buffer = 0;
  4785     01B3  3000               	movlw	0
  4786     01B4  00BE               	movwf	_rx_buffer+3	;volatile
  4787     01B5  3000               	movlw	0
  4788     01B6  00BD               	movwf	_rx_buffer+2	;volatile
  4789     01B7  3000               	movlw	0
  4790     01B8  00BC               	movwf	_rx_buffer+1	;volatile
  4791     01B9  3000               	movlw	0
  4792     01BA  00BB               	movwf	_rx_buffer	;volatile
  4793     01BB                     i1l1725:
  4794                           
  4795                           ;main.c: 105:         if (rx_state == RECEIVING_BITS) {
  4796     01BB  034B               	decf	_rx_state,w	;volatile
  4797     01BC  1D03               	btfss	3,2
  4798     01BD  29BF               	goto	u69_21
  4799     01BE  29C0               	goto	u69_20
  4800     01BF                     u69_21:
  4801     01BF  2A0E               	goto	i1l399
  4802     01C0                     u69_20:
  4803     01C0                     i1l1727:
  4804                           
  4805                           ;main.c: 106:             uint8_t bit = (us < 450) ? 0 : 1;
  4806     01C0  3001               	movlw	1
  4807     01C1  0229               	subwf	protocol_on_bus_change@us_838+1,w
  4808     01C2  30C2               	movlw	194
  4809     01C3  1903               	skipnz
  4810     01C4  0228               	subwf	protocol_on_bus_change@us_838,w
  4811     01C5  1803               	skipnc
  4812     01C6  29C8               	goto	u70_21
  4813     01C7  29CA               	goto	u70_20
  4814     01C8                     u70_21:
  4815     01C8  3001               	movlw	1
  4816     01C9  29CB               	goto	u71_20
  4817     01CA                     u70_20:
  4818     01CA  3000               	movlw	0
  4819     01CB                     u71_20:
  4820     01CB  00AA               	movwf	protocol_on_bus_change@bit
  4821     01CC                     i1l1729:
  4822                           
  4823                           ;main.c: 107:             rx_buffer |= (uint32_t)bit << bit_count;
  4824     01CC  082A               	movf	protocol_on_bus_change@bit,w
  4825     01CD  00A0               	movwf	??_protocol_on_bus_change
  4826     01CE  01A1               	clrf	??_protocol_on_bus_change+1
  4827     01CF  01A2               	clrf	??_protocol_on_bus_change+2
  4828     01D0  01A3               	clrf	??_protocol_on_bus_change+3
  4829     01D1  0A4A               	incf	_bit_count,w	;volatile
  4830     01D2  29D7               	goto	u72_20
  4831     01D3                     u72_25:
  4832     01D3  35A0               	lslf	??_protocol_on_bus_change,f
  4833     01D4  0DA1               	rlf	??_protocol_on_bus_change+1,f
  4834     01D5  0DA2               	rlf	??_protocol_on_bus_change+2,f
  4835     01D6  0DA3               	rlf	??_protocol_on_bus_change+3,f
  4836     01D7                     u72_20:
  4837     01D7  0B89               	decfsz	9,f
  4838     01D8  29D3               	goto	u72_25
  4839     01D9  0820               	movf	??_protocol_on_bus_change,w
  4840     01DA  04BB               	iorwf	_rx_buffer,f	;volatile
  4841     01DB  0821               	movf	??_protocol_on_bus_change+1,w
  4842     01DC  04BC               	iorwf	_rx_buffer+1,f	;volatile
  4843     01DD  0822               	movf	??_protocol_on_bus_change+2,w
  4844     01DE  04BD               	iorwf	_rx_buffer+2,f	;volatile
  4845     01DF  0823               	movf	??_protocol_on_bus_change+3,w
  4846     01E0  04BE               	iorwf	_rx_buffer+3,f	;volatile
  4847     01E1                     i1l1731:
  4848                           
  4849                           ;main.c: 108:             bit_count++;
  4850     01E1  3001               	movlw	1
  4851     01E2  07CA               	addwf	_bit_count,f	;volatile
  4852     01E3                     i1l1733:
  4853                           
  4854                           ;main.c: 109:             if (bit_count == 15) {
  4855     01E3  300F               	movlw	15
  4856     01E4  064A               	xorwf	_bit_count,w	;volatile
  4857     01E5  1D03               	btfss	3,2
  4858     01E6  29E8               	goto	u73_21
  4859     01E7  29E9               	goto	u73_20
  4860     01E8                     u73_21:
  4861     01E8  2A0E               	goto	i1l399
  4862     01E9                     u73_20:
  4863     01E9                     i1l1735:
  4864                           
  4865                           ;main.c: 110:                 rx_state = CMD_READY;
  4866     01E9  3003               	movlw	3
  4867     01EA  00CB               	movwf	_rx_state	;volatile
  4868     01EB                     i1l1737:
  4869                           
  4870                           ;main.c: 111:                 rx_mode = rx_buffer & 0x0F;
  4871     01EB  083B               	movf	_rx_buffer,w	;volatile
  4872     01EC  390F               	andlw	15
  4873     01ED  00C8               	movwf	_rx_mode	;volatile
  4874     01EE                     i1l1739:
  4875                           
  4876                           ;main.c: 112:                 rx_addr = (rx_buffer >> 4) & 0xFF;
  4877     01EE  083B               	movf	_rx_buffer,w	;volatile
  4878     01EF  00A0               	movwf	??_protocol_on_bus_change
  4879     01F0  083C               	movf	_rx_buffer+1,w	;volatile
  4880     01F1  00A1               	movwf	??_protocol_on_bus_change+1
  4881     01F2  083D               	movf	_rx_buffer+2,w	;volatile
  4882     01F3  00A2               	movwf	??_protocol_on_bus_change+2
  4883     01F4  083E               	movf	_rx_buffer+3,w	;volatile
  4884     01F5  00A3               	movwf	??_protocol_on_bus_change+3
  4885     01F6  3004               	movlw	4
  4886     01F7                     u74_25:
  4887     01F7  36A3               	lsrf	??_protocol_on_bus_change+3,f
  4888     01F8  0CA2               	rrf	??_protocol_on_bus_change+2,f
  4889     01F9  0CA1               	rrf	??_protocol_on_bus_change+1,f
  4890     01FA  0CA0               	rrf	??_protocol_on_bus_change,f
  4891     01FB                     u74_20:
  4892     01FB  0B89               	decfsz	9,f
  4893     01FC  29F7               	goto	u74_25
  4894     01FD  0820               	movf	??_protocol_on_bus_change,w
  4895     01FE  00C7               	movwf	_rx_addr	;volatile
  4896     01FF                     i1l1741:
  4897                           
  4898                           ;main.c: 113:                 cmd_ready = 1;
  4899     01FF  3001               	movlw	1
  4900     0200  00C9               	movwf	_cmd_ready	;volatile
  4901     0201                     i1l1743:
  4902     0201  0022               	movlb	2	; select bank2
  4903     0202  168E               	bsf	14,5	;volatile
  4904     0203                     i1l1745:
  4905                           
  4906                           ;main.c: 116:                 _delay((unsigned long)((500)*(16000000/4000000.0)));
  4907     0203  3003               	movlw	3
  4908     0204  0020               	movlb	0	; select bank0
  4909     0205  00A0               	movwf	??_protocol_on_bus_change
  4910     0206  3097               	movlw	151
  4911     0207                     u138_27:
  4912     0207  0B89               	decfsz	9,f
  4913     0208  2A07               	goto	u138_27
  4914     0209  0BA0               	decfsz	??_protocol_on_bus_change,f
  4915     020A  2A07               	goto	u138_27
  4916     020B  3200               	nop2
  4917     020C                     i1l1747:
  4918     020C  0022               	movlb	2	; select bank2
  4919     020D  128E               	bcf	14,5	;volatile
  4920     020E                     i1l399:
  4921     020E  0008               	return
  4922     020F                     __end_of_protocol_on_bus_change:
  4923                           
  4924                           	psect	text28
  4925     04B2                     __ptext28:	
  4926 ;; *************** function i1_TMR1_Stop *****************
  4927 ;; Defined at:
  4928 ;;		line 101 in file "mcc_generated_files/timer/src/tmr1.c"
  4929 ;; Parameters:    Size  Location     Type
  4930 ;;		None
  4931 ;; Auto vars:     Size  Location     Type
  4932 ;;		None
  4933 ;; Return value:  Size  Location     Type
  4934 ;;                  1    wreg      void 
  4935 ;; Registers used:
  4936 ;;		None
  4937 ;; Tracked objects:
  4938 ;;		On entry : 0/0
  4939 ;;		On exit  : 0/0
  4940 ;;		Unchanged: 0/0
  4941 ;; Data sizes:     COMMON   BANK0   BANK1   BANK2   BANK3   BANK4   BANK5
  4942 ;;      Params:         0       0       0       0       0       0       0
  4943 ;;      Locals:         0       0       0       0       0       0       0
  4944 ;;      Temps:          0       0       0       0       0       0       0
  4945 ;;      Totals:         0       0       0       0       0       0       0
  4946 ;;Total ram usage:        0 bytes
  4947 ;; Hardware stack levels used: 1
  4948 ;; This function calls:
  4949 ;;		Nothing
  4950 ;; This function is called by:
  4951 ;;		_Timer1_TimeoutHandler
  4952 ;;		_protocol_on_bus_change
  4953 ;; This function uses a non-reentrant model
  4954 ;;
  4955                           
  4956     04B2                     i1_TMR1_Stop:	
  4957                           ;psect for function i1_TMR1_Stop
  4958                           
  4959     04B2                     i1l1669:	
  4960                           ;incstack = 0
  4961                           ; Regs used in i1_TMR1_Stop: []
  4962                           
  4963                           
  4964                           ;mcc_generated_files/timer/src/tmr1.c: 103:     T1CONbits.TMR1ON = 0U;
  4965     04B2  0020               	movlb	0	; select bank0
  4966     04B3  1018               	bcf	24,0	;volatile
  4967     04B4                     i1l248:
  4968     04B4  0008               	return
  4969     04B5                     __end_ofi1_TMR1_Stop:
  4970                           
  4971                           	psect	text29
  4972     04B5                     __ptext29:	
  4973 ;; *************** function i1_TMR1_Start *****************
  4974 ;; Defined at:
  4975 ;;		line 96 in file "mcc_generated_files/timer/src/tmr1.c"
  4976 ;; Parameters:    Size  Location     Type
  4977 ;;		None
  4978 ;; Auto vars:     Size  Location     Type
  4979 ;;		None
  4980 ;; Return value:  Size  Location     Type
  4981 ;;                  1    wreg      void 
  4982 ;; Registers used:
  4983 ;;		None
  4984 ;; Tracked objects:
  4985 ;;		On entry : 0/0
  4986 ;;		On exit  : 0/0
  4987 ;;		Unchanged: 0/0
  4988 ;; Data sizes:     COMMON   BANK0   BANK1   BANK2   BANK3   BANK4   BANK5
  4989 ;;      Params:         0       0       0       0       0       0       0
  4990 ;;      Locals:         0       0       0       0       0       0       0
  4991 ;;      Temps:          0       0       0       0       0       0       0
  4992 ;;      Totals:         0       0       0       0       0       0       0
  4993 ;;Total ram usage:        0 bytes
  4994 ;; Hardware stack levels used: 1
  4995 ;; This function calls:
  4996 ;;		Nothing
  4997 ;; This function is called by:
  4998 ;;		_protocol_on_bus_change
  4999 ;; This function uses a non-reentrant model
  5000 ;;
  5001                           
  5002     04B5                     i1_TMR1_Start:	
  5003                           ;psect for function i1_TMR1_Start
  5004                           
  5005     04B5                     i1l1667:	
  5006                           ;incstack = 0
  5007                           ; Regs used in i1_TMR1_Start: []
  5008                           
  5009                           
  5010                           ;mcc_generated_files/timer/src/tmr1.c: 98:     T1CONbits.TMR1ON = 1U;
  5011     04B5  0020               	movlb	0	; select bank0
  5012     04B6  1418               	bsf	24,0	;volatile
  5013     04B7                     i1l245:
  5014     04B7  0008               	return
  5015     04B8                     __end_ofi1_TMR1_Start:
  5016                           
  5017                           	psect	text30
  5018     03EC                     __ptext30:	
  5019 ;; *************** function i1_TMR1_CounterSet *****************
  5020 ;; Defined at:
  5021 ;;		line 120 in file "mcc_generated_files/timer/src/tmr1.c"
  5022 ;; Parameters:    Size  Location     Type
  5023 ;;  timerVal        2    0[COMMON] unsigned short 
  5024 ;; Auto vars:     Size  Location     Type
  5025 ;;  onState         1    2[COMMON] _Bool 
  5026 ;; Return value:  Size  Location     Type
  5027 ;;                  1    wreg      void 
  5028 ;; Registers used:
  5029 ;;		wreg, status,2, status,0
  5030 ;; Tracked objects:
  5031 ;;		On entry : 0/0
  5032 ;;		On exit  : 0/0
  5033 ;;		Unchanged: 0/0
  5034 ;; Data sizes:     COMMON   BANK0   BANK1   BANK2   BANK3   BANK4   BANK5
  5035 ;;      Params:         2       0       0       0       0       0       0
  5036 ;;      Locals:         1       0       0       0       0       0       0
  5037 ;;      Temps:          0       0       0       0       0       0       0
  5038 ;;      Totals:         3       0       0       0       0       0       0
  5039 ;;Total ram usage:        3 bytes
  5040 ;; Hardware stack levels used: 1
  5041 ;; This function calls:
  5042 ;;		Nothing
  5043 ;; This function is called by:
  5044 ;;		_TMR1_OverflowISR
  5045 ;;		_protocol_on_bus_change
  5046 ;; This function uses a non-reentrant model
  5047 ;;
  5048                           
  5049     03EC                     i1_TMR1_CounterSet:	
  5050                           ;psect for function i1_TMR1_CounterSet
  5051                           
  5052     03EC                     i1l1671:	
  5053                           ;incstack = 0
  5054                           ; Regs used in i1_TMR1_CounterSet: [wreg+status,2+status,0]
  5055                           
  5056                           
  5057                           ;mcc_generated_files/timer/src/tmr1.c: 120: void TMR1_CounterSet(uint16_t timerVal);mcc_
      +                          generated_files/timer/src/tmr1.c: 121: {;mcc_generated_files/timer/src/tmr1.c: 122:     
      +                          if (1U == T1CONbits.nT1SYNC)
  5058     03EC  0020               	movlb	0	; select bank0
  5059     03ED  1D18               	btfss	24,2	;volatile
  5060     03EE  2BF0               	goto	u62_21
  5061     03EF  2BF1               	goto	u62_20
  5062     03F0                     u62_21:
  5063     03F0  2BFF               	goto	i1l1681
  5064     03F1                     u62_20:
  5065     03F1                     i1l1673:
  5066                           
  5067                           ;mcc_generated_files/timer/src/tmr1.c: 123:     {;mcc_generated_files/timer/src/tmr1.c: 
      +                          124:      _Bool onState = T1CONbits.TMR1ON;
  5068     03F1  0818               	movf	24,w	;volatile
  5069     03F2  3901               	andlw	1
  5070     03F3  00F2               	movwf	i1TMR1_CounterSet@onState
  5071     03F4                     i1l1675:
  5072                           
  5073                           ;mcc_generated_files/timer/src/tmr1.c: 126:         T1CONbits.TMR1ON = 0U;
  5074     03F4  1018               	bcf	24,0	;volatile
  5075     03F5                     i1l1677:
  5076                           
  5077                           ;mcc_generated_files/timer/src/tmr1.c: 128:         TMR1H = (uint8_t)(timerVal >> 8U);
  5078     03F5  0871               	movf	i1TMR1_CounterSet@timerVal+1,w
  5079     03F6  0097               	movwf	23	;volatile
  5080     03F7                     i1l1679:
  5081                           
  5082                           ;mcc_generated_files/timer/src/tmr1.c: 129:         TMR1L = (uint8_t)timerVal;
  5083     03F7  0870               	movf	i1TMR1_CounterSet@timerVal,w
  5084     03F8  0096               	movwf	22	;volatile
  5085                           
  5086                           ;mcc_generated_files/timer/src/tmr1.c: 131:         T1CONbits.TMR1ON = onState;
  5087     03F9  0C72               	rrf	i1TMR1_CounterSet@onState,w
  5088     03FA  1C03               	skipc
  5089     03FB  1018               	bcf	24,0	;volatile
  5090     03FC  1803               	skipnc
  5091     03FD  1418               	bsf	24,0	;volatile
  5092                           
  5093                           ;mcc_generated_files/timer/src/tmr1.c: 132:     }
  5094     03FE  2C03               	goto	i1l256
  5095     03FF                     i1l1681:
  5096                           
  5097                           ;mcc_generated_files/timer/src/tmr1.c: 134:     {;mcc_generated_files/timer/src/tmr1.c: 
      +                          135:         TMR1H = (uint8_t)(timerVal >> 8U);
  5098     03FF  0871               	movf	i1TMR1_CounterSet@timerVal+1,w
  5099     0400  0097               	movwf	23	;volatile
  5100     0401                     i1l1683:
  5101                           
  5102                           ;mcc_generated_files/timer/src/tmr1.c: 136:         TMR1L = (uint8_t)timerVal;
  5103     0401  0870               	movf	i1TMR1_CounterSet@timerVal,w
  5104     0402  0096               	movwf	22	;volatile
  5105     0403                     i1l256:
  5106     0403  0008               	return
  5107     0404                     __end_ofi1_TMR1_CounterSet:
  5108                           
  5109                           	psect	text31
  5110     03BB                     __ptext31:	
  5111 ;; *************** function _TMR1_CounterGet *****************
  5112 ;; Defined at:
  5113 ;;		line 106 in file "mcc_generated_files/timer/src/tmr1.c"
  5114 ;; Parameters:    Size  Location     Type
  5115 ;;		None
  5116 ;; Auto vars:     Size  Location     Type
  5117 ;;  counterValue    2    7[COMMON] unsigned short 
  5118 ;;  counterLowBy    1   10[COMMON] unsigned char 
  5119 ;;  counterHighB    1    9[COMMON] unsigned char 
  5120 ;; Return value:  Size  Location     Type
  5121 ;;                  2    0[COMMON] unsigned short 
  5122 ;; Registers used:
  5123 ;;		wreg
  5124 ;; Tracked objects:
  5125 ;;		On entry : 0/0
  5126 ;;		On exit  : 0/0
  5127 ;;		Unchanged: 0/0
  5128 ;; Data sizes:     COMMON   BANK0   BANK1   BANK2   BANK3   BANK4   BANK5
  5129 ;;      Params:         2       0       0       0       0       0       0
  5130 ;;      Locals:         4       0       0       0       0       0       0
  5131 ;;      Temps:          5       0       0       0       0       0       0
  5132 ;;      Totals:        11       0       0       0       0       0       0
  5133 ;;Total ram usage:       11 bytes
  5134 ;; Hardware stack levels used: 1
  5135 ;; This function calls:
  5136 ;;		Nothing
  5137 ;; This function is called by:
  5138 ;;		_protocol_on_bus_change
  5139 ;; This function uses a non-reentrant model
  5140 ;;
  5141                           
  5142     03BB                     _TMR1_CounterGet:	
  5143                           ;psect for function _TMR1_CounterGet
  5144                           
  5145     03BB                     i1l1663:	
  5146                           ;incstack = 0
  5147                           ; Regs used in _TMR1_CounterGet: [wreg]
  5148                           
  5149                           
  5150                           ;mcc_generated_files/timer/src/tmr1.c: 108:     uint16_t counterValue;;mcc_generated_fil
      +                          es/timer/src/tmr1.c: 109:     uint8_t counterHighByte;;mcc_generated_files/timer/src/tmr
      +                          1.c: 110:     uint8_t counterLowByte;;mcc_generated_files/timer/src/tmr1.c: 112:     cou
      +                          nterLowByte = TMR1L;
  5151     03BB  0020               	movlb	0	; select bank0
  5152     03BC  0816               	movf	22,w	;volatile
  5153     03BD  00FA               	movwf	TMR1_CounterGet@counterLowByte
  5154                           
  5155                           ;mcc_generated_files/timer/src/tmr1.c: 113:     counterHighByte = TMR1H;
  5156     03BE  0817               	movf	23,w	;volatile
  5157     03BF  00F9               	movwf	TMR1_CounterGet@counterHighByte
  5158                           
  5159                           ;mcc_generated_files/timer/src/tmr1.c: 114:     counterValue = ((uint16_t)counterHighByt
      +                          e << 8U) | counterLowByte;
  5160     03C0  087A               	movf	TMR1_CounterGet@counterLowByte,w
  5161     03C1  00F2               	movwf	??_TMR1_CounterGet
  5162     03C2  01F3               	clrf	??_TMR1_CounterGet+1
  5163     03C3  0879               	movf	TMR1_CounterGet@counterHighByte,w
  5164     03C4  00F4               	movwf	??_TMR1_CounterGet+2
  5165     03C5  01F5               	clrf	??_TMR1_CounterGet+3
  5166     03C6  0874               	movf	??_TMR1_CounterGet+2,w
  5167     03C7  00F5               	movwf	??_TMR1_CounterGet+3
  5168     03C8  01F4               	clrf	??_TMR1_CounterGet+2
  5169     03C9  0872               	movf	??_TMR1_CounterGet,w
  5170     03CA  0474               	iorwf	??_TMR1_CounterGet+2,w
  5171     03CB  00F7               	movwf	TMR1_CounterGet@counterValue
  5172     03CC  0873               	movf	??_TMR1_CounterGet+1,w
  5173     03CD  0475               	iorwf	??_TMR1_CounterGet+3,w
  5174     03CE  00F8               	movwf	TMR1_CounterGet@counterValue+1
  5175                           
  5176                           ;mcc_generated_files/timer/src/tmr1.c: 116:     return counterValue;
  5177     03CF  0878               	movf	TMR1_CounterGet@counterValue+1,w
  5178     03D0  00F1               	movwf	?_TMR1_CounterGet+1
  5179     03D1  0877               	movf	TMR1_CounterGet@counterValue,w
  5180     03D2  00F0               	movwf	?_TMR1_CounterGet
  5181     03D3                     i1l251:
  5182     03D3  0008               	return
  5183     03D4                     __end_of_TMR1_CounterGet:
  5184                           
  5185                           	psect	text32
  5186     04B8                     __ptext32:	
  5187 ;; *************** function _ADC_ISR *****************
  5188 ;; Defined at:
  5189 ;;		line 158 in file "mcc_generated_files/adc/src/adc.c"
  5190 ;; Parameters:    Size  Location     Type
  5191 ;;		None
  5192 ;; Auto vars:     Size  Location     Type
  5193 ;;		None
  5194 ;; Return value:  Size  Location     Type
  5195 ;;                  1    wreg      void 
  5196 ;; Registers used:
  5197 ;;		None
  5198 ;; Tracked objects:
  5199 ;;		On entry : 0/0
  5200 ;;		On exit  : 0/0
  5201 ;;		Unchanged: 0/0
  5202 ;; Data sizes:     COMMON   BANK0   BANK1   BANK2   BANK3   BANK4   BANK5
  5203 ;;      Params:         0       0       0       0       0       0       0
  5204 ;;      Locals:         0       0       0       0       0       0       0
  5205 ;;      Temps:          0       0       0       0       0       0       0
  5206 ;;      Totals:         0       0       0       0       0       0       0
  5207 ;;Total ram usage:        0 bytes
  5208 ;; Hardware stack levels used: 1
  5209 ;; This function calls:
  5210 ;;		Nothing
  5211 ;; This function is called by:
  5212 ;;		_INTERRUPT_InterruptManager
  5213 ;; This function uses a non-reentrant model
  5214 ;;
  5215                           
  5216     04B8                     _ADC_ISR:	
  5217                           ;psect for function _ADC_ISR
  5218                           
  5219     04B8                     i1l1903:	
  5220                           ;incstack = 0
  5221                           ; Regs used in _ADC_ISR: []
  5222                           
  5223                           
  5224                           ;mcc_generated_files/adc/src/adc.c: 160:     PIR1bits.ADIF = 0U;
  5225     04B8  0020               	movlb	0	; select bank0
  5226     04B9  1311               	bcf	17,6	;volatile
  5227     04BA                     i1l77:
  5228     04BA  0008               	return
  5229     04BB                     __end_of_ADC_ISR:
  5230     0002                     ___latbits      equ	2
  5231     007E                     btemp           set	126	;btemp
  5232     007E                     int$flags       set	126
  5233     007E                     btemp0          set	126
  5234     007F                     btemp1          set	127
  5235     007E                     wtemp0          set	126
  5236     007F                     wtemp0a         set	127
  5237     007F                     ttemp0a         set	127
  5238     0080                     ltemp0a         set	128
  5239                           
  5240                           	psect	config
  5241                           
  5242                           ;Config register CONFIG1 @ 0x8007
  5243                           ;	Oscillator Selection
  5244                           ;	FOSC = INTOSC, INTOSC oscillator: I/O function on CLKIN pin
  5245                           ;	Watchdog Timer Enable
  5246                           ;	WDTE = OFF, WDT disabled
  5247                           ;	Power-up Timer Enable
  5248                           ;	PWRTE = OFF, PWRT disabled
  5249                           ;	MCLR Pin Function Select
  5250                           ;	MCLRE = ON, MCLR/VPP pin function is MCLR
  5251                           ;	Flash Program Memory Code Protection
  5252                           ;	CP = OFF, Program memory code protection is disabled
  5253                           ;	Data Memory Code Protection
  5254                           ;	CPD = OFF, Data memory code protection is disabled
  5255                           ;	Brown-out Reset Enable
  5256                           ;	BOREN = ON, Brown-out Reset enabled
  5257                           ;	Clock Out Enable
  5258                           ;	CLKOUTEN = OFF, CLKOUT function is disabled. I/O or oscillator function on the CLKOUT 
      +                          pin
  5259                           ;	Internal/External Switchover
  5260                           ;	IESO = ON, Internal/External Switchover mode is enabled
  5261                           ;	Fail-Safe Clock Monitor Enable
  5262                           ;	FCMEN = ON, Fail-Safe Clock Monitor is enabled
  5263     8007                     	org	32775
  5264     8007  3FE4               	dw	16356
  5265                           
  5266                           ;Config register CONFIG2 @ 0x8008
  5267                           ;	Flash Memory Self-Write Protection
  5268                           ;	WRT = OFF, Write protection off
  5269                           ;	Voltage Regulator Capacitor Enable
  5270                           ;	VCAPEN = OFF, All VCAP pin functionality is disabled
  5271                           ;	PLL Enable
  5272                           ;	PLLEN = OFF, 4x PLL disabled
  5273                           ;	Stack Overflow/Underflow Reset Enable
  5274                           ;	STVREN = ON, Stack Overflow or Underflow will cause a Reset
  5275                           ;	Brown-out Reset Voltage Selection
  5276                           ;	BORV = LO, Brown-out Reset Voltage (Vbor), low trip point selected.
  5277                           ;	Low-Voltage Programming Enable
  5278                           ;	LVP = ON, Low-voltage programming enabled
  5279     8008                     	org	32776
  5280     8008  3EFF               	dw	16127

Data Sizes:
    Strings     0
    Constant    0
    Data        1
    BSS         19
    Persistent  56
    Stack       0

Auto Spaces:
    Space          Size  Autos    Used
    COMMON           14     11      13
    BANK0            80     27      53
    BANK1            80      0       0
    BANK2            80      0       0
    BANK3            80      0       0
    BANK4            80      0       0
    BANK5            80      0       0

Pointer List with Targets:

    ADC_ConversionDoneCallback	PTR FTN()void  size(2) Largest target is 1
		 -> NULL(), NULL(NULL[0]), 

    DATA_IN_InterruptHandler	PTR FTN()void  size(2) Largest target is 1
		 -> DATA_IN_DefaultInterruptHandler(), protocol_on_bus_change(), NULL(), 

    DATA_IN_SetInterruptHandler@InterruptHandler	PTR FTN()void  size(2) Largest target is 1
		 -> DATA_IN_DefaultInterruptHandler(), protocol_on_bus_change(), 

    INT_InterruptHandler	PTR FTN()void  size(2) Largest target is 1
		 -> INT_DefaultInterruptHandler(), NULL(), 

    INT_SetInterruptHandler@InterruptHandler	PTR FTN()void  size(2) Largest target is 1
		 -> INT_DefaultInterruptHandler(), 

    TMR1_GateCallback	PTR FTN()void  size(2) Largest target is 1
		 -> TMR1_DefaultGateCallback(), NULL(), 

    TMR1_OverflowCallback	PTR FTN()void  size(2) Largest target is 1
		 -> Timer1_TimeoutHandler(), TMR1_DefaultOverflowCallback(), NULL(), 

    TMR1_OverflowCallbackRegister@CallbackHandler	PTR FTN()void  size(2) Largest target is 1
		 -> Timer1_TimeoutHandler(), 


Critical Paths under _main in COMMON

    None.

Critical Paths under _INTERRUPT_InterruptManager in COMMON

    _TMR1_OverflowISR->i1_TMR1_CounterSet
    _protocol_on_bus_change->_TMR1_CounterGet

Critical Paths under _main in BANK0

    _main->_process_command
    _send_response_phase->_send_pulse
    _send_response_phase->_send_type_bits
    _process_command->_TMR1_CounterSet
    _PIN_MANAGER_Initialize->_DATA_IN_SetInterruptHandler
    _INTERRUPT_Initialize->_INT_SetInterruptHandler

Critical Paths under _INTERRUPT_InterruptManager in BANK0

    _DATA_IN_ISR->_protocol_on_bus_change

Critical Paths under _main in BANK1

    None.

Critical Paths under _INTERRUPT_InterruptManager in BANK1

    None.

Critical Paths under _main in BANK2

    None.

Critical Paths under _INTERRUPT_InterruptManager in BANK2

    None.

Critical Paths under _main in BANK3

    None.

Critical Paths under _INTERRUPT_InterruptManager in BANK3

    None.

Critical Paths under _main in BANK4

    None.

Critical Paths under _INTERRUPT_InterruptManager in BANK4

    None.

Critical Paths under _main in BANK5

    None.

Critical Paths under _INTERRUPT_InterruptManager in BANK5

    None.

Call Graph Tables:

 ---------------------------------------------------------------------------------
 (Depth) Function   	        Calls       Base Space   Used Autos Params    Refs
 ---------------------------------------------------------------------------------
 (0) _main                                                 5     5      0     778
                                             22 BANK0      5     5      0
        _DATA_IN_SetInterruptHandler
                  _SYSTEM_Initialize
                    _TMR1_CounterSet
      _TMR1_OverflowCallbackRegister
                         _TMR1_Start
                          _TMR1_Stop
                        _eeprom_read
                    _process_command
                _send_response_phase
 ---------------------------------------------------------------------------------
 (1) _send_response_phase                                  4     4      0     212
                                             16 BANK0      4     4      0
                       _read_adc_rb1
                         _send_pulse
                     _send_type_bits
 ---------------------------------------------------------------------------------
 (2) _send_type_bits                                       3     3      0      97
                                             13 BANK0      3     3      0
 ---------------------------------------------------------------------------------
 (2) _send_pulse                                           3     1      2      46
                                             13 BANK0      3     1      2
 ---------------------------------------------------------------------------------
 (2) _read_adc_rb1                                         2     0      2       0
                                             13 BANK0      2     0      2
 ---------------------------------------------------------------------------------
 (1) _process_command                                      6     6      0     258
                                             16 BANK0      6     6      0
                    _TMR1_CounterSet
                         _TMR1_Start
                       _eeprom_write
 ---------------------------------------------------------------------------------
 (2) _eeprom_write                                         2     1      1      52
                                             13 BANK0      2     1      1
 ---------------------------------------------------------------------------------
 (2) _TMR1_Start                                           0     0      0       0
 ---------------------------------------------------------------------------------
 (2) _TMR1_CounterSet                                      3     1      2     114
                                             13 BANK0      3     1      2
 ---------------------------------------------------------------------------------
 (1) _eeprom_read                                          1     1      0      29
                                             13 BANK0      1     1      0
 ---------------------------------------------------------------------------------
 (1) _TMR1_Stop                                            0     0      0       0
 ---------------------------------------------------------------------------------
 (1) _TMR1_OverflowCallbackRegister                        2     0      2      23
                                             13 BANK0      2     0      2
 ---------------------------------------------------------------------------------
 (1) _SYSTEM_Initialize                                    0     0      0      47
                     _ADC_Initialize
                   _CLOCK_Initialize
               _INTERRUPT_Initialize
             _PIN_MANAGER_Initialize
                    _TMR1_Initialize
 ---------------------------------------------------------------------------------
 (2) _TMR1_Initialize                                      0     0      0       0
 ---------------------------------------------------------------------------------
 (2) _PIN_MANAGER_Initialize                               0     0      0      24
        _DATA_IN_SetInterruptHandler
 ---------------------------------------------------------------------------------
 (3) _DATA_IN_SetInterruptHandler                          2     0      2      24
                                             13 BANK0      2     0      2
 ---------------------------------------------------------------------------------
 (2) _INTERRUPT_Initialize                                 0     0      0      23
            _INT_SetInterruptHandler
 ---------------------------------------------------------------------------------
 (3) _INT_SetInterruptHandler                              2     0      2      23
                                             13 BANK0      2     0      2
 ---------------------------------------------------------------------------------
 (2) _CLOCK_Initialize                                     0     0      0       0
 ---------------------------------------------------------------------------------
 (2) _ADC_Initialize                                       0     0      0       0
 ---------------------------------------------------------------------------------
 Estimated maximum stack depth 3
 ---------------------------------------------------------------------------------
 (Depth) Function   	        Calls       Base Space   Used Autos Params    Refs
 ---------------------------------------------------------------------------------
 (4) _INTERRUPT_InterruptManager                           0     0      0     434
                            _ADC_ISR
                    _PIN_MANAGER_IOC
                   _TMR1_OverflowISR
 ---------------------------------------------------------------------------------
 (5) _TMR1_OverflowISR                                     0     0      0     114
                                NULL *
       _TMR1_DefaultOverflowCallback *
              _Timer1_TimeoutHandler *
                  i1_TMR1_CounterSet
 ---------------------------------------------------------------------------------
 (6) _Timer1_TimeoutHandler                                0     0      0       0
                        i1_TMR1_Stop
 ---------------------------------------------------------------------------------
 (6) _TMR1_DefaultOverflowCallback                         0     0      0       0
 ---------------------------------------------------------------------------------
 (5) _PIN_MANAGER_IOC                                      0     0      0     320
                        _DATA_IN_ISR
 ---------------------------------------------------------------------------------
 (6) _DATA_IN_ISR                                          0     0      0     320
                                NULL *
    _DATA_IN_DefaultInterruptHandler *
             _protocol_on_bus_change *
 ---------------------------------------------------------------------------------
 (7) _protocol_on_bus_change                              13    13      0     320
                                              0 BANK0     13    13      0
                    _TMR1_CounterGet
                  i1_TMR1_CounterSet
                       i1_TMR1_Start
                        i1_TMR1_Stop
 ---------------------------------------------------------------------------------
 (8) i1_TMR1_Stop                                          0     0      0       0
 ---------------------------------------------------------------------------------
 (8) i1_TMR1_Start                                         0     0      0       0
 ---------------------------------------------------------------------------------
 (8) i1_TMR1_CounterSet                                    3     1      2     114
                                              0 COMMON     3     1      2
 ---------------------------------------------------------------------------------
 (8) _TMR1_CounterGet                                     11     9      2      69
                                              0 COMMON    11     9      2
 ---------------------------------------------------------------------------------
 (7) _DATA_IN_DefaultInterruptHandler                      0     0      0       0
 ---------------------------------------------------------------------------------
 (7) NULL(Fake)                                            0     0      0       0
 ---------------------------------------------------------------------------------
 (5) _ADC_ISR                                              0     0      0       0
 ---------------------------------------------------------------------------------
 Estimated maximum stack depth 8
 ---------------------------------------------------------------------------------

 Call Graph Graphs:

 _main (ROOT)
   _DATA_IN_SetInterruptHandler
   _SYSTEM_Initialize
     _ADC_Initialize
     _CLOCK_Initialize
     _INTERRUPT_Initialize
       _INT_SetInterruptHandler
     _PIN_MANAGER_Initialize
       _DATA_IN_SetInterruptHandler
     _TMR1_Initialize
   _TMR1_CounterSet
   _TMR1_OverflowCallbackRegister
   _TMR1_Start
   _TMR1_Stop
   _eeprom_read
   _process_command
     _TMR1_CounterSet
     _TMR1_Start
     _eeprom_write
   _send_response_phase
     _read_adc_rb1
     _send_pulse
     _send_type_bits

 _INTERRUPT_InterruptManager (ROOT)
   _ADC_ISR
   _PIN_MANAGER_IOC
     _DATA_IN_ISR
       NULL(Fake) *
       _DATA_IN_DefaultInterruptHandler *
       _protocol_on_bus_change *
         _TMR1_CounterGet
         i1_TMR1_CounterSet
         i1_TMR1_Start
         i1_TMR1_Stop
   _TMR1_OverflowISR
     NULL(Fake) *
     _TMR1_DefaultOverflowCallback *
     _Timer1_TimeoutHandler *
       i1_TMR1_Stop
     i1_TMR1_CounterSet *

Address spaces:
Name               Size   Autos  Total    Usage
BITCOMMON           14      0       0      0.0%
BITBANK0            80      0       0      0.0%
BITBANK1            80      0       0      0.0%
BITBANK2            80      0       0      0.0%
BITBANK3            80      0       0      0.0%
BITBANK4            80      0       0      0.0%
BITBANK5            80      0       0      0.0%
BIGRAM             480      0       0      0.0%
COMMON              14     11      13     92.9%
BANK0               80     27      53     66.2%
BANK1               80      0       0      0.0%
BANK2               80      0       0      0.0%
BANK3               80      0       0      0.0%
BANK4               80      0       0      0.0%
BANK5               80      0       0      0.0%
STACK                0      0       0      0.0%
DATA                 0      0      66      0.0%


Microchip Technology PIC Macro Assembler V3.10 build 20250813170317 
Symbol Table                                                                                   Thu Apr 30 23:22:15 2026

                                          l21 045E                                           l102 0479  
                                         l124 04AB                                           l207 04A5  
                                         l136 0493                                           l411 02CB  
                                         l149 044E                                           l245 04AE  
                                         l430 0385                                           l239 03BA  
                                         l248 04B1                                           l256 03EB  
                                         l512 0258                                           l433 0395  
                                         l425 036F                                           l522 02C4  
                                         l506 0218                                           l419 02FF  
                                         l196 035E                                           l380 0482  
                                         l436 03A0                                           l461 008C  
                                         l509 0228                                           l383 042D  
                                         l472 00D1                                           l464 009C  
                                         l448 0333                                           l298 049F  
                                         l466 0145                                           l475 00E2  
                                         l479 0109                                           u810 036F  
                                         u811 036E                                           u900 0060  
                                         u820 0385                                           u804 0367  
                                         u901 005F                                           u821 0384  
                                         u805 0366                                           u910 0066  
                                         u830 0399                                           u911 0065  
                                         u831 0398                                           u760 03D9  
                                         u920 006F                                           u761 03D8  
                                         u921 006E                                           u930 007A  
                                         u931 0079                                           u940 0080  
                                         u780 02D7                                           u860 0311  
                                         u941 007F                                           u781 02D6  
                                         u861 0310                                           u950 00BA  
                                         u870 004D                                           u790 02EA  
                                         u951 00B9                                           u871 004C  
                                         u791 02E9                                           u960 00C3  
                                         u880 0052                                           u961 00C2  
                                         u881 0051                                           u970 00C9  
                                         u890 0058                                           u971 00C8  
                                         u955 00B6                                           u891 0057  
                                         u980 00CF                                           u981 00CE  
                                         u990 0101                                           u991 0100  
                                         u995 00FD                               _timer1ReloadVal 007B  
                             __end_of_ADC_ISR 04BB                                           wreg 0009  
                      _protocol_on_bus_change 0146                                          l2001 00BD  
                                        l2003 00C3                                          l2021 010B  
                                        l2013 00D3                                          l2005 00C9  
                                        l2031 011C                                          l2023 010D  
                                        l2015 00E0                                          l2007 00CF  
                                        l2111 0237                                          l2041 012C  
                                        l2033 011F                                          l2025 0113  
                                        l2017 0102                                          l2121 0253  
                                        l2113 023D                                          l2105 021A  
                                        l2043 0132                                          l2035 0121  
                                        l2027 0116                                          l2051 0137  
                                        l2131 0265                                          l2123 025A  
                                        l2115 0240                                          l2107 0226  
                                        l2045 0133                                          l2037 0127  
                                        l2029 0118                                          l2141 0284  
                                        l2133 0271                                          l2125 0261  
                                        l2117 0248                                          l2109 0234  
                                        l2047 0135                                          l2039 012A  
                                        l2151 029C                                          l2143 0286  
                                        l2135 0273                                          l2127 0262  
                                        l2119 024E                                          l2161 02AF  
                                        l2153 02A3                                          l2145 0292  
                                        l2137 0276                                          l2129 0263  
                                        l2163 02B5                                          l2155 02A8  
                                        l2147 0298                                          l2139 027B  
                                        l2091 020F                                          l2165 02B7  
                                        l2157 02A9                                          l2149 0299  
                                        l2093 0212                                          l2167 02BB  
                                        l2159 02AC                                          l2095 0214  
                                        l1801 03AB                                          l2169 02C1  
                                        l2097 0215                                          l1811 03B7  
                                        l1803 03AC                                          l2099 0216  
                                        l1805 03B0                                          l1821 03D4  
                                        l1751 0453                                          l1807 03B4  
                                        l1823 03D9                                          l1831 03E7  
                                        l1753 0459                                          l1761 0471  
                                        l1809 03B5                                          l1921 043F  
                                        l1833 03E9                                          l1825 03DC  
                                        l1841 0425                                          l1755 045A  
                                        l1763 048C                                          l1771 033A  
                                        l1923 0442                                          l1931 047C  
                                        l1827 03DD                                          l1819 04AC  
                                        l1851 042C                                          l1843 0426  
                                        l1835 041C                                          l1757 045C  
                                        l1749 044F                                          l1765 048F  
                                        l1685 04A6                                          l1781 0346  
                                        l1773 033D                                          l1925 0445  
                                        l1933 047F                                          l1829 03DF  
                                        l1845 0428                                          l1837 0423  
                                        l1861 02CD                                          l1941 0308  
                                        l1759 046E                                          l1687 04A0  
                                        l1791 0352                                          l1783 0348  
                                        l1775 033F                                          l1767 0334  
                                        l1927 04AF                                          l1935 0480  
                                        l1847 042A                                          l1839 0424  
                                        l1871 02FD                                          l1863 02D7  
                                        l1943 0311                                          l1793 0355  
                                        l1785 034B                                          l1777 0341  
                                        l1769 0338                                          l1929 049A  
                                        l1849 042B                                          l1961 0052  
                                        l1865 02E1                                          l1881 0371  
                                        l1873 0361                                          l1945 0316  
                                        l1795 035D                                          l1787 034D  
                                        l1779 0343                                          l1971 0069  
                                        l1963 0058                                          l1891 0386  
                                        l1867 02EA                                          l1883 0375  
                                        l1947 031B                                          l1955 0328  
                                        l1939 0300                                          l1789 034F  
                                        l1797 03A1                                          l1981 0080  
                                        l1973 006F                                          l1965 005B  
                                        l1957 0047                                          l1893 038B  
                                        l1869 02F4                                          l1885 0378  
                                        l1949 0323                                          l1799 03A7  
                                        l1983 0086                                          l1975 0071  
                                        l1967 0060                                          l1959 004D  
                                        l1895 038F                                          l1887 037C  
                                        l1879 0362                                          l1993 008E  
                                        l1985 0089                                          l1977 0074  
                                        l1969 0066                                          l1897 0393  
                                        l1889 037F                                          l1995 009A  
                                        l1987 008A                                          l1979 007A  
                                        l1899 0399                                          l1997 00BB  
                                        u1000 0108                                          u1001 0107  
                                        u1010 0127                                          u1011 0126  
                                        u1020 0132                                          u1021 0131  
                                        u1200 02A8                                          u1120 023D  
                                        u1201 02A7                                          u1121 023C  
                                        u1210 02B5                                          u1130 0253  
                                        u1211 02B4                                          u1131 0252  
                                        u1140 0258                                          u1141 0257  
                                        u1150 0284                                          u1151 0283  
                                        u1160 0290                                          u1161 028D  
                                        u1307 02F8                                          u1227 0220  
                                        u1180 0298                                          u1317 0390  
                                        u1181 0297                                          u1237 022E  
                                        _LATA 010C                                          u1190 02A3  
                                        u1174 0292                                          _LATB 010D  
                                        u1327 0094                                          u1191 02A2  
                                        u1247 026B                                          _LATC 010E  
                                        u1337 00A2                                          u1257 02C5  
                                        _LATE 0110                                          u1347 00D9  
                                        u1267 0372                                          u1357 00E8  
                                        u1277 0379                                          u1367 0119  
                                        u1287 02DB                                          u1297 02EE  
                 TMR1_CounterGet@counterValue 0077                                          i1l77 04BA  
                                        _WPUB 020D                                ??_eeprom_write 002E  
                                        _WPUE 0210                                          _main 020F  
                                        fsr0h 0005                                          fsr1h 0007  
                                        indf0 0000                                          fsr0l 0004  
                                        fsr1l 0006                                          btemp 007E  
                 _INT_DefaultInterruptHandler 0000                                          start 0033  
             __end_of_INT_SetInterruptHandler 04AC                ??_TMR1_DefaultOverflowCallback 0070  
                                       ?_main 0070                                         _T1CON 0018  
                                       _IOCBF 0396                                         _IOCBN 0395  
                                       _IOCBP 0394                       __end_of_TMR1_CounterGet 03D4  
                                       i1l200 048B                                         i1l112 0029  
                                       i1l210 04BD                                         i1l114 0031  
                                       i1l204 046D                                         i1l108 001C  
                                       i1l301 04BC                                         i1l251 03D3  
                                       i1l245 04B7                                         i1l256 0403  
                                       i1l248 04B4                                         i1l391 0146  
                                       i1l295 0419                       __end_of_TMR1_CounterSet 03EC  
                                       i1l395 018F                                         i1l388 043E  
                                       i1l399 020E                                         _TMR1H 0017  
                                       _TMR1L 0016                                         u62_20 03F1  
                                       u70_20 01CA                                         u62_21 03F0  
                                       u70_21 01C8                                         u71_20 01CB  
                                       u63_20 0155                                         u63_21 0154  
                                       u72_20 01D7                                         u64_20 0159  
                                       u64_21 0158                                         u72_25 01D3  
                                       u73_20 01E9                                         u65_20 0183  
                                       u73_21 01E8                                         u65_21 0182  
                                       _TRISA 008C                                         _TRISB 008D  
                                       _TRISC 008E                                         _TRISE 0090  
                                       u74_20 01FB                                         u66_20 018C  
                                       u66_21 018B                                         u74_25 01F7  
                                       u67_20 0193                                         u75_20 0466  
                                       u67_21 0192                                         u75_21 0465  
                                       u68_20 01B0                                         u84_20 0412  
                                       u68_21 01AF                                         u84_21 0411  
                                       u69_20 01C0                                         u85_20 0488  
                                       u77_20 0438                                         u69_21 01BF  
                                       u85_21 0487                                         u77_21 0437  
                                 ?_TMR1_Start 0070                       __end_of_PIN_MANAGER_IOC 048C  
                                       btemp0 007E                                         btemp1 007F  
                                       main@i 003A                       __end_of_TMR1_Initialize 03BB  
                                       pclath 000A                                         status 0003  
                                       wtemp0 007E                               __initialization 0035  
                                ?i1_TMR1_Stop 0070                                  __end_of_main 02CB  
                            _TMR1_OverflowISR 0404                      i1TMR1_CounterSet@onState 0072  
                                   ??_ADC_ISR 0070                   ?_INTERRUPT_InterruptManager 0070  
                                      ??_main 0036                                        _ADCON0 009D  
                                      _ADCON1 009E                                        _ADRESH 009C  
                                      _ADRESL 009B                                        _EEADRL 0191  
                                      _EEDATL 0193                                        _EECON2 0196  
       __end_of_TMR1_OverflowCallbackRegister 04A0                 _TMR1_OverflowCallbackRegister 049A  
                                      _ANSELA 018C                                        _ANSELB 018D  
               TMR1_CounterGet@counterLowByte 007A                                        _BORCON 0116  
                                      _T1GCON 0019       __end_of_DATA_IN_DefaultInterruptHandler 04BE  
           ??_DATA_IN_DefaultInterruptHandler 0070              ?_DATA_IN_DefaultInterruptHandler 0070  
             _DATA_IN_DefaultInterruptHandler 04BD                                        u103_20 000E  
                                      u103_21 000D                                        i1l2061 0018  
                                      i1l2063 0021                                        i1l2055 000A  
                                      u104_20 0013                                        i1l2065 0026  
                                      u104_21 0012                                        i1l2057 000E  
                                      i1l2067 002D                                        i1l2059 0013  
                                      i1l1701 0163                                        i1l2069 0030  
                                      i1l1703 0166                                        u105_20 0018  
                                      i1l1721 01B2                                        i1l1705 017A  
                                      u105_21 0017                                        i1l1731 01E1  
                                      i1l1723 01B3                                        i1l1715 0194  
                                      i1l1707 0183                                        i1l1741 01FF  
                                      i1l1733 01E3                                        i1l1725 01BB  
                                      i1l1717 0197                                        i1l1709 018C  
                                      i1l1813 045F                                        i1l1903 04B8  
                                      i1l1663 03BB                                        i1l1671 03EC  
                                      i1l1743 0201                                        i1l1735 01E9  
                                      i1l1727 01C0                                        i1l1719 01B0  
                                      i1l1815 0466                                        i1l1911 040B  
                                      u106_20 0021                                        i1l1673 03F1  
                                      i1l1681 03FF                                        i1l1745 0203  
                                      i1l1737 01EB                                        i1l1729 01CC  
                                      i1l1817 046B                                        i1l1913 0412  
                                      u106_21 0020                                        i1l1683 0401  
                                      i1l1675 03F4                                        i1l1667 04B5  
                                      i1l1747 020C                                        i1l1739 01EE  
                                      i1l1691 014C                                        i1l1915 0417  
                                      i1l1677 03F5                                        i1l1669 04B2  
                                      i1l1693 014E                                        i1l1917 0483  
                                      i1l1853 042E                                        i1l1909 0404  
                                      i1l1679 03F7                                        i1l1695 0155  
                                      i1l1919 0488                                        i1l1855 0431  
                                      u107_20 0026                                        i1l1697 0159  
                                      i1l1689 0148                                        i1l1857 0438  
                                      u107_21 0025                                        i1l1699 015F  
                                      i1l1859 043C                                        u108_20 002D  
                                      u108_21 002C                                        u137_27 0149  
                                      u138_27 0207                                        _OSCCON 0099  
                               ?_read_adc_rb1 002D                             __end_of_TMR1_Stop 04B2  
                       _Timer1_TimeoutHandler 042E                   protocol_on_bus_change@ticks 0024  
                        __end_of_eeprom_write 042E                             ?_CLOCK_Initialize 0070  
                            ?_TMR1_CounterGet 0070                              ?_TMR1_CounterSet 002D  
                          ??_CLOCK_Initialize 002D                                        ltemp0a 0080  
                                      ttemp0a 007F   DATA_IN_SetInterruptHandler@InterruptHandler 002D  
     INT_SetInterruptHandler@InterruptHandler 002D                              ?_PIN_MANAGER_IOC 0070  
                                      wtemp0a 007F                              ?_TMR1_Initialize 0070  
                           _SYSTEM_Initialize 043F                                ??_read_adc_rb1 002F  
                     __end_of__initialization 0043                               eeprom_read@addr 002D  
                          ?_SYSTEM_Initialize 0070                                __pcstackCOMMON 0070  
                               ?i1_TMR1_Start 0070                                  __pidataBANK0 04BB  
                         ??_SYSTEM_Initialize 002F                  ?_DATA_IN_SetInterruptHandler 002D  
                  _ADC_ConversionDoneCallback 003F                       ?_protocol_on_bus_change 0070  
                              _OPTION_REGbits 0095                     __end_of_SYSTEM_Initialize 044F  
                                  __pbssBANK0 003B                ?_TMR1_OverflowCallbackRegister 002D  
                          send_type_bits@type 002E                                    __pmaintext 020F  
              TMR1_CounterGet@counterHighByte 0079                                _send_type_bits 035F  
                              ??i1_TMR1_Start 0070                        ?_Timer1_TimeoutHandler 0070  
                                  __pintentry 0004                                       _ADC_ISR 04B8  
              __end_of_protocol_on_bus_change 020F                     protocol_on_bus_change@bit 002A  
                              _set_addr_state 0046                                       _OSCTUNE 0098  
                                ??_TMR1_Start 002D                      __end_of_TMR1_OverflowISR 041A  
                    protocol_on_bus_change@us 002B                                 ??_DATA_IN_ISR 007B  
                      __end_of_send_type_bits 0386                            __end_of_TMR1_Start 04AF  
                             send_type_bits@i 002F                          __end_of_read_adc_rb1 03A1  
                                     __ptext1 0300                                       __ptext2 035F  
                                     __ptext3 02CB                                       __ptext4 0386  
                                     __ptext5 0047                                       __ptext6 041A  
                                     __ptext7 04AC                                       __ptext8 03D4  
                                     __ptext9 047A                                     _T1CONbits 0018  
                      TMR1_CounterSet@onState 002F                  protocol_on_bus_change@us_838 0028  
                    ??_PIN_MANAGER_Initialize 002F                                     _IOCBFbits 0396  
                     _INT_SetInterruptHandler 04A6                                       _rx_addr 0047  
                                     _rx_mode 0048                                       clrloop0 0495  
                        end_of_initialization 0043                             ??_process_command 0030  
                                _eeprom_write 041A                                    _my_address 0054  
                                  _send_pulse 02CB                               ?_send_type_bits 0070  
                                 _t2_received 0042               protocol_on_bus_change@ticks_837 0026  
                         __end_of_DATA_IN_ISR 046E                                     _PORTBbits 000D  
                                   _TMR1_Stop 04AF                         _TMR1_OverflowCallback 004E  
TMR1_OverflowCallbackRegister@CallbackHandler 002D                                     _TRISCbits 008E  
                        __end_ofi1_TMR1_Start 04B8                                 ??_eeprom_read 002D  
                __end_of_INTERRUPT_Initialize 047A                           _send_response_phase 0300  
                              _ADC_Initialize 044F                                    ?_TMR1_Stop 0070  
                   ??_INT_SetInterruptHandler 002F                           start_initialization 0035  
                           i1_TMR1_CounterSet 03EC                              _activate_counter 0043  
                          ?i1_TMR1_CounterSet 0070                          ?_send_response_phase 0070  
                         ??i1_TMR1_CounterSet 0072                                   ?_send_pulse 002D  
                                 _DATA_IN_ISR 045F                       ??_Timer1_TimeoutHandler 0070  
                         __end_of_eeprom_read 0483                      _TMR1_DefaultGateCallback 0000  
                      __end_of_ADC_Initialize 045F                                   __pdataBANK0 0054  
                                    ?_ADC_ISR 0070               ??_TMR1_OverflowCallbackRegister 002F  
                   __end_ofi1_TMR1_CounterSet 0404                                   __pbssCOMMON 007B  
                                   ___latbits 0002                                 __pcstackBANK0 0020  
                       ??_send_response_phase 0030                             _TMR1_GateCallback 004C  
                           ?_TMR1_OverflowISR 0070                              eeprom_write@addr 002E  
                            eeprom_write@data 002D                            ??_TMR1_OverflowISR 0073  
                                _read_adc_rb1 0386                                     __pnvBANK0 004C  
                              _response_phase 0041                        _PIN_MANAGER_Initialize 0334  
                                   _cmd_ready 0049                                 ??i1_TMR1_Stop 0070  
                                   _bit_count 004A                              main@loop_counter 0038  
                             ?_ADC_Initialize 0070                  ??_INTERRUPT_InterruptManager 007B  
                                 ??_TMR1_Stop 002D                               _process_command 0047  
                        _INTERRUPT_Initialize 046E                              ??_send_type_bits 002D  
                            _CLOCK_Initialize 048C                                 _reset_counter 0044  
                                    _LATAbits 010C                                      _LATCbits 010E  
                                   clear_ram0 0494                                   _eeprom_read 047A  
                        process_command@i_865 0034                                      _PIE1bits 0091  
                           ??_TMR1_CounterGet 0072                             ??_TMR1_CounterSet 002F  
                                    _PIR1bits 0011           __end_of_DATA_IN_SetInterruptHandler 04A6  
                 _DATA_IN_SetInterruptHandler 04A0                                  i1_TMR1_Start 04B5  
                           ??_PIN_MANAGER_IOC 007B                                     _rx_buffer 003B  
                           ??_TMR1_Initialize 002D                                    _ADCON0bits 009D  
                         __end_ofi1_TMR1_Stop 04B5                 ??_DATA_IN_SetInterruptHandler 002F  
                 send_response_phase@pulse_us 0032                         ?_INTERRUPT_Initialize 0070  
                                send_pulse@us 002D                                    _EECON1bits 0195  
                    ??_protocol_on_bus_change 0020                       __end_of_process_command 0146  
                                    ___int_sp 0000                      _DATA_IN_InterruptHandler 0050  
                                    __ptext10 04AF                                      __ptext11 049A  
                                    __ptext12 043F                                      __ptext21 0404  
                                    __ptext13 03A1                                    _T1GCONbits 0019  
                                    __ptext30 03EC                                      __ptext22 04BC  
                                    __ptext14 0334                                      __ptext31 03BB  
                                    __ptext23 042E                                      __ptext15 04A0  
                                    __ptext32 04B8                                      __ptext24 0483  
                                    __ptext16 046E                                      __ptext25 045F  
                                    __ptext17 04A6                                      __ptext26 04BD  
                                    __ptext18 048C                                      __ptext27 0146  
                                    __ptext19 044F                                      __ptext28 04B2  
                                    __ptext29 04B5                                   _new_address 0045  
                                ??_send_pulse 002F                    send_response_phase@adc_val 0030  
                                ?_DATA_IN_ISR 0070          __end_of_TMR1_DefaultOverflowCallback 04BD  
                _TMR1_DefaultOverflowCallback 04BC                 __end_of_Timer1_TimeoutHandler 043F  
                                 i1_TMR1_Stop 04B2                       TMR1_CounterSet@timerVal 002D  
                                    int$flags 007E            __end_of_INTERRUPT_InterruptManager 0033  
                  _INTERRUPT_InterruptManager 0004                                      _rx_state 004B  
                                  _INTCONbits 000B                     i1TMR1_CounterSet@timerVal 0070  
                          __end_of_send_pulse 0300                          _INT_InterruptHandler 0052  
                      ??_INTERRUPT_Initialize 002F                                      intlevel1 0000  
                     ?_PIN_MANAGER_Initialize 0070                              process_command@i 0032  
                            ??_ADC_Initialize 002D                 ?_TMR1_DefaultOverflowCallback 0070  
                            ?_process_command 0070                      ?_INT_SetInterruptHandler 002D  
                    __end_of_CLOCK_Initialize 0494                   __end_of_send_response_phase 0334  
                                  _TMR1_Start 04AC                               _TMR1_CounterGet 03BB  
                             _TMR1_CounterSet 03D4                __end_of_PIN_MANAGER_Initialize 035F  
                               ?_eeprom_write 002D                               _PIN_MANAGER_IOC 0483  
                                ?_eeprom_read 0070                               _TMR1_Initialize 03A1  
