

Microchip MPLAB XC8 Assembler V3.10 build 20250813170317 
                                                                                               Thu Aug 20 23:31:38 2026

Microchip MPLAB XC8 C Compiler v3.10 (Free license) build 20250813170317 Og1 
     1                           	processor	16F1936
     2                           	pagewidth 120
     3                           	opt	flic
     4                           	psect	idataBANK0,global,class=CODE,space=0,delta=2,noexec
     5                           	psect	nvBANK0,global,class=BANK0,space=1,delta=1,noexec
     6                           	psect	cinit,global,class=CODE,space=0,merge=1,delta=2
     7                           	psect	bssCOMMON,global,class=COMMON,space=1,delta=1,noexec
     8                           	psect	bssBANK0,global,class=BANK0,space=1,delta=1,noexec
     9                           	psect	dataBANK0,global,class=BANK0,space=1,delta=1,noexec
    10                           	psect	clrtext,global,class=CODE,space=0,delta=2
    11                           	psect	cstackCOMMON,global,class=COMMON,space=1,delta=1,noexec
    12                           	psect	cstackBANK0,global,class=BANK0,space=1,delta=1,noexec
    13                           	psect	maintext,global,class=CODE,space=0,merge=1,split=1,delta=2
    14                           	psect	text1,local,class=CODE,space=0,merge=1,delta=2
    15                           	psect	text2,local,class=CODE,space=0,merge=1,delta=2
    16                           	psect	text3,local,class=CODE,space=0,merge=1,delta=2
    17                           	psect	text4,local,class=CODE,space=0,merge=1,delta=2
    18                           	psect	text5,local,class=CODE,space=0,merge=1,delta=2
    19                           	psect	text6,local,class=CODE,space=0,merge=1,delta=2
    20                           	psect	text7,local,class=CODE,space=0,merge=1,delta=2
    21                           	psect	text8,local,class=CODE,space=0,merge=1,delta=2
    22                           	psect	text9,local,class=CODE,space=0,merge=1,delta=2
    23                           	psect	text10,local,class=CODE,space=0,merge=1,delta=2
    24                           	psect	text11,local,class=CODE,space=0,merge=1,delta=2,group=1
    25                           	psect	text12,local,class=CODE,space=0,merge=1,delta=2
    26                           	psect	text13,local,class=CODE,space=0,merge=1,delta=2
    27                           	psect	text14,local,class=CODE,space=0,merge=1,delta=2
    28                           	psect	text15,local,class=CODE,space=0,merge=1,delta=2
    29                           	psect	text16,local,class=CODE,space=0,merge=1,delta=2
    30                           	psect	text17,local,class=CODE,space=0,merge=1,delta=2
    31                           	psect	text18,local,class=CODE,space=0,merge=1,delta=2
    32                           	psect	text19,local,class=CODE,space=0,merge=1,delta=2
    33                           	psect	text20,local,class=CODE,space=0,merge=1,delta=2
    34                           	psect	text21,local,class=CODE,space=0,merge=1,delta=2
    35                           	psect	intentry,global,class=CODE,space=0,delta=2
    36                           	psect	text23,local,class=CODE,space=0,merge=1,delta=2
    37                           	psect	text24,local,class=CODE,space=0,merge=1,delta=2
    38                           	psect	text25,local,class=CODE,space=0,merge=1,delta=2
    39                           	psect	text26,local,class=CODE,space=0,merge=1,delta=2
    40                           	psect	text27,local,class=CODE,space=0,merge=1,delta=2
    41                           	psect	text28,local,class=CODE,space=0,merge=1,delta=2
    42                           	psect	config,global,abs,ovrld,class=CONFIG,space=4,delta=2,noexec
    43                           	dabs	1,0x7E,2
    44     0000                     
    45                           ; Generated 27/03/2025 GMT
    46                           ; 
    47                           ; Copyright © 2025, Microchip Technology Inc. and its subsidiaries ("Microchip")
    48                           ; All rights reserved.
    49                           ; 
    50                           ; This software is developed by Microchip Technology Inc. and its subsidiaries ("Microch
      +                          ip").
    51                           ; 
    52                           ; Redistribution and use in source and binary forms, with or without modification, are
    53                           ; permitted provided that the following conditions are met:
    54                           ; 
    55                           ;     1. Redistributions of source code must retain the above copyright notice, this lis
      +                          t of
    56                           ;        conditions and the following disclaimer.
    57                           ; 
    58                           ;     2. Redistributions in binary form must reproduce the above copyright notice, this 
      +                          list
    59                           ;        of conditions and the following disclaimer in the documentation and/or other
    60                           ;        materials provided with the distribution. Publication is not required when
    61                           ;        this file is used in an embedded application.
    62                           ; 
    63                           ;     3. Microchip's name may not be used to endorse or promote products derived from th
      +                          is
    64                           ;        software without specific prior written permission.
    65                           ; 
    66                           ; THIS SOFTWARE IS PROVIDED BY MICROCHIP "AS IS" AND ANY EXPRESS OR IMPLIED WARRANTIES,
    67                           ; INCLUDING, BUT NOT LIMITED TO, THE IMPLIED WARRANTIES OF MERCHANTABILITY AND FITNESS F
      +                          OR
    68                           ; PURPOSE ARE DISCLAIMED.  IN NO EVENT SHALL MICROCHIP BE LIABLE FOR ANY DIRECT, INDIREC
      +                          T,
    69                           ; INCIDENTAL, SPECIAL, EXEMPLARY, OR CONSEQUENTIAL DAMAGES (INCLUDING BUT NOT LIMITED TO
    70                           ; PROCUREMENT OF SUBSTITUTE GOODS OR SERVICES; LOSS OF USE, DATA OR PROFITS; OR BUSINESS
    71                           ; INTERRUPTION) HOWSOEVER CAUSED AND ON ANY THEORY OF LIABILITY, WHETHER IN CONTRACT, ST
      +                          RICT
    72                           ; LIABILITY, OR TORT (INCLUDING NEGLIGENCE OR OTHERWISE) ARISING IN ANY WAY OUT OF THE U
      +                          SE OF
    73                           ; THIS SOFTWARE, EVEN IF ADVISED OF THE POSSIBILITY OF SUCH DAMAGE.
    74                           ; 
    75                           ; 
    76                           ; Code-generator required, PIC16F1936 Definitions
    77                           ; 
    78                           ; SFR Addresses
    79     0008                     bsr             equ	8
    80     0005                     fsr0h           equ	5
    81     0004                     fsr0l           equ	4
    82     0007                     fsr1h           equ	7
    83     0006                     fsr1l           equ	6
    84     0000                     indf            equ	0
    85     0000                     indf0           equ	0
    86     0001                     indf1           equ	1
    87     000B                     intcon          equ	11
    88     0002                     pc              equ	2
    89     0002                     pcl             equ	2
    90     000A                     pclath          equ	10
    91     0003                     status          equ	3
    92     0009                     wreg            equ	9
    93     0000                     INDF0           equ	0	;# 
    94     0001                     INDF1           equ	1	;# 
    95     0002                     PCL             equ	2	;# 
    96     0003                     STATUS          equ	3	;# 
    97     0004                     FSR0L           equ	4	;# 
    98     0005                     FSR0H           equ	5	;# 
    99     0006                     FSR1L           equ	6	;# 
   100     0007                     FSR1H           equ	7	;# 
   101     0008                     BSR             equ	8	;# 
   102     0009                     WREG            equ	9	;# 
   103     000A                     PCLATH          equ	10	;# 
   104     000B                     INTCON          equ	11	;# 
   105     000C                     PORTA           equ	12	;# 
   106     000D                     PORTB           equ	13	;# 
   107     000E                     PORTC           equ	14	;# 
   108     0010                     PORTE           equ	16	;# 
   109     0011                     PIR1            equ	17	;# 
   110     0012                     PIR2            equ	18	;# 
   111     0013                     PIR3            equ	19	;# 
   112     0015                     TMR0            equ	21	;# 
   113     0016                     TMR1            equ	22	;# 
   114     0016                     TMR1L           equ	22	;# 
   115     0017                     TMR1H           equ	23	;# 
   116     0018                     T1CON           equ	24	;# 
   117     0019                     T1GCON          equ	25	;# 
   118     001A                     TMR2            equ	26	;# 
   119     001B                     PR2             equ	27	;# 
   120     001C                     T2CON           equ	28	;# 
   121     001E                     CPSCON0         equ	30	;# 
   122     001F                     CPSCON1         equ	31	;# 
   123     008C                     TRISA           equ	140	;# 
   124     008D                     TRISB           equ	141	;# 
   125     008E                     TRISC           equ	142	;# 
   126     0090                     TRISE           equ	144	;# 
   127     0091                     PIE1            equ	145	;# 
   128     0092                     PIE2            equ	146	;# 
   129     0093                     PIE3            equ	147	;# 
   130     0095                     OPTION_REG      equ	149	;# 
   131     0096                     PCON            equ	150	;# 
   132     0097                     WDTCON          equ	151	;# 
   133     0098                     OSCTUNE         equ	152	;# 
   134     0099                     OSCCON          equ	153	;# 
   135     009A                     OSCSTAT         equ	154	;# 
   136     009B                     ADRES           equ	155	;# 
   137     009B                     ADRESL          equ	155	;# 
   138     009C                     ADRESH          equ	156	;# 
   139     009D                     ADCON0          equ	157	;# 
   140     009E                     ADCON1          equ	158	;# 
   141     010C                     LATA            equ	268	;# 
   142     010D                     LATB            equ	269	;# 
   143     010E                     LATC            equ	270	;# 
   144     0110                     LATE            equ	272	;# 
   145     0111                     CM1CON0         equ	273	;# 
   146     0112                     CM1CON1         equ	274	;# 
   147     0113                     CM2CON0         equ	275	;# 
   148     0114                     CM2CON1         equ	276	;# 
   149     0115                     CMOUT           equ	277	;# 
   150     0116                     BORCON          equ	278	;# 
   151     0117                     FVRCON          equ	279	;# 
   152     0118                     DACCON0         equ	280	;# 
   153     0119                     DACCON1         equ	281	;# 
   154     011A                     SRCON0          equ	282	;# 
   155     011B                     SRCON1          equ	283	;# 
   156     011D                     APFCON          equ	285	;# 
   157     018C                     ANSELA          equ	396	;# 
   158     018D                     ANSELB          equ	397	;# 
   159     0191                     EEADR           equ	401	;# 
   160     0191                     EEADRL          equ	401	;# 
   161     0192                     EEADRH          equ	402	;# 
   162     0193                     EEDAT           equ	403	;# 
   163     0193                     EEDATL          equ	403	;# 
   164     0193                     EEDATA          equ	403	;# 
   165     0194                     EEDATH          equ	404	;# 
   166     0195                     EECON1          equ	405	;# 
   167     0196                     EECON2          equ	406	;# 
   168     0199                     RCREG           equ	409	;# 
   169     019A                     TXREG           equ	410	;# 
   170     019B                     SP1BRG          equ	411	;# 
   171     019B                     SP1BRGL         equ	411	;# 
   172     019B                     SPBRG           equ	411	;# 
   173     019B                     SPBRGL          equ	411	;# 
   174     019C                     SP1BRGH         equ	412	;# 
   175     019C                     SPBRGH          equ	412	;# 
   176     019D                     RCSTA           equ	413	;# 
   177     019E                     TXSTA           equ	414	;# 
   178     019F                     BAUDCON         equ	415	;# 
   179     020D                     WPUB            equ	525	;# 
   180     0210                     WPUE            equ	528	;# 
   181     0211                     SSPBUF          equ	529	;# 
   182     0212                     SSPADD          equ	530	;# 
   183     0213                     SSPMSK          equ	531	;# 
   184     0214                     SSPSTAT         equ	532	;# 
   185     0215                     SSPCON1         equ	533	;# 
   186     0215                     SSPCON          equ	533	;# 
   187     0216                     SSPCON2         equ	534	;# 
   188     0217                     SSPCON3         equ	535	;# 
   189     0291                     CCPR1           equ	657	;# 
   190     0291                     CCPR1L          equ	657	;# 
   191     0292                     CCPR1H          equ	658	;# 
   192     0293                     CCP1CON         equ	659	;# 
   193     0294                     PWM1CON         equ	660	;# 
   194     0295                     CCP1AS          equ	661	;# 
   195     0295                     ECCP1AS         equ	661	;# 
   196     0296                     PSTR1CON        equ	662	;# 
   197     0298                     CCPR2           equ	664	;# 
   198     0298                     CCPR2L          equ	664	;# 
   199     0299                     CCPR2H          equ	665	;# 
   200     029A                     CCP2CON         equ	666	;# 
   201     029B                     PWM2CON         equ	667	;# 
   202     029C                     CCP2AS          equ	668	;# 
   203     029C                     ECCP2AS         equ	668	;# 
   204     029D                     PSTR2CON        equ	669	;# 
   205     029E                     CCPTMRS0        equ	670	;# 
   206     029F                     CCPTMRS1        equ	671	;# 
   207     0311                     CCPR3           equ	785	;# 
   208     0311                     CCPR3L          equ	785	;# 
   209     0312                     CCPR3H          equ	786	;# 
   210     0313                     CCP3CON         equ	787	;# 
   211     0314                     PWM3CON         equ	788	;# 
   212     0315                     CCP3AS          equ	789	;# 
   213     0315                     ECCP3AS         equ	789	;# 
   214     0316                     PSTR3CON        equ	790	;# 
   215     0318                     CCPR4           equ	792	;# 
   216     0318                     CCPR4L          equ	792	;# 
   217     0319                     CCPR4H          equ	793	;# 
   218     031A                     CCP4CON         equ	794	;# 
   219     031C                     CCPR5           equ	796	;# 
   220     031C                     CCPR5L          equ	796	;# 
   221     031D                     CCPR5H          equ	797	;# 
   222     031E                     CCP5CON         equ	798	;# 
   223     0394                     IOCBP           equ	916	;# 
   224     0395                     IOCBN           equ	917	;# 
   225     0396                     IOCBF           equ	918	;# 
   226     0415                     TMR4            equ	1045	;# 
   227     0416                     PR4             equ	1046	;# 
   228     0417                     T4CON           equ	1047	;# 
   229     041C                     TMR6            equ	1052	;# 
   230     041D                     PR6             equ	1053	;# 
   231     041E                     T6CON           equ	1054	;# 
   232     0791                     LCDCON          equ	1937	;# 
   233     0792                     LCDPS           equ	1938	;# 
   234     0793                     LCDREF          equ	1939	;# 
   235     0794                     LCDCST          equ	1940	;# 
   236     0795                     LCDRL           equ	1941	;# 
   237     0798                     LCDSE0          equ	1944	;# 
   238     0799                     LCDSE1          equ	1945	;# 
   239     07A0                     LCDDATA0        equ	1952	;# 
   240     07A1                     LCDDATA1        equ	1953	;# 
   241     07A3                     LCDDATA3        equ	1955	;# 
   242     07A4                     LCDDATA4        equ	1956	;# 
   243     07A6                     LCDDATA6        equ	1958	;# 
   244     07A7                     LCDDATA7        equ	1959	;# 
   245     07A9                     LCDDATA9        equ	1961	;# 
   246     07AA                     LCDDATA10       equ	1962	;# 
   247     0FE4                     STATUS_SHAD     equ	4068	;# 
   248     0FE5                     WREG_SHAD       equ	4069	;# 
   249     0FE6                     BSR_SHAD        equ	4070	;# 
   250     0FE7                     PCLATH_SHAD     equ	4071	;# 
   251     0FE8                     FSR0L_SHAD      equ	4072	;# 
   252     0FE9                     FSR0H_SHAD      equ	4073	;# 
   253     0FEA                     FSR1L_SHAD      equ	4074	;# 
   254     0FEB                     FSR1H_SHAD      equ	4075	;# 
   255     0FED                     STKPTR          equ	4077	;# 
   256     0FEE                     TOSL            equ	4078	;# 
   257     0FEF                     TOSH            equ	4079	;# 
   258     0000                     INDF0           equ	0	;# 
   259     0001                     INDF1           equ	1	;# 
   260     0002                     PCL             equ	2	;# 
   261     0003                     STATUS          equ	3	;# 
   262     0004                     FSR0L           equ	4	;# 
   263     0005                     FSR0H           equ	5	;# 
   264     0006                     FSR1L           equ	6	;# 
   265     0007                     FSR1H           equ	7	;# 
   266     0008                     BSR             equ	8	;# 
   267     0009                     WREG            equ	9	;# 
   268     000A                     PCLATH          equ	10	;# 
   269     000B                     INTCON          equ	11	;# 
   270     000C                     PORTA           equ	12	;# 
   271     000D                     PORTB           equ	13	;# 
   272     000E                     PORTC           equ	14	;# 
   273     0010                     PORTE           equ	16	;# 
   274     0011                     PIR1            equ	17	;# 
   275     0012                     PIR2            equ	18	;# 
   276     0013                     PIR3            equ	19	;# 
   277     0015                     TMR0            equ	21	;# 
   278     0016                     TMR1            equ	22	;# 
   279     0016                     TMR1L           equ	22	;# 
   280     0017                     TMR1H           equ	23	;# 
   281     0018                     T1CON           equ	24	;# 
   282     0019                     T1GCON          equ	25	;# 
   283     001A                     TMR2            equ	26	;# 
   284     001B                     PR2             equ	27	;# 
   285     001C                     T2CON           equ	28	;# 
   286     001E                     CPSCON0         equ	30	;# 
   287     001F                     CPSCON1         equ	31	;# 
   288     008C                     TRISA           equ	140	;# 
   289     008D                     TRISB           equ	141	;# 
   290     008E                     TRISC           equ	142	;# 
   291     0090                     TRISE           equ	144	;# 
   292     0091                     PIE1            equ	145	;# 
   293     0092                     PIE2            equ	146	;# 
   294     0093                     PIE3            equ	147	;# 
   295     0095                     OPTION_REG      equ	149	;# 
   296     0096                     PCON            equ	150	;# 
   297     0097                     WDTCON          equ	151	;# 
   298     0098                     OSCTUNE         equ	152	;# 
   299     0099                     OSCCON          equ	153	;# 
   300     009A                     OSCSTAT         equ	154	;# 
   301     009B                     ADRES           equ	155	;# 
   302     009B                     ADRESL          equ	155	;# 
   303     009C                     ADRESH          equ	156	;# 
   304     009D                     ADCON0          equ	157	;# 
   305     009E                     ADCON1          equ	158	;# 
   306     010C                     LATA            equ	268	;# 
   307     010D                     LATB            equ	269	;# 
   308     010E                     LATC            equ	270	;# 
   309     0110                     LATE            equ	272	;# 
   310     0111                     CM1CON0         equ	273	;# 
   311     0112                     CM1CON1         equ	274	;# 
   312     0113                     CM2CON0         equ	275	;# 
   313     0114                     CM2CON1         equ	276	;# 
   314     0115                     CMOUT           equ	277	;# 
   315     0116                     BORCON          equ	278	;# 
   316     0117                     FVRCON          equ	279	;# 
   317     0118                     DACCON0         equ	280	;# 
   318     0119                     DACCON1         equ	281	;# 
   319     011A                     SRCON0          equ	282	;# 
   320     011B                     SRCON1          equ	283	;# 
   321     011D                     APFCON          equ	285	;# 
   322     018C                     ANSELA          equ	396	;# 
   323     018D                     ANSELB          equ	397	;# 
   324     0191                     EEADR           equ	401	;# 
   325     0191                     EEADRL          equ	401	;# 
   326     0192                     EEADRH          equ	402	;# 
   327     0193                     EEDAT           equ	403	;# 
   328     0193                     EEDATL          equ	403	;# 
   329     0193                     EEDATA          equ	403	;# 
   330     0194                     EEDATH          equ	404	;# 
   331     0195                     EECON1          equ	405	;# 
   332     0196                     EECON2          equ	406	;# 
   333     0199                     RCREG           equ	409	;# 
   334     019A                     TXREG           equ	410	;# 
   335     019B                     SP1BRG          equ	411	;# 
   336     019B                     SP1BRGL         equ	411	;# 
   337     019B                     SPBRG           equ	411	;# 
   338     019B                     SPBRGL          equ	411	;# 
   339     019C                     SP1BRGH         equ	412	;# 
   340     019C                     SPBRGH          equ	412	;# 
   341     019D                     RCSTA           equ	413	;# 
   342     019E                     TXSTA           equ	414	;# 
   343     019F                     BAUDCON         equ	415	;# 
   344     020D                     WPUB            equ	525	;# 
   345     0210                     WPUE            equ	528	;# 
   346     0211                     SSPBUF          equ	529	;# 
   347     0212                     SSPADD          equ	530	;# 
   348     0213                     SSPMSK          equ	531	;# 
   349     0214                     SSPSTAT         equ	532	;# 
   350     0215                     SSPCON1         equ	533	;# 
   351     0215                     SSPCON          equ	533	;# 
   352     0216                     SSPCON2         equ	534	;# 
   353     0217                     SSPCON3         equ	535	;# 
   354     0291                     CCPR1           equ	657	;# 
   355     0291                     CCPR1L          equ	657	;# 
   356     0292                     CCPR1H          equ	658	;# 
   357     0293                     CCP1CON         equ	659	;# 
   358     0294                     PWM1CON         equ	660	;# 
   359     0295                     CCP1AS          equ	661	;# 
   360     0295                     ECCP1AS         equ	661	;# 
   361     0296                     PSTR1CON        equ	662	;# 
   362     0298                     CCPR2           equ	664	;# 
   363     0298                     CCPR2L          equ	664	;# 
   364     0299                     CCPR2H          equ	665	;# 
   365     029A                     CCP2CON         equ	666	;# 
   366     029B                     PWM2CON         equ	667	;# 
   367     029C                     CCP2AS          equ	668	;# 
   368     029C                     ECCP2AS         equ	668	;# 
   369     029D                     PSTR2CON        equ	669	;# 
   370     029E                     CCPTMRS0        equ	670	;# 
   371     029F                     CCPTMRS1        equ	671	;# 
   372     0311                     CCPR3           equ	785	;# 
   373     0311                     CCPR3L          equ	785	;# 
   374     0312                     CCPR3H          equ	786	;# 
   375     0313                     CCP3CON         equ	787	;# 
   376     0314                     PWM3CON         equ	788	;# 
   377     0315                     CCP3AS          equ	789	;# 
   378     0315                     ECCP3AS         equ	789	;# 
   379     0316                     PSTR3CON        equ	790	;# 
   380     0318                     CCPR4           equ	792	;# 
   381     0318                     CCPR4L          equ	792	;# 
   382     0319                     CCPR4H          equ	793	;# 
   383     031A                     CCP4CON         equ	794	;# 
   384     031C                     CCPR5           equ	796	;# 
   385     031C                     CCPR5L          equ	796	;# 
   386     031D                     CCPR5H          equ	797	;# 
   387     031E                     CCP5CON         equ	798	;# 
   388     0394                     IOCBP           equ	916	;# 
   389     0395                     IOCBN           equ	917	;# 
   390     0396                     IOCBF           equ	918	;# 
   391     0415                     TMR4            equ	1045	;# 
   392     0416                     PR4             equ	1046	;# 
   393     0417                     T4CON           equ	1047	;# 
   394     041C                     TMR6            equ	1052	;# 
   395     041D                     PR6             equ	1053	;# 
   396     041E                     T6CON           equ	1054	;# 
   397     0791                     LCDCON          equ	1937	;# 
   398     0792                     LCDPS           equ	1938	;# 
   399     0793                     LCDREF          equ	1939	;# 
   400     0794                     LCDCST          equ	1940	;# 
   401     0795                     LCDRL           equ	1941	;# 
   402     0798                     LCDSE0          equ	1944	;# 
   403     0799                     LCDSE1          equ	1945	;# 
   404     07A0                     LCDDATA0        equ	1952	;# 
   405     07A1                     LCDDATA1        equ	1953	;# 
   406     07A3                     LCDDATA3        equ	1955	;# 
   407     07A4                     LCDDATA4        equ	1956	;# 
   408     07A6                     LCDDATA6        equ	1958	;# 
   409     07A7                     LCDDATA7        equ	1959	;# 
   410     07A9                     LCDDATA9        equ	1961	;# 
   411     07AA                     LCDDATA10       equ	1962	;# 
   412     0FE4                     STATUS_SHAD     equ	4068	;# 
   413     0FE5                     WREG_SHAD       equ	4069	;# 
   414     0FE6                     BSR_SHAD        equ	4070	;# 
   415     0FE7                     PCLATH_SHAD     equ	4071	;# 
   416     0FE8                     FSR0L_SHAD      equ	4072	;# 
   417     0FE9                     FSR0H_SHAD      equ	4073	;# 
   418     0FEA                     FSR1L_SHAD      equ	4074	;# 
   419     0FEB                     FSR1H_SHAD      equ	4075	;# 
   420     0FED                     STKPTR          equ	4077	;# 
   421     0FEE                     TOSL            equ	4078	;# 
   422     0FEF                     TOSH            equ	4079	;# 
   423     0000                     INDF0           equ	0	;# 
   424     0001                     INDF1           equ	1	;# 
   425     0002                     PCL             equ	2	;# 
   426     0003                     STATUS          equ	3	;# 
   427     0004                     FSR0L           equ	4	;# 
   428     0005                     FSR0H           equ	5	;# 
   429     0006                     FSR1L           equ	6	;# 
   430     0007                     FSR1H           equ	7	;# 
   431     0008                     BSR             equ	8	;# 
   432     0009                     WREG            equ	9	;# 
   433     000A                     PCLATH          equ	10	;# 
   434     000B                     INTCON          equ	11	;# 
   435     000C                     PORTA           equ	12	;# 
   436     000D                     PORTB           equ	13	;# 
   437     000E                     PORTC           equ	14	;# 
   438     0010                     PORTE           equ	16	;# 
   439     0011                     PIR1            equ	17	;# 
   440     0012                     PIR2            equ	18	;# 
   441     0013                     PIR3            equ	19	;# 
   442     0015                     TMR0            equ	21	;# 
   443     0016                     TMR1            equ	22	;# 
   444     0016                     TMR1L           equ	22	;# 
   445     0017                     TMR1H           equ	23	;# 
   446     0018                     T1CON           equ	24	;# 
   447     0019                     T1GCON          equ	25	;# 
   448     001A                     TMR2            equ	26	;# 
   449     001B                     PR2             equ	27	;# 
   450     001C                     T2CON           equ	28	;# 
   451     001E                     CPSCON0         equ	30	;# 
   452     001F                     CPSCON1         equ	31	;# 
   453     008C                     TRISA           equ	140	;# 
   454     008D                     TRISB           equ	141	;# 
   455     008E                     TRISC           equ	142	;# 
   456     0090                     TRISE           equ	144	;# 
   457     0091                     PIE1            equ	145	;# 
   458     0092                     PIE2            equ	146	;# 
   459     0093                     PIE3            equ	147	;# 
   460     0095                     OPTION_REG      equ	149	;# 
   461     0096                     PCON            equ	150	;# 
   462     0097                     WDTCON          equ	151	;# 
   463     0098                     OSCTUNE         equ	152	;# 
   464     0099                     OSCCON          equ	153	;# 
   465     009A                     OSCSTAT         equ	154	;# 
   466     009B                     ADRES           equ	155	;# 
   467     009B                     ADRESL          equ	155	;# 
   468     009C                     ADRESH          equ	156	;# 
   469     009D                     ADCON0          equ	157	;# 
   470     009E                     ADCON1          equ	158	;# 
   471     010C                     LATA            equ	268	;# 
   472     010D                     LATB            equ	269	;# 
   473     010E                     LATC            equ	270	;# 
   474     0110                     LATE            equ	272	;# 
   475     0111                     CM1CON0         equ	273	;# 
   476     0112                     CM1CON1         equ	274	;# 
   477     0113                     CM2CON0         equ	275	;# 
   478     0114                     CM2CON1         equ	276	;# 
   479     0115                     CMOUT           equ	277	;# 
   480     0116                     BORCON          equ	278	;# 
   481     0117                     FVRCON          equ	279	;# 
   482     0118                     DACCON0         equ	280	;# 
   483     0119                     DACCON1         equ	281	;# 
   484     011A                     SRCON0          equ	282	;# 
   485     011B                     SRCON1          equ	283	;# 
   486     011D                     APFCON          equ	285	;# 
   487     018C                     ANSELA          equ	396	;# 
   488     018D                     ANSELB          equ	397	;# 
   489     0191                     EEADR           equ	401	;# 
   490     0191                     EEADRL          equ	401	;# 
   491     0192                     EEADRH          equ	402	;# 
   492     0193                     EEDAT           equ	403	;# 
   493     0193                     EEDATL          equ	403	;# 
   494     0193                     EEDATA          equ	403	;# 
   495     0194                     EEDATH          equ	404	;# 
   496     0195                     EECON1          equ	405	;# 
   497     0196                     EECON2          equ	406	;# 
   498     0199                     RCREG           equ	409	;# 
   499     019A                     TXREG           equ	410	;# 
   500     019B                     SP1BRG          equ	411	;# 
   501     019B                     SP1BRGL         equ	411	;# 
   502     019B                     SPBRG           equ	411	;# 
   503     019B                     SPBRGL          equ	411	;# 
   504     019C                     SP1BRGH         equ	412	;# 
   505     019C                     SPBRGH          equ	412	;# 
   506     019D                     RCSTA           equ	413	;# 
   507     019E                     TXSTA           equ	414	;# 
   508     019F                     BAUDCON         equ	415	;# 
   509     020D                     WPUB            equ	525	;# 
   510     0210                     WPUE            equ	528	;# 
   511     0211                     SSPBUF          equ	529	;# 
   512     0212                     SSPADD          equ	530	;# 
   513     0213                     SSPMSK          equ	531	;# 
   514     0214                     SSPSTAT         equ	532	;# 
   515     0215                     SSPCON1         equ	533	;# 
   516     0215                     SSPCON          equ	533	;# 
   517     0216                     SSPCON2         equ	534	;# 
   518     0217                     SSPCON3         equ	535	;# 
   519     0291                     CCPR1           equ	657	;# 
   520     0291                     CCPR1L          equ	657	;# 
   521     0292                     CCPR1H          equ	658	;# 
   522     0293                     CCP1CON         equ	659	;# 
   523     0294                     PWM1CON         equ	660	;# 
   524     0295                     CCP1AS          equ	661	;# 
   525     0295                     ECCP1AS         equ	661	;# 
   526     0296                     PSTR1CON        equ	662	;# 
   527     0298                     CCPR2           equ	664	;# 
   528     0298                     CCPR2L          equ	664	;# 
   529     0299                     CCPR2H          equ	665	;# 
   530     029A                     CCP2CON         equ	666	;# 
   531     029B                     PWM2CON         equ	667	;# 
   532     029C                     CCP2AS          equ	668	;# 
   533     029C                     ECCP2AS         equ	668	;# 
   534     029D                     PSTR2CON        equ	669	;# 
   535     029E                     CCPTMRS0        equ	670	;# 
   536     029F                     CCPTMRS1        equ	671	;# 
   537     0311                     CCPR3           equ	785	;# 
   538     0311                     CCPR3L          equ	785	;# 
   539     0312                     CCPR3H          equ	786	;# 
   540     0313                     CCP3CON         equ	787	;# 
   541     0314                     PWM3CON         equ	788	;# 
   542     0315                     CCP3AS          equ	789	;# 
   543     0315                     ECCP3AS         equ	789	;# 
   544     0316                     PSTR3CON        equ	790	;# 
   545     0318                     CCPR4           equ	792	;# 
   546     0318                     CCPR4L          equ	792	;# 
   547     0319                     CCPR4H          equ	793	;# 
   548     031A                     CCP4CON         equ	794	;# 
   549     031C                     CCPR5           equ	796	;# 
   550     031C                     CCPR5L          equ	796	;# 
   551     031D                     CCPR5H          equ	797	;# 
   552     031E                     CCP5CON         equ	798	;# 
   553     0394                     IOCBP           equ	916	;# 
   554     0395                     IOCBN           equ	917	;# 
   555     0396                     IOCBF           equ	918	;# 
   556     0415                     TMR4            equ	1045	;# 
   557     0416                     PR4             equ	1046	;# 
   558     0417                     T4CON           equ	1047	;# 
   559     041C                     TMR6            equ	1052	;# 
   560     041D                     PR6             equ	1053	;# 
   561     041E                     T6CON           equ	1054	;# 
   562     0791                     LCDCON          equ	1937	;# 
   563     0792                     LCDPS           equ	1938	;# 
   564     0793                     LCDREF          equ	1939	;# 
   565     0794                     LCDCST          equ	1940	;# 
   566     0795                     LCDRL           equ	1941	;# 
   567     0798                     LCDSE0          equ	1944	;# 
   568     0799                     LCDSE1          equ	1945	;# 
   569     07A0                     LCDDATA0        equ	1952	;# 
   570     07A1                     LCDDATA1        equ	1953	;# 
   571     07A3                     LCDDATA3        equ	1955	;# 
   572     07A4                     LCDDATA4        equ	1956	;# 
   573     07A6                     LCDDATA6        equ	1958	;# 
   574     07A7                     LCDDATA7        equ	1959	;# 
   575     07A9                     LCDDATA9        equ	1961	;# 
   576     07AA                     LCDDATA10       equ	1962	;# 
   577     0FE4                     STATUS_SHAD     equ	4068	;# 
   578     0FE5                     WREG_SHAD       equ	4069	;# 
   579     0FE6                     BSR_SHAD        equ	4070	;# 
   580     0FE7                     PCLATH_SHAD     equ	4071	;# 
   581     0FE8                     FSR0L_SHAD      equ	4072	;# 
   582     0FE9                     FSR0H_SHAD      equ	4073	;# 
   583     0FEA                     FSR1L_SHAD      equ	4074	;# 
   584     0FEB                     FSR1H_SHAD      equ	4075	;# 
   585     0FED                     STKPTR          equ	4077	;# 
   586     0FEE                     TOSL            equ	4078	;# 
   587     0FEF                     TOSH            equ	4079	;# 
   588     0000                     INDF0           equ	0	;# 
   589     0001                     INDF1           equ	1	;# 
   590     0002                     PCL             equ	2	;# 
   591     0003                     STATUS          equ	3	;# 
   592     0004                     FSR0L           equ	4	;# 
   593     0005                     FSR0H           equ	5	;# 
   594     0006                     FSR1L           equ	6	;# 
   595     0007                     FSR1H           equ	7	;# 
   596     0008                     BSR             equ	8	;# 
   597     0009                     WREG            equ	9	;# 
   598     000A                     PCLATH          equ	10	;# 
   599     000B                     INTCON          equ	11	;# 
   600     000C                     PORTA           equ	12	;# 
   601     000D                     PORTB           equ	13	;# 
   602     000E                     PORTC           equ	14	;# 
   603     0010                     PORTE           equ	16	;# 
   604     0011                     PIR1            equ	17	;# 
   605     0012                     PIR2            equ	18	;# 
   606     0013                     PIR3            equ	19	;# 
   607     0015                     TMR0            equ	21	;# 
   608     0016                     TMR1            equ	22	;# 
   609     0016                     TMR1L           equ	22	;# 
   610     0017                     TMR1H           equ	23	;# 
   611     0018                     T1CON           equ	24	;# 
   612     0019                     T1GCON          equ	25	;# 
   613     001A                     TMR2            equ	26	;# 
   614     001B                     PR2             equ	27	;# 
   615     001C                     T2CON           equ	28	;# 
   616     001E                     CPSCON0         equ	30	;# 
   617     001F                     CPSCON1         equ	31	;# 
   618     008C                     TRISA           equ	140	;# 
   619     008D                     TRISB           equ	141	;# 
   620     008E                     TRISC           equ	142	;# 
   621     0090                     TRISE           equ	144	;# 
   622     0091                     PIE1            equ	145	;# 
   623     0092                     PIE2            equ	146	;# 
   624     0093                     PIE3            equ	147	;# 
   625     0095                     OPTION_REG      equ	149	;# 
   626     0096                     PCON            equ	150	;# 
   627     0097                     WDTCON          equ	151	;# 
   628     0098                     OSCTUNE         equ	152	;# 
   629     0099                     OSCCON          equ	153	;# 
   630     009A                     OSCSTAT         equ	154	;# 
   631     009B                     ADRES           equ	155	;# 
   632     009B                     ADRESL          equ	155	;# 
   633     009C                     ADRESH          equ	156	;# 
   634     009D                     ADCON0          equ	157	;# 
   635     009E                     ADCON1          equ	158	;# 
   636     010C                     LATA            equ	268	;# 
   637     010D                     LATB            equ	269	;# 
   638     010E                     LATC            equ	270	;# 
   639     0110                     LATE            equ	272	;# 
   640     0111                     CM1CON0         equ	273	;# 
   641     0112                     CM1CON1         equ	274	;# 
   642     0113                     CM2CON0         equ	275	;# 
   643     0114                     CM2CON1         equ	276	;# 
   644     0115                     CMOUT           equ	277	;# 
   645     0116                     BORCON          equ	278	;# 
   646     0117                     FVRCON          equ	279	;# 
   647     0118                     DACCON0         equ	280	;# 
   648     0119                     DACCON1         equ	281	;# 
   649     011A                     SRCON0          equ	282	;# 
   650     011B                     SRCON1          equ	283	;# 
   651     011D                     APFCON          equ	285	;# 
   652     018C                     ANSELA          equ	396	;# 
   653     018D                     ANSELB          equ	397	;# 
   654     0191                     EEADR           equ	401	;# 
   655     0191                     EEADRL          equ	401	;# 
   656     0192                     EEADRH          equ	402	;# 
   657     0193                     EEDAT           equ	403	;# 
   658     0193                     EEDATL          equ	403	;# 
   659     0193                     EEDATA          equ	403	;# 
   660     0194                     EEDATH          equ	404	;# 
   661     0195                     EECON1          equ	405	;# 
   662     0196                     EECON2          equ	406	;# 
   663     0199                     RCREG           equ	409	;# 
   664     019A                     TXREG           equ	410	;# 
   665     019B                     SP1BRG          equ	411	;# 
   666     019B                     SP1BRGL         equ	411	;# 
   667     019B                     SPBRG           equ	411	;# 
   668     019B                     SPBRGL          equ	411	;# 
   669     019C                     SP1BRGH         equ	412	;# 
   670     019C                     SPBRGH          equ	412	;# 
   671     019D                     RCSTA           equ	413	;# 
   672     019E                     TXSTA           equ	414	;# 
   673     019F                     BAUDCON         equ	415	;# 
   674     020D                     WPUB            equ	525	;# 
   675     0210                     WPUE            equ	528	;# 
   676     0211                     SSPBUF          equ	529	;# 
   677     0212                     SSPADD          equ	530	;# 
   678     0213                     SSPMSK          equ	531	;# 
   679     0214                     SSPSTAT         equ	532	;# 
   680     0215                     SSPCON1         equ	533	;# 
   681     0215                     SSPCON          equ	533	;# 
   682     0216                     SSPCON2         equ	534	;# 
   683     0217                     SSPCON3         equ	535	;# 
   684     0291                     CCPR1           equ	657	;# 
   685     0291                     CCPR1L          equ	657	;# 
   686     0292                     CCPR1H          equ	658	;# 
   687     0293                     CCP1CON         equ	659	;# 
   688     0294                     PWM1CON         equ	660	;# 
   689     0295                     CCP1AS          equ	661	;# 
   690     0295                     ECCP1AS         equ	661	;# 
   691     0296                     PSTR1CON        equ	662	;# 
   692     0298                     CCPR2           equ	664	;# 
   693     0298                     CCPR2L          equ	664	;# 
   694     0299                     CCPR2H          equ	665	;# 
   695     029A                     CCP2CON         equ	666	;# 
   696     029B                     PWM2CON         equ	667	;# 
   697     029C                     CCP2AS          equ	668	;# 
   698     029C                     ECCP2AS         equ	668	;# 
   699     029D                     PSTR2CON        equ	669	;# 
   700     029E                     CCPTMRS0        equ	670	;# 
   701     029F                     CCPTMRS1        equ	671	;# 
   702     0311                     CCPR3           equ	785	;# 
   703     0311                     CCPR3L          equ	785	;# 
   704     0312                     CCPR3H          equ	786	;# 
   705     0313                     CCP3CON         equ	787	;# 
   706     0314                     PWM3CON         equ	788	;# 
   707     0315                     CCP3AS          equ	789	;# 
   708     0315                     ECCP3AS         equ	789	;# 
   709     0316                     PSTR3CON        equ	790	;# 
   710     0318                     CCPR4           equ	792	;# 
   711     0318                     CCPR4L          equ	792	;# 
   712     0319                     CCPR4H          equ	793	;# 
   713     031A                     CCP4CON         equ	794	;# 
   714     031C                     CCPR5           equ	796	;# 
   715     031C                     CCPR5L          equ	796	;# 
   716     031D                     CCPR5H          equ	797	;# 
   717     031E                     CCP5CON         equ	798	;# 
   718     0394                     IOCBP           equ	916	;# 
   719     0395                     IOCBN           equ	917	;# 
   720     0396                     IOCBF           equ	918	;# 
   721     0415                     TMR4            equ	1045	;# 
   722     0416                     PR4             equ	1046	;# 
   723     0417                     T4CON           equ	1047	;# 
   724     041C                     TMR6            equ	1052	;# 
   725     041D                     PR6             equ	1053	;# 
   726     041E                     T6CON           equ	1054	;# 
   727     0791                     LCDCON          equ	1937	;# 
   728     0792                     LCDPS           equ	1938	;# 
   729     0793                     LCDREF          equ	1939	;# 
   730     0794                     LCDCST          equ	1940	;# 
   731     0795                     LCDRL           equ	1941	;# 
   732     0798                     LCDSE0          equ	1944	;# 
   733     0799                     LCDSE1          equ	1945	;# 
   734     07A0                     LCDDATA0        equ	1952	;# 
   735     07A1                     LCDDATA1        equ	1953	;# 
   736     07A3                     LCDDATA3        equ	1955	;# 
   737     07A4                     LCDDATA4        equ	1956	;# 
   738     07A6                     LCDDATA6        equ	1958	;# 
   739     07A7                     LCDDATA7        equ	1959	;# 
   740     07A9                     LCDDATA9        equ	1961	;# 
   741     07AA                     LCDDATA10       equ	1962	;# 
   742     0FE4                     STATUS_SHAD     equ	4068	;# 
   743     0FE5                     WREG_SHAD       equ	4069	;# 
   744     0FE6                     BSR_SHAD        equ	4070	;# 
   745     0FE7                     PCLATH_SHAD     equ	4071	;# 
   746     0FE8                     FSR0L_SHAD      equ	4072	;# 
   747     0FE9                     FSR0H_SHAD      equ	4073	;# 
   748     0FEA                     FSR1L_SHAD      equ	4074	;# 
   749     0FEB                     FSR1H_SHAD      equ	4075	;# 
   750     0FED                     STKPTR          equ	4077	;# 
   751     0FEE                     TOSL            equ	4078	;# 
   752     0FEF                     TOSH            equ	4079	;# 
   753     0000                     INDF0           equ	0	;# 
   754     0001                     INDF1           equ	1	;# 
   755     0002                     PCL             equ	2	;# 
   756     0003                     STATUS          equ	3	;# 
   757     0004                     FSR0L           equ	4	;# 
   758     0005                     FSR0H           equ	5	;# 
   759     0006                     FSR1L           equ	6	;# 
   760     0007                     FSR1H           equ	7	;# 
   761     0008                     BSR             equ	8	;# 
   762     0009                     WREG            equ	9	;# 
   763     000A                     PCLATH          equ	10	;# 
   764     000B                     INTCON          equ	11	;# 
   765     000C                     PORTA           equ	12	;# 
   766     000D                     PORTB           equ	13	;# 
   767     000E                     PORTC           equ	14	;# 
   768     0010                     PORTE           equ	16	;# 
   769     0011                     PIR1            equ	17	;# 
   770     0012                     PIR2            equ	18	;# 
   771     0013                     PIR3            equ	19	;# 
   772     0015                     TMR0            equ	21	;# 
   773     0016                     TMR1            equ	22	;# 
   774     0016                     TMR1L           equ	22	;# 
   775     0017                     TMR1H           equ	23	;# 
   776     0018                     T1CON           equ	24	;# 
   777     0019                     T1GCON          equ	25	;# 
   778     001A                     TMR2            equ	26	;# 
   779     001B                     PR2             equ	27	;# 
   780     001C                     T2CON           equ	28	;# 
   781     001E                     CPSCON0         equ	30	;# 
   782     001F                     CPSCON1         equ	31	;# 
   783     008C                     TRISA           equ	140	;# 
   784     008D                     TRISB           equ	141	;# 
   785     008E                     TRISC           equ	142	;# 
   786     0090                     TRISE           equ	144	;# 
   787     0091                     PIE1            equ	145	;# 
   788     0092                     PIE2            equ	146	;# 
   789     0093                     PIE3            equ	147	;# 
   790     0095                     OPTION_REG      equ	149	;# 
   791     0096                     PCON            equ	150	;# 
   792     0097                     WDTCON          equ	151	;# 
   793     0098                     OSCTUNE         equ	152	;# 
   794     0099                     OSCCON          equ	153	;# 
   795     009A                     OSCSTAT         equ	154	;# 
   796     009B                     ADRES           equ	155	;# 
   797     009B                     ADRESL          equ	155	;# 
   798     009C                     ADRESH          equ	156	;# 
   799     009D                     ADCON0          equ	157	;# 
   800     009E                     ADCON1          equ	158	;# 
   801     010C                     LATA            equ	268	;# 
   802     010D                     LATB            equ	269	;# 
   803     010E                     LATC            equ	270	;# 
   804     0110                     LATE            equ	272	;# 
   805     0111                     CM1CON0         equ	273	;# 
   806     0112                     CM1CON1         equ	274	;# 
   807     0113                     CM2CON0         equ	275	;# 
   808     0114                     CM2CON1         equ	276	;# 
   809     0115                     CMOUT           equ	277	;# 
   810     0116                     BORCON          equ	278	;# 
   811     0117                     FVRCON          equ	279	;# 
   812     0118                     DACCON0         equ	280	;# 
   813     0119                     DACCON1         equ	281	;# 
   814     011A                     SRCON0          equ	282	;# 
   815     011B                     SRCON1          equ	283	;# 
   816     011D                     APFCON          equ	285	;# 
   817     018C                     ANSELA          equ	396	;# 
   818     018D                     ANSELB          equ	397	;# 
   819     0191                     EEADR           equ	401	;# 
   820     0191                     EEADRL          equ	401	;# 
   821     0192                     EEADRH          equ	402	;# 
   822     0193                     EEDAT           equ	403	;# 
   823     0193                     EEDATL          equ	403	;# 
   824     0193                     EEDATA          equ	403	;# 
   825     0194                     EEDATH          equ	404	;# 
   826     0195                     EECON1          equ	405	;# 
   827     0196                     EECON2          equ	406	;# 
   828     0199                     RCREG           equ	409	;# 
   829     019A                     TXREG           equ	410	;# 
   830     019B                     SP1BRG          equ	411	;# 
   831     019B                     SP1BRGL         equ	411	;# 
   832     019B                     SPBRG           equ	411	;# 
   833     019B                     SPBRGL          equ	411	;# 
   834     019C                     SP1BRGH         equ	412	;# 
   835     019C                     SPBRGH          equ	412	;# 
   836     019D                     RCSTA           equ	413	;# 
   837     019E                     TXSTA           equ	414	;# 
   838     019F                     BAUDCON         equ	415	;# 
   839     020D                     WPUB            equ	525	;# 
   840     0210                     WPUE            equ	528	;# 
   841     0211                     SSPBUF          equ	529	;# 
   842     0212                     SSPADD          equ	530	;# 
   843     0213                     SSPMSK          equ	531	;# 
   844     0214                     SSPSTAT         equ	532	;# 
   845     0215                     SSPCON1         equ	533	;# 
   846     0215                     SSPCON          equ	533	;# 
   847     0216                     SSPCON2         equ	534	;# 
   848     0217                     SSPCON3         equ	535	;# 
   849     0291                     CCPR1           equ	657	;# 
   850     0291                     CCPR1L          equ	657	;# 
   851     0292                     CCPR1H          equ	658	;# 
   852     0293                     CCP1CON         equ	659	;# 
   853     0294                     PWM1CON         equ	660	;# 
   854     0295                     CCP1AS          equ	661	;# 
   855     0295                     ECCP1AS         equ	661	;# 
   856     0296                     PSTR1CON        equ	662	;# 
   857     0298                     CCPR2           equ	664	;# 
   858     0298                     CCPR2L          equ	664	;# 
   859     0299                     CCPR2H          equ	665	;# 
   860     029A                     CCP2CON         equ	666	;# 
   861     029B                     PWM2CON         equ	667	;# 
   862     029C                     CCP2AS          equ	668	;# 
   863     029C                     ECCP2AS         equ	668	;# 
   864     029D                     PSTR2CON        equ	669	;# 
   865     029E                     CCPTMRS0        equ	670	;# 
   866     029F                     CCPTMRS1        equ	671	;# 
   867     0311                     CCPR3           equ	785	;# 
   868     0311                     CCPR3L          equ	785	;# 
   869     0312                     CCPR3H          equ	786	;# 
   870     0313                     CCP3CON         equ	787	;# 
   871     0314                     PWM3CON         equ	788	;# 
   872     0315                     CCP3AS          equ	789	;# 
   873     0315                     ECCP3AS         equ	789	;# 
   874     0316                     PSTR3CON        equ	790	;# 
   875     0318                     CCPR4           equ	792	;# 
   876     0318                     CCPR4L          equ	792	;# 
   877     0319                     CCPR4H          equ	793	;# 
   878     031A                     CCP4CON         equ	794	;# 
   879     031C                     CCPR5           equ	796	;# 
   880     031C                     CCPR5L          equ	796	;# 
   881     031D                     CCPR5H          equ	797	;# 
   882     031E                     CCP5CON         equ	798	;# 
   883     0394                     IOCBP           equ	916	;# 
   884     0395                     IOCBN           equ	917	;# 
   885     0396                     IOCBF           equ	918	;# 
   886     0415                     TMR4            equ	1045	;# 
   887     0416                     PR4             equ	1046	;# 
   888     0417                     T4CON           equ	1047	;# 
   889     041C                     TMR6            equ	1052	;# 
   890     041D                     PR6             equ	1053	;# 
   891     041E                     T6CON           equ	1054	;# 
   892     0791                     LCDCON          equ	1937	;# 
   893     0792                     LCDPS           equ	1938	;# 
   894     0793                     LCDREF          equ	1939	;# 
   895     0794                     LCDCST          equ	1940	;# 
   896     0795                     LCDRL           equ	1941	;# 
   897     0798                     LCDSE0          equ	1944	;# 
   898     0799                     LCDSE1          equ	1945	;# 
   899     07A0                     LCDDATA0        equ	1952	;# 
   900     07A1                     LCDDATA1        equ	1953	;# 
   901     07A3                     LCDDATA3        equ	1955	;# 
   902     07A4                     LCDDATA4        equ	1956	;# 
   903     07A6                     LCDDATA6        equ	1958	;# 
   904     07A7                     LCDDATA7        equ	1959	;# 
   905     07A9                     LCDDATA9        equ	1961	;# 
   906     07AA                     LCDDATA10       equ	1962	;# 
   907     0FE4                     STATUS_SHAD     equ	4068	;# 
   908     0FE5                     WREG_SHAD       equ	4069	;# 
   909     0FE6                     BSR_SHAD        equ	4070	;# 
   910     0FE7                     PCLATH_SHAD     equ	4071	;# 
   911     0FE8                     FSR0L_SHAD      equ	4072	;# 
   912     0FE9                     FSR0H_SHAD      equ	4073	;# 
   913     0FEA                     FSR1L_SHAD      equ	4074	;# 
   914     0FEB                     FSR1H_SHAD      equ	4075	;# 
   915     0FED                     STKPTR          equ	4077	;# 
   916     0FEE                     TOSL            equ	4078	;# 
   917     0FEF                     TOSH            equ	4079	;# 
   918     0000                     INDF0           equ	0	;# 
   919     0001                     INDF1           equ	1	;# 
   920     0002                     PCL             equ	2	;# 
   921     0003                     STATUS          equ	3	;# 
   922     0004                     FSR0L           equ	4	;# 
   923     0005                     FSR0H           equ	5	;# 
   924     0006                     FSR1L           equ	6	;# 
   925     0007                     FSR1H           equ	7	;# 
   926     0008                     BSR             equ	8	;# 
   927     0009                     WREG            equ	9	;# 
   928     000A                     PCLATH          equ	10	;# 
   929     000B                     INTCON          equ	11	;# 
   930     000C                     PORTA           equ	12	;# 
   931     000D                     PORTB           equ	13	;# 
   932     000E                     PORTC           equ	14	;# 
   933     0010                     PORTE           equ	16	;# 
   934     0011                     PIR1            equ	17	;# 
   935     0012                     PIR2            equ	18	;# 
   936     0013                     PIR3            equ	19	;# 
   937     0015                     TMR0            equ	21	;# 
   938     0016                     TMR1            equ	22	;# 
   939     0016                     TMR1L           equ	22	;# 
   940     0017                     TMR1H           equ	23	;# 
   941     0018                     T1CON           equ	24	;# 
   942     0019                     T1GCON          equ	25	;# 
   943     001A                     TMR2            equ	26	;# 
   944     001B                     PR2             equ	27	;# 
   945     001C                     T2CON           equ	28	;# 
   946     001E                     CPSCON0         equ	30	;# 
   947     001F                     CPSCON1         equ	31	;# 
   948     008C                     TRISA           equ	140	;# 
   949     008D                     TRISB           equ	141	;# 
   950     008E                     TRISC           equ	142	;# 
   951     0090                     TRISE           equ	144	;# 
   952     0091                     PIE1            equ	145	;# 
   953     0092                     PIE2            equ	146	;# 
   954     0093                     PIE3            equ	147	;# 
   955     0095                     OPTION_REG      equ	149	;# 
   956     0096                     PCON            equ	150	;# 
   957     0097                     WDTCON          equ	151	;# 
   958     0098                     OSCTUNE         equ	152	;# 
   959     0099                     OSCCON          equ	153	;# 
   960     009A                     OSCSTAT         equ	154	;# 
   961     009B                     ADRES           equ	155	;# 
   962     009B                     ADRESL          equ	155	;# 
   963     009C                     ADRESH          equ	156	;# 
   964     009D                     ADCON0          equ	157	;# 
   965     009E                     ADCON1          equ	158	;# 
   966     010C                     LATA            equ	268	;# 
   967     010D                     LATB            equ	269	;# 
   968     010E                     LATC            equ	270	;# 
   969     0110                     LATE            equ	272	;# 
   970     0111                     CM1CON0         equ	273	;# 
   971     0112                     CM1CON1         equ	274	;# 
   972     0113                     CM2CON0         equ	275	;# 
   973     0114                     CM2CON1         equ	276	;# 
   974     0115                     CMOUT           equ	277	;# 
   975     0116                     BORCON          equ	278	;# 
   976     0117                     FVRCON          equ	279	;# 
   977     0118                     DACCON0         equ	280	;# 
   978     0119                     DACCON1         equ	281	;# 
   979     011A                     SRCON0          equ	282	;# 
   980     011B                     SRCON1          equ	283	;# 
   981     011D                     APFCON          equ	285	;# 
   982     018C                     ANSELA          equ	396	;# 
   983     018D                     ANSELB          equ	397	;# 
   984     0191                     EEADR           equ	401	;# 
   985     0191                     EEADRL          equ	401	;# 
   986     0192                     EEADRH          equ	402	;# 
   987     0193                     EEDAT           equ	403	;# 
   988     0193                     EEDATL          equ	403	;# 
   989     0193                     EEDATA          equ	403	;# 
   990     0194                     EEDATH          equ	404	;# 
   991     0195                     EECON1          equ	405	;# 
   992     0196                     EECON2          equ	406	;# 
   993     0199                     RCREG           equ	409	;# 
   994     019A                     TXREG           equ	410	;# 
   995     019B                     SP1BRG          equ	411	;# 
   996     019B                     SP1BRGL         equ	411	;# 
   997     019B                     SPBRG           equ	411	;# 
   998     019B                     SPBRGL          equ	411	;# 
   999     019C                     SP1BRGH         equ	412	;# 
  1000     019C                     SPBRGH          equ	412	;# 
  1001     019D                     RCSTA           equ	413	;# 
  1002     019E                     TXSTA           equ	414	;# 
  1003     019F                     BAUDCON         equ	415	;# 
  1004     020D                     WPUB            equ	525	;# 
  1005     0210                     WPUE            equ	528	;# 
  1006     0211                     SSPBUF          equ	529	;# 
  1007     0212                     SSPADD          equ	530	;# 
  1008     0213                     SSPMSK          equ	531	;# 
  1009     0214                     SSPSTAT         equ	532	;# 
  1010     0215                     SSPCON1         equ	533	;# 
  1011     0215                     SSPCON          equ	533	;# 
  1012     0216                     SSPCON2         equ	534	;# 
  1013     0217                     SSPCON3         equ	535	;# 
  1014     0291                     CCPR1           equ	657	;# 
  1015     0291                     CCPR1L          equ	657	;# 
  1016     0292                     CCPR1H          equ	658	;# 
  1017     0293                     CCP1CON         equ	659	;# 
  1018     0294                     PWM1CON         equ	660	;# 
  1019     0295                     CCP1AS          equ	661	;# 
  1020     0295                     ECCP1AS         equ	661	;# 
  1021     0296                     PSTR1CON        equ	662	;# 
  1022     0298                     CCPR2           equ	664	;# 
  1023     0298                     CCPR2L          equ	664	;# 
  1024     0299                     CCPR2H          equ	665	;# 
  1025     029A                     CCP2CON         equ	666	;# 
  1026     029B                     PWM2CON         equ	667	;# 
  1027     029C                     CCP2AS          equ	668	;# 
  1028     029C                     ECCP2AS         equ	668	;# 
  1029     029D                     PSTR2CON        equ	669	;# 
  1030     029E                     CCPTMRS0        equ	670	;# 
  1031     029F                     CCPTMRS1        equ	671	;# 
  1032     0311                     CCPR3           equ	785	;# 
  1033     0311                     CCPR3L          equ	785	;# 
  1034     0312                     CCPR3H          equ	786	;# 
  1035     0313                     CCP3CON         equ	787	;# 
  1036     0314                     PWM3CON         equ	788	;# 
  1037     0315                     CCP3AS          equ	789	;# 
  1038     0315                     ECCP3AS         equ	789	;# 
  1039     0316                     PSTR3CON        equ	790	;# 
  1040     0318                     CCPR4           equ	792	;# 
  1041     0318                     CCPR4L          equ	792	;# 
  1042     0319                     CCPR4H          equ	793	;# 
  1043     031A                     CCP4CON         equ	794	;# 
  1044     031C                     CCPR5           equ	796	;# 
  1045     031C                     CCPR5L          equ	796	;# 
  1046     031D                     CCPR5H          equ	797	;# 
  1047     031E                     CCP5CON         equ	798	;# 
  1048     0394                     IOCBP           equ	916	;# 
  1049     0395                     IOCBN           equ	917	;# 
  1050     0396                     IOCBF           equ	918	;# 
  1051     0415                     TMR4            equ	1045	;# 
  1052     0416                     PR4             equ	1046	;# 
  1053     0417                     T4CON           equ	1047	;# 
  1054     041C                     TMR6            equ	1052	;# 
  1055     041D                     PR6             equ	1053	;# 
  1056     041E                     T6CON           equ	1054	;# 
  1057     0791                     LCDCON          equ	1937	;# 
  1058     0792                     LCDPS           equ	1938	;# 
  1059     0793                     LCDREF          equ	1939	;# 
  1060     0794                     LCDCST          equ	1940	;# 
  1061     0795                     LCDRL           equ	1941	;# 
  1062     0798                     LCDSE0          equ	1944	;# 
  1063     0799                     LCDSE1          equ	1945	;# 
  1064     07A0                     LCDDATA0        equ	1952	;# 
  1065     07A1                     LCDDATA1        equ	1953	;# 
  1066     07A3                     LCDDATA3        equ	1955	;# 
  1067     07A4                     LCDDATA4        equ	1956	;# 
  1068     07A6                     LCDDATA6        equ	1958	;# 
  1069     07A7                     LCDDATA7        equ	1959	;# 
  1070     07A9                     LCDDATA9        equ	1961	;# 
  1071     07AA                     LCDDATA10       equ	1962	;# 
  1072     0FE4                     STATUS_SHAD     equ	4068	;# 
  1073     0FE5                     WREG_SHAD       equ	4069	;# 
  1074     0FE6                     BSR_SHAD        equ	4070	;# 
  1075     0FE7                     PCLATH_SHAD     equ	4071	;# 
  1076     0FE8                     FSR0L_SHAD      equ	4072	;# 
  1077     0FE9                     FSR0H_SHAD      equ	4073	;# 
  1078     0FEA                     FSR1L_SHAD      equ	4074	;# 
  1079     0FEB                     FSR1H_SHAD      equ	4075	;# 
  1080     0FED                     STKPTR          equ	4077	;# 
  1081     0FEE                     TOSL            equ	4078	;# 
  1082     0FEF                     TOSH            equ	4079	;# 
  1083     0000                     INDF0           equ	0	;# 
  1084     0001                     INDF1           equ	1	;# 
  1085     0002                     PCL             equ	2	;# 
  1086     0003                     STATUS          equ	3	;# 
  1087     0004                     FSR0L           equ	4	;# 
  1088     0005                     FSR0H           equ	5	;# 
  1089     0006                     FSR1L           equ	6	;# 
  1090     0007                     FSR1H           equ	7	;# 
  1091     0008                     BSR             equ	8	;# 
  1092     0009                     WREG            equ	9	;# 
  1093     000A                     PCLATH          equ	10	;# 
  1094     000B                     INTCON          equ	11	;# 
  1095     000C                     PORTA           equ	12	;# 
  1096     000D                     PORTB           equ	13	;# 
  1097     000E                     PORTC           equ	14	;# 
  1098     0010                     PORTE           equ	16	;# 
  1099     0011                     PIR1            equ	17	;# 
  1100     0012                     PIR2            equ	18	;# 
  1101     0013                     PIR3            equ	19	;# 
  1102     0015                     TMR0            equ	21	;# 
  1103     0016                     TMR1            equ	22	;# 
  1104     0016                     TMR1L           equ	22	;# 
  1105     0017                     TMR1H           equ	23	;# 
  1106     0018                     T1CON           equ	24	;# 
  1107     0019                     T1GCON          equ	25	;# 
  1108     001A                     TMR2            equ	26	;# 
  1109     001B                     PR2             equ	27	;# 
  1110     001C                     T2CON           equ	28	;# 
  1111     001E                     CPSCON0         equ	30	;# 
  1112     001F                     CPSCON1         equ	31	;# 
  1113     008C                     TRISA           equ	140	;# 
  1114     008D                     TRISB           equ	141	;# 
  1115     008E                     TRISC           equ	142	;# 
  1116     0090                     TRISE           equ	144	;# 
  1117     0091                     PIE1            equ	145	;# 
  1118     0092                     PIE2            equ	146	;# 
  1119     0093                     PIE3            equ	147	;# 
  1120     0095                     OPTION_REG      equ	149	;# 
  1121     0096                     PCON            equ	150	;# 
  1122     0097                     WDTCON          equ	151	;# 
  1123     0098                     OSCTUNE         equ	152	;# 
  1124     0099                     OSCCON          equ	153	;# 
  1125     009A                     OSCSTAT         equ	154	;# 
  1126     009B                     ADRES           equ	155	;# 
  1127     009B                     ADRESL          equ	155	;# 
  1128     009C                     ADRESH          equ	156	;# 
  1129     009D                     ADCON0          equ	157	;# 
  1130     009E                     ADCON1          equ	158	;# 
  1131     010C                     LATA            equ	268	;# 
  1132     010D                     LATB            equ	269	;# 
  1133     010E                     LATC            equ	270	;# 
  1134     0110                     LATE            equ	272	;# 
  1135     0111                     CM1CON0         equ	273	;# 
  1136     0112                     CM1CON1         equ	274	;# 
  1137     0113                     CM2CON0         equ	275	;# 
  1138     0114                     CM2CON1         equ	276	;# 
  1139     0115                     CMOUT           equ	277	;# 
  1140     0116                     BORCON          equ	278	;# 
  1141     0117                     FVRCON          equ	279	;# 
  1142     0118                     DACCON0         equ	280	;# 
  1143     0119                     DACCON1         equ	281	;# 
  1144     011A                     SRCON0          equ	282	;# 
  1145     011B                     SRCON1          equ	283	;# 
  1146     011D                     APFCON          equ	285	;# 
  1147     018C                     ANSELA          equ	396	;# 
  1148     018D                     ANSELB          equ	397	;# 
  1149     0191                     EEADR           equ	401	;# 
  1150     0191                     EEADRL          equ	401	;# 
  1151     0192                     EEADRH          equ	402	;# 
  1152     0193                     EEDAT           equ	403	;# 
  1153     0193                     EEDATL          equ	403	;# 
  1154     0193                     EEDATA          equ	403	;# 
  1155     0194                     EEDATH          equ	404	;# 
  1156     0195                     EECON1          equ	405	;# 
  1157     0196                     EECON2          equ	406	;# 
  1158     0199                     RCREG           equ	409	;# 
  1159     019A                     TXREG           equ	410	;# 
  1160     019B                     SP1BRG          equ	411	;# 
  1161     019B                     SP1BRGL         equ	411	;# 
  1162     019B                     SPBRG           equ	411	;# 
  1163     019B                     SPBRGL          equ	411	;# 
  1164     019C                     SP1BRGH         equ	412	;# 
  1165     019C                     SPBRGH          equ	412	;# 
  1166     019D                     RCSTA           equ	413	;# 
  1167     019E                     TXSTA           equ	414	;# 
  1168     019F                     BAUDCON         equ	415	;# 
  1169     020D                     WPUB            equ	525	;# 
  1170     0210                     WPUE            equ	528	;# 
  1171     0211                     SSPBUF          equ	529	;# 
  1172     0212                     SSPADD          equ	530	;# 
  1173     0213                     SSPMSK          equ	531	;# 
  1174     0214                     SSPSTAT         equ	532	;# 
  1175     0215                     SSPCON1         equ	533	;# 
  1176     0215                     SSPCON          equ	533	;# 
  1177     0216                     SSPCON2         equ	534	;# 
  1178     0217                     SSPCON3         equ	535	;# 
  1179     0291                     CCPR1           equ	657	;# 
  1180     0291                     CCPR1L          equ	657	;# 
  1181     0292                     CCPR1H          equ	658	;# 
  1182     0293                     CCP1CON         equ	659	;# 
  1183     0294                     PWM1CON         equ	660	;# 
  1184     0295                     CCP1AS          equ	661	;# 
  1185     0295                     ECCP1AS         equ	661	;# 
  1186     0296                     PSTR1CON        equ	662	;# 
  1187     0298                     CCPR2           equ	664	;# 
  1188     0298                     CCPR2L          equ	664	;# 
  1189     0299                     CCPR2H          equ	665	;# 
  1190     029A                     CCP2CON         equ	666	;# 
  1191     029B                     PWM2CON         equ	667	;# 
  1192     029C                     CCP2AS          equ	668	;# 
  1193     029C                     ECCP2AS         equ	668	;# 
  1194     029D                     PSTR2CON        equ	669	;# 
  1195     029E                     CCPTMRS0        equ	670	;# 
  1196     029F                     CCPTMRS1        equ	671	;# 
  1197     0311                     CCPR3           equ	785	;# 
  1198     0311                     CCPR3L          equ	785	;# 
  1199     0312                     CCPR3H          equ	786	;# 
  1200     0313                     CCP3CON         equ	787	;# 
  1201     0314                     PWM3CON         equ	788	;# 
  1202     0315                     CCP3AS          equ	789	;# 
  1203     0315                     ECCP3AS         equ	789	;# 
  1204     0316                     PSTR3CON        equ	790	;# 
  1205     0318                     CCPR4           equ	792	;# 
  1206     0318                     CCPR4L          equ	792	;# 
  1207     0319                     CCPR4H          equ	793	;# 
  1208     031A                     CCP4CON         equ	794	;# 
  1209     031C                     CCPR5           equ	796	;# 
  1210     031C                     CCPR5L          equ	796	;# 
  1211     031D                     CCPR5H          equ	797	;# 
  1212     031E                     CCP5CON         equ	798	;# 
  1213     0394                     IOCBP           equ	916	;# 
  1214     0395                     IOCBN           equ	917	;# 
  1215     0396                     IOCBF           equ	918	;# 
  1216     0415                     TMR4            equ	1045	;# 
  1217     0416                     PR4             equ	1046	;# 
  1218     0417                     T4CON           equ	1047	;# 
  1219     041C                     TMR6            equ	1052	;# 
  1220     041D                     PR6             equ	1053	;# 
  1221     041E                     T6CON           equ	1054	;# 
  1222     0791                     LCDCON          equ	1937	;# 
  1223     0792                     LCDPS           equ	1938	;# 
  1224     0793                     LCDREF          equ	1939	;# 
  1225     0794                     LCDCST          equ	1940	;# 
  1226     0795                     LCDRL           equ	1941	;# 
  1227     0798                     LCDSE0          equ	1944	;# 
  1228     0799                     LCDSE1          equ	1945	;# 
  1229     07A0                     LCDDATA0        equ	1952	;# 
  1230     07A1                     LCDDATA1        equ	1953	;# 
  1231     07A3                     LCDDATA3        equ	1955	;# 
  1232     07A4                     LCDDATA4        equ	1956	;# 
  1233     07A6                     LCDDATA6        equ	1958	;# 
  1234     07A7                     LCDDATA7        equ	1959	;# 
  1235     07A9                     LCDDATA9        equ	1961	;# 
  1236     07AA                     LCDDATA10       equ	1962	;# 
  1237     0FE4                     STATUS_SHAD     equ	4068	;# 
  1238     0FE5                     WREG_SHAD       equ	4069	;# 
  1239     0FE6                     BSR_SHAD        equ	4070	;# 
  1240     0FE7                     PCLATH_SHAD     equ	4071	;# 
  1241     0FE8                     FSR0L_SHAD      equ	4072	;# 
  1242     0FE9                     FSR0H_SHAD      equ	4073	;# 
  1243     0FEA                     FSR1L_SHAD      equ	4074	;# 
  1244     0FEB                     FSR1H_SHAD      equ	4075	;# 
  1245     0FED                     STKPTR          equ	4077	;# 
  1246     0FEE                     TOSL            equ	4078	;# 
  1247     0FEF                     TOSH            equ	4079	;# 
  1248     0000                     INDF0           equ	0	;# 
  1249     0001                     INDF1           equ	1	;# 
  1250     0002                     PCL             equ	2	;# 
  1251     0003                     STATUS          equ	3	;# 
  1252     0004                     FSR0L           equ	4	;# 
  1253     0005                     FSR0H           equ	5	;# 
  1254     0006                     FSR1L           equ	6	;# 
  1255     0007                     FSR1H           equ	7	;# 
  1256     0008                     BSR             equ	8	;# 
  1257     0009                     WREG            equ	9	;# 
  1258     000A                     PCLATH          equ	10	;# 
  1259     000B                     INTCON          equ	11	;# 
  1260     000C                     PORTA           equ	12	;# 
  1261     000D                     PORTB           equ	13	;# 
  1262     000E                     PORTC           equ	14	;# 
  1263     0010                     PORTE           equ	16	;# 
  1264     0011                     PIR1            equ	17	;# 
  1265     0012                     PIR2            equ	18	;# 
  1266     0013                     PIR3            equ	19	;# 
  1267     0015                     TMR0            equ	21	;# 
  1268     0016                     TMR1            equ	22	;# 
  1269     0016                     TMR1L           equ	22	;# 
  1270     0017                     TMR1H           equ	23	;# 
  1271     0018                     T1CON           equ	24	;# 
  1272     0019                     T1GCON          equ	25	;# 
  1273     001A                     TMR2            equ	26	;# 
  1274     001B                     PR2             equ	27	;# 
  1275     001C                     T2CON           equ	28	;# 
  1276     001E                     CPSCON0         equ	30	;# 
  1277     001F                     CPSCON1         equ	31	;# 
  1278     008C                     TRISA           equ	140	;# 
  1279     008D                     TRISB           equ	141	;# 
  1280     008E                     TRISC           equ	142	;# 
  1281     0090                     TRISE           equ	144	;# 
  1282     0091                     PIE1            equ	145	;# 
  1283     0092                     PIE2            equ	146	;# 
  1284     0093                     PIE3            equ	147	;# 
  1285     0095                     OPTION_REG      equ	149	;# 
  1286     0096                     PCON            equ	150	;# 
  1287     0097                     WDTCON          equ	151	;# 
  1288     0098                     OSCTUNE         equ	152	;# 
  1289     0099                     OSCCON          equ	153	;# 
  1290     009A                     OSCSTAT         equ	154	;# 
  1291     009B                     ADRES           equ	155	;# 
  1292     009B                     ADRESL          equ	155	;# 
  1293     009C                     ADRESH          equ	156	;# 
  1294     009D                     ADCON0          equ	157	;# 
  1295     009E                     ADCON1          equ	158	;# 
  1296     010C                     LATA            equ	268	;# 
  1297     010D                     LATB            equ	269	;# 
  1298     010E                     LATC            equ	270	;# 
  1299     0110                     LATE            equ	272	;# 
  1300     0111                     CM1CON0         equ	273	;# 
  1301     0112                     CM1CON1         equ	274	;# 
  1302     0113                     CM2CON0         equ	275	;# 
  1303     0114                     CM2CON1         equ	276	;# 
  1304     0115                     CMOUT           equ	277	;# 
  1305     0116                     BORCON          equ	278	;# 
  1306     0117                     FVRCON          equ	279	;# 
  1307     0118                     DACCON0         equ	280	;# 
  1308     0119                     DACCON1         equ	281	;# 
  1309     011A                     SRCON0          equ	282	;# 
  1310     011B                     SRCON1          equ	283	;# 
  1311     011D                     APFCON          equ	285	;# 
  1312     018C                     ANSELA          equ	396	;# 
  1313     018D                     ANSELB          equ	397	;# 
  1314     0191                     EEADR           equ	401	;# 
  1315     0191                     EEADRL          equ	401	;# 
  1316     0192                     EEADRH          equ	402	;# 
  1317     0193                     EEDAT           equ	403	;# 
  1318     0193                     EEDATL          equ	403	;# 
  1319     0193                     EEDATA          equ	403	;# 
  1320     0194                     EEDATH          equ	404	;# 
  1321     0195                     EECON1          equ	405	;# 
  1322     0196                     EECON2          equ	406	;# 
  1323     0199                     RCREG           equ	409	;# 
  1324     019A                     TXREG           equ	410	;# 
  1325     019B                     SP1BRG          equ	411	;# 
  1326     019B                     SP1BRGL         equ	411	;# 
  1327     019B                     SPBRG           equ	411	;# 
  1328     019B                     SPBRGL          equ	411	;# 
  1329     019C                     SP1BRGH         equ	412	;# 
  1330     019C                     SPBRGH          equ	412	;# 
  1331     019D                     RCSTA           equ	413	;# 
  1332     019E                     TXSTA           equ	414	;# 
  1333     019F                     BAUDCON         equ	415	;# 
  1334     020D                     WPUB            equ	525	;# 
  1335     0210                     WPUE            equ	528	;# 
  1336     0211                     SSPBUF          equ	529	;# 
  1337     0212                     SSPADD          equ	530	;# 
  1338     0213                     SSPMSK          equ	531	;# 
  1339     0214                     SSPSTAT         equ	532	;# 
  1340     0215                     SSPCON1         equ	533	;# 
  1341     0215                     SSPCON          equ	533	;# 
  1342     0216                     SSPCON2         equ	534	;# 
  1343     0217                     SSPCON3         equ	535	;# 
  1344     0291                     CCPR1           equ	657	;# 
  1345     0291                     CCPR1L          equ	657	;# 
  1346     0292                     CCPR1H          equ	658	;# 
  1347     0293                     CCP1CON         equ	659	;# 
  1348     0294                     PWM1CON         equ	660	;# 
  1349     0295                     CCP1AS          equ	661	;# 
  1350     0295                     ECCP1AS         equ	661	;# 
  1351     0296                     PSTR1CON        equ	662	;# 
  1352     0298                     CCPR2           equ	664	;# 
  1353     0298                     CCPR2L          equ	664	;# 
  1354     0299                     CCPR2H          equ	665	;# 
  1355     029A                     CCP2CON         equ	666	;# 
  1356     029B                     PWM2CON         equ	667	;# 
  1357     029C                     CCP2AS          equ	668	;# 
  1358     029C                     ECCP2AS         equ	668	;# 
  1359     029D                     PSTR2CON        equ	669	;# 
  1360     029E                     CCPTMRS0        equ	670	;# 
  1361     029F                     CCPTMRS1        equ	671	;# 
  1362     0311                     CCPR3           equ	785	;# 
  1363     0311                     CCPR3L          equ	785	;# 
  1364     0312                     CCPR3H          equ	786	;# 
  1365     0313                     CCP3CON         equ	787	;# 
  1366     0314                     PWM3CON         equ	788	;# 
  1367     0315                     CCP3AS          equ	789	;# 
  1368     0315                     ECCP3AS         equ	789	;# 
  1369     0316                     PSTR3CON        equ	790	;# 
  1370     0318                     CCPR4           equ	792	;# 
  1371     0318                     CCPR4L          equ	792	;# 
  1372     0319                     CCPR4H          equ	793	;# 
  1373     031A                     CCP4CON         equ	794	;# 
  1374     031C                     CCPR5           equ	796	;# 
  1375     031C                     CCPR5L          equ	796	;# 
  1376     031D                     CCPR5H          equ	797	;# 
  1377     031E                     CCP5CON         equ	798	;# 
  1378     0394                     IOCBP           equ	916	;# 
  1379     0395                     IOCBN           equ	917	;# 
  1380     0396                     IOCBF           equ	918	;# 
  1381     0415                     TMR4            equ	1045	;# 
  1382     0416                     PR4             equ	1046	;# 
  1383     0417                     T4CON           equ	1047	;# 
  1384     041C                     TMR6            equ	1052	;# 
  1385     041D                     PR6             equ	1053	;# 
  1386     041E                     T6CON           equ	1054	;# 
  1387     0791                     LCDCON          equ	1937	;# 
  1388     0792                     LCDPS           equ	1938	;# 
  1389     0793                     LCDREF          equ	1939	;# 
  1390     0794                     LCDCST          equ	1940	;# 
  1391     0795                     LCDRL           equ	1941	;# 
  1392     0798                     LCDSE0          equ	1944	;# 
  1393     0799                     LCDSE1          equ	1945	;# 
  1394     07A0                     LCDDATA0        equ	1952	;# 
  1395     07A1                     LCDDATA1        equ	1953	;# 
  1396     07A3                     LCDDATA3        equ	1955	;# 
  1397     07A4                     LCDDATA4        equ	1956	;# 
  1398     07A6                     LCDDATA6        equ	1958	;# 
  1399     07A7                     LCDDATA7        equ	1959	;# 
  1400     07A9                     LCDDATA9        equ	1961	;# 
  1401     07AA                     LCDDATA10       equ	1962	;# 
  1402     0FE4                     STATUS_SHAD     equ	4068	;# 
  1403     0FE5                     WREG_SHAD       equ	4069	;# 
  1404     0FE6                     BSR_SHAD        equ	4070	;# 
  1405     0FE7                     PCLATH_SHAD     equ	4071	;# 
  1406     0FE8                     FSR0L_SHAD      equ	4072	;# 
  1407     0FE9                     FSR0H_SHAD      equ	4073	;# 
  1408     0FEA                     FSR1L_SHAD      equ	4074	;# 
  1409     0FEB                     FSR1H_SHAD      equ	4075	;# 
  1410     0FED                     STKPTR          equ	4077	;# 
  1411     0FEE                     TOSL            equ	4078	;# 
  1412     0FEF                     TOSH            equ	4079	;# 
  1413                           
  1414 ;; Function _INT_DefaultInterruptHandler is unused but had its address taken
  1415     0000                     _INT_DefaultInterruptHandler equ	0
  1416                           
  1417 ;; Function _TMR1_DefaultOverflowCallback is unused but had its address taken
  1418     0000                     _TMR1_DefaultOverflowCallback equ	0
  1419                           
  1420 ;; Function _TMR1_DefaultGateCallback is unused but had its address taken
  1421     0000                     _TMR1_DefaultGateCallback equ	0
  1422                           
  1423                           	psect	idataBANK0
  1424     04CD                     __pidataBANK0:
  1425                           
  1426                           ;initializer for _resp_pull_us
  1427     04CD  3458               	retlw	88
  1428     04CE  3402               	retlw	2
  1429                           
  1430                           ;initializer for _my_address
  1431     04CF  3401               	retlw	1
  1432                           
  1433                           ;initializer for _bit_count
  1434     04D0  340C               	retlw	12
  1435                           
  1436                           	psect	nvBANK0
  1437     0055                     __pnvBANK0:
  1438     0055                     _TMR1_GateCallback:
  1439     0055                     	ds	2
  1440     0057                     _TMR1_OverflowCallback:
  1441     0057                     	ds	2
  1442     0059                     _DATA_IN_InterruptHandler:
  1443     0059                     	ds	2
  1444     005B                     _INT_InterruptHandler:
  1445     005B                     	ds	2
  1446     0016                     _TMR1           set	22
  1447     000C                     _PORTAbits      set	12
  1448     000D                     _PORTBbits      set	13
  1449     0019                     _T1GCONbits     set	25
  1450     0018                     _T1CON          set	24
  1451     0019                     _T1GCON         set	25
  1452     0016                     _TMR1L          set	22
  1453     0017                     _TMR1H          set	23
  1454     0018                     _T1CONbits      set	24
  1455     000B                     _INTCONbits     set	11
  1456     0011                     _PIR1bits       set	17
  1457     008D                     _TRISBbits      set	141
  1458     008C                     _TRISAbits      set	140
  1459     008E                     _TRISCbits      set	142
  1460     0090                     _TRISE          set	144
  1461     008E                     _TRISC          set	142
  1462     008D                     _TRISB          set	141
  1463     008C                     _TRISA          set	140
  1464     0098                     _OSCTUNE        set	152
  1465     0099                     _OSCCON         set	153
  1466     0095                     _OPTION_REGbits set	149
  1467     0091                     _PIE1bits       set	145
  1468     009B                     _ADRESL         set	155
  1469     009C                     _ADRESH         set	156
  1470     009E                     _ADCON1         set	158
  1471     009D                     _ADCON0         set	157
  1472     009D                     _ADCON0bits     set	157
  1473     010E                     _LATCbits       set	270
  1474     010C                     _LATAbits       set	268
  1475     0110                     _LATE           set	272
  1476     010E                     _LATC           set	270
  1477     010D                     _LATB           set	269
  1478     010C                     _LATA           set	268
  1479     0116                     _BORCON         set	278
  1480     018D                     _ANSELBbits     set	397
  1481     018C                     _ANSELAbits     set	396
  1482     0196                     _EECON2         set	406
  1483     0193                     _EEDATL         set	403
  1484     0195                     _EECON1bits     set	405
  1485     0191                     _EEADRL         set	401
  1486     018D                     _ANSELB         set	397
  1487     018C                     _ANSELA         set	396
  1488     020D                     _WPUBbits       set	525
  1489     0210                     _WPUE           set	528
  1490     020D                     _WPUB           set	525
  1491     0396                     _IOCBFbits      set	918
  1492     0396                     _IOCBF          set	918
  1493     0395                     _IOCBN          set	917
  1494     0394                     _IOCBP          set	916
  1495                           
  1496                           	psect	cinit
  1497     0027                     start_initialization:	
  1498                           ; #config settings
  1499                           
  1500     0027                     __initialization:
  1501                           
  1502                           ; Initialize objects allocated to BANK0
  1503     0027  3184  24CD  3180   	fcall	__pidataBANK0	;fetch initializer
  1504     002A  00DD               	movwf	__pdataBANK0& (0+127)
  1505     002B  3184  24CE  3180   	fcall	__pidataBANK0+1	;fetch initializer
  1506     002E  00DE               	movwf	(__pdataBANK0+1)& (0+127)
  1507     002F  3184  24CF  3180   	fcall	__pidataBANK0+2	;fetch initializer
  1508     0032  00DF               	movwf	(__pdataBANK0+2)& (0+127)
  1509     0033  3184  24D0  3180   	fcall	__pidataBANK0+3	;fetch initializer
  1510     0036  00E0               	movwf	(__pdataBANK0+3)& (0+127)
  1511                           
  1512                           ; Clear objects allocated to COMMON
  1513     0037  01FD               	clrf	__pbssCOMMON& (0+127)
  1514                           
  1515                           ; Clear objects allocated to BANK0
  1516     0038  3041               	movlw	low __pbssBANK0
  1517     0039  0084               	movwf	4
  1518     003A  3000               	movlw	high __pbssBANK0
  1519     003B  0085               	movwf	5
  1520     003C  3014               	movlw	20
  1521     003D  3184  24B6  3180   	fcall	clear_ram0
  1522     0040                     end_of_initialization:	
  1523                           ;End of C runtime variable initialization code
  1524                           
  1525     0040                     __end_of__initialization:
  1526     0040  107E               	bcf	int$flags,0	;clear compiler interrupt flag (level 1)
  1527     0041  0020               	movlb	0
  1528     0042  3181  2902         	ljmp	_main	;jump to C main() function
  1529                           
  1530                           	psect	bssCOMMON
  1531     007D                     __pbssCOMMON:
  1532     007D                     _new_address:
  1533     007D                     	ds	1
  1534                           
  1535                           	psect	bssBANK0
  1536     0041                     __pbssBANK0:
  1537     0041                     _rx_buffer:
  1538     0041                     	ds	4
  1539     0045                     _prev_ticks:
  1540     0045                     	ds	2
  1541     0047                     _timer1ReloadVal:
  1542     0047                     	ds	2
  1543     0049                     _ADC_ConversionDoneCallback:
  1544     0049                     	ds	2
  1545     004B                     _activate_counter:
  1546     004B                     	ds	1
  1547     004C                     _reset_counter:
  1548     004C                     	ds	1
  1549     004D                     _set_addr_state:
  1550     004D                     	ds	1
  1551     004E                     _resp_request:
  1552     004E                     	ds	1
  1553     004F                     _resp_phase:
  1554     004F                     	ds	1
  1555     0050                     _resp_armed:
  1556     0050                     	ds	1
  1557     0051                     _in_response:
  1558     0051                     	ds	1
  1559     0052                     _rx_addr:
  1560     0052                     	ds	1
  1561     0053                     _rx_mode:
  1562     0053                     	ds	1
  1563     0054                     _cmd_ready:
  1564     0054                     	ds	1
  1565                           
  1566                           	psect	dataBANK0
  1567     005D                     __pdataBANK0:
  1568     005D                     _resp_pull_us:
  1569     005D                     	ds	2
  1570     005F                     _my_address:
  1571     005F                     	ds	1
  1572     0060                     _bit_count:
  1573     0060                     	ds	1
  1574                           
  1575                           	psect	clrtext
  1576     04B6                     clear_ram0:	
  1577                           ;	Called with FSR0 containing the base address, and
  1578                           ;	WREG with the size to clear
  1579                           
  1580     04B6  0064               	clrwdt	;clear the watchdog before getting into this loop
  1581     04B7                     clrloop0:
  1582     04B7  0180               	clrf	0	;clear RAM location pointed to by FSR
  1583     04B8  3101               	addfsr 0,1
  1584     04B9  0B89               	decfsz	9,f	;Have we reached the end of clearing yet?
  1585     04BA  2CB7               	goto	clrloop0	;have we reached the end yet?
  1586     04BB  3400               	retlw	0	;all done for this memory range, return
  1587                           
  1588                           	psect	cstackCOMMON
  1589     0070                     __pcstackCOMMON:
  1590     0070                     ?_PIN_MANAGER_IOC:
  1591     0070                     ?_PIN_MANAGER_Initialize:	
  1592                           ; 1 bytes @ 0x0
  1593                           
  1594     0070                     ?_TMR1_Initialize:	
  1595                           ; 1 bytes @ 0x0
  1596                           
  1597     0070                     ?_DATA_IN_DefaultInterruptHandler:	
  1598                           ; 1 bytes @ 0x0
  1599                           
  1600     0070                     ?_DATA_IN_ISR:	
  1601                           ; 1 bytes @ 0x0
  1602                           
  1603     0070                     ?_ADC_Initialize:	
  1604                           ; 1 bytes @ 0x0
  1605                           
  1606     0070                     ?_ADC_ISR:	
  1607                           ; 1 bytes @ 0x0
  1608                           
  1609     0070                     ?_INTERRUPT_Initialize:	
  1610                           ; 1 bytes @ 0x0
  1611                           
  1612     0070                     ?_INTERRUPT_InterruptManager:	
  1613                           ; 1 bytes @ 0x0
  1614                           
  1615     0070                     ?_CLOCK_Initialize:	
  1616                           ; 1 bytes @ 0x0
  1617                           
  1618     0070                     ?_SYSTEM_Initialize:	
  1619                           ; 1 bytes @ 0x0
  1620                           
  1621     0070                     ?_eeprom_read:	
  1622                           ; 1 bytes @ 0x0
  1623                           
  1624     0070                     ?_protocol_on_bus_change:	
  1625                           ; 1 bytes @ 0x0
  1626                           
  1627     0070                     ?_send_type_bits:	
  1628                           ; 1 bytes @ 0x0
  1629                           
  1630     0070                     ?_send_response_phase:	
  1631                           ; 1 bytes @ 0x0
  1632                           
  1633     0070                     ?_reset_sequencers:	
  1634                           ; 1 bytes @ 0x0
  1635                           
  1636     0070                     ?_apply_mode_select:	
  1637                           ; 1 bytes @ 0x0
  1638                           
  1639     0070                     ?_process_command:	
  1640                           ; 1 bytes @ 0x0
  1641                           
  1642     0070                     ?_main:	
  1643                           ; 1 bytes @ 0x0
  1644                           
  1645     0070                     ?i1_tmr1_ticks:	
  1646                           ; 1 bytes @ 0x0
  1647                           
  1648     0070                     ??_DATA_IN_DefaultInterruptHandler:	
  1649                           ; 2 bytes @ 0x0
  1650                           
  1651     0070                     ??_ADC_ISR:	
  1652                           ; 1 bytes @ 0x0
  1653                           
  1654                           
  1655                           ; 1 bytes @ 0x0
  1656     0070                     	ds	2
  1657     0072                     ??i1_tmr1_ticks:
  1658                           
  1659                           ; 1 bytes @ 0x2
  1660     0072                     	ds	5
  1661     0077                     i1tmr1_ticks@lo:
  1662                           
  1663                           ; 1 bytes @ 0x7
  1664     0077                     	ds	1
  1665     0078                     i1tmr1_ticks@hi:
  1666                           
  1667                           ; 1 bytes @ 0x8
  1668     0078                     	ds	1
  1669     0079                     ??_protocol_on_bus_change:
  1670                           
  1671                           ; 1 bytes @ 0x9
  1672     0079                     	ds	4
  1673     007D                     ??_PIN_MANAGER_IOC:
  1674     007D                     ??_DATA_IN_ISR:	
  1675                           ; 1 bytes @ 0xD
  1676                           
  1677     007D                     ??_INTERRUPT_InterruptManager:	
  1678                           ; 1 bytes @ 0xD
  1679                           
  1680                           
  1681                           	psect	cstackBANK0
  1682     0020                     __pcstackBANK0:	
  1683                           ; 1 bytes @ 0xD
  1684                           
  1685     0020                     protocol_on_bus_change@bit:
  1686                           
  1687                           ; 1 bytes @ 0x0
  1688     0020                     	ds	1
  1689     0021                     protocol_on_bus_change@cur:
  1690                           
  1691                           ; 2 bytes @ 0x1
  1692     0021                     	ds	2
  1693     0023                     protocol_on_bus_change@delta:
  1694                           
  1695                           ; 2 bytes @ 0x3
  1696     0023                     	ds	2
  1697     0025                     ?_INT_SetInterruptHandler:
  1698     0025                     ?_DATA_IN_SetInterruptHandler:	
  1699                           ; 1 bytes @ 0x5
  1700                           
  1701     0025                     ?_eeprom_write:	
  1702                           ; 1 bytes @ 0x5
  1703                           
  1704     0025                     ?_tmr1_ticks:	
  1705                           ; 1 bytes @ 0x5
  1706                           
  1707     0025                     ?_read_adc_ch:	
  1708                           ; 2 bytes @ 0x5
  1709                           
  1710     0025                     ?___lmul:	
  1711                           ; 2 bytes @ 0x5
  1712                           
  1713     0025                     eeprom_read@addr:	
  1714                           ; 4 bytes @ 0x5
  1715                           
  1716     0025                     eeprom_write@data:	
  1717                           ; 1 bytes @ 0x5
  1718                           
  1719     0025                     INT_SetInterruptHandler@InterruptHandler:	
  1720                           ; 1 bytes @ 0x5
  1721                           
  1722     0025                     DATA_IN_SetInterruptHandler@InterruptHandler:	
  1723                           ; 2 bytes @ 0x5
  1724                           
  1725     0025                     ___lmul@multiplier:	
  1726                           ; 2 bytes @ 0x5
  1727                           
  1728     0025                     ??_TMR1_Initialize:	
  1729                           ; 4 bytes @ 0x5
  1730                           
  1731     0025                     ??_ADC_Initialize:	
  1732                           ; 1 bytes @ 0x5
  1733                           
  1734     0025                     ??_CLOCK_Initialize:	
  1735                           ; 1 bytes @ 0x5
  1736                           
  1737     0025                     ??_eeprom_read:	
  1738                           ; 1 bytes @ 0x5
  1739                           
  1740     0025                     ??_send_type_bits:	
  1741                           ; 1 bytes @ 0x5
  1742                           
  1743     0025                     ??_reset_sequencers:	
  1744                           ; 1 bytes @ 0x5
  1745                           
  1746     0025                     ??_apply_mode_select:	
  1747                           ; 1 bytes @ 0x5
  1748                           
  1749                           
  1750                           ; 1 bytes @ 0x5
  1751     0025                     	ds	1
  1752     0026                     eeprom_write@addr:
  1753     0026                     send_type_bits@type:	
  1754                           ; 1 bytes @ 0x6
  1755                           
  1756     0026                     ??_eeprom_write:	
  1757                           ; 1 bytes @ 0x6
  1758                           
  1759                           
  1760                           ; 1 bytes @ 0x6
  1761     0026                     	ds	1
  1762     0027                     send_type_bits@i:
  1763     0027                     ??_INT_SetInterruptHandler:	
  1764                           ; 1 bytes @ 0x7
  1765                           
  1766     0027                     ??_PIN_MANAGER_Initialize:	
  1767                           ; 1 bytes @ 0x7
  1768                           
  1769     0027                     ??_DATA_IN_SetInterruptHandler:	
  1770                           ; 1 bytes @ 0x7
  1771                           
  1772     0027                     ??_INTERRUPT_Initialize:	
  1773                           ; 1 bytes @ 0x7
  1774                           
  1775     0027                     ??_SYSTEM_Initialize:	
  1776                           ; 1 bytes @ 0x7
  1777                           
  1778     0027                     ??_tmr1_ticks:	
  1779                           ; 1 bytes @ 0x7
  1780                           
  1781     0027                     ??_read_adc_ch:	
  1782                           ; 1 bytes @ 0x7
  1783                           
  1784                           
  1785                           ; 1 bytes @ 0x7
  1786     0027                     	ds	1
  1787     0028                     read_adc_ch@chs:
  1788     0028                     apply_mode_select@sel:	
  1789                           ; 1 bytes @ 0x8
  1790                           
  1791                           
  1792                           ; 1 bytes @ 0x8
  1793     0028                     	ds	1
  1794     0029                     ?_read_adc_max:
  1795     0029                     ___lmul@multiplicand:	
  1796                           ; 2 bytes @ 0x9
  1797                           
  1798                           
  1799                           ; 4 bytes @ 0x9
  1800     0029                     	ds	2
  1801     002B                     read_adc_max@v_main:
  1802     002B                     ??_read_adc_max:	
  1803                           ; 2 bytes @ 0xB
  1804                           
  1805                           
  1806                           ; 1 bytes @ 0xB
  1807     002B                     	ds	1
  1808     002C                     tmr1_ticks@lo:
  1809                           
  1810                           ; 1 bytes @ 0xC
  1811     002C                     	ds	1
  1812     002D                     tmr1_ticks@hi:
  1813     002D                     read_adc_max@v_pin22:	
  1814                           ; 1 bytes @ 0xD
  1815                           
  1816     002D                     ___lmul@product:	
  1817                           ; 2 bytes @ 0xD
  1818                           
  1819     002D                     ??___lmul:	
  1820                           ; 4 bytes @ 0xD
  1821                           
  1822                           
  1823                           ; 1 bytes @ 0xD
  1824     002D                     	ds	1
  1825     002E                     ?_send_pulse:
  1826     002E                     send_pulse@us:	
  1827                           ; 1 bytes @ 0xE
  1828                           
  1829                           
  1830                           ; 2 bytes @ 0xE
  1831     002E                     	ds	2
  1832     0030                     ??_send_pulse:
  1833                           
  1834                           ; 1 bytes @ 0x10
  1835     0030                     	ds	1
  1836     0031                     ?_convert_adc_to_pulse_usec:
  1837     0031                     convert_adc_to_pulse_usec@adc_val:	
  1838                           ; 2 bytes @ 0x11
  1839                           
  1840                           
  1841                           ; 2 bytes @ 0x11
  1842     0031                     	ds	1
  1843     0032                     send_pulse@ticks:
  1844                           
  1845                           ; 2 bytes @ 0x12
  1846     0032                     	ds	1
  1847     0033                     ??_convert_adc_to_pulse_usec:
  1848                           
  1849                           ; 1 bytes @ 0x13
  1850     0033                     	ds	1
  1851     0034                     send_pulse@t0:
  1852                           
  1853                           ; 2 bytes @ 0x14
  1854     0034                     	ds	2
  1855     0036                     send_response_phase@phase:
  1856     0036                     ??_send_response_phase:	
  1857                           ; 1 bytes @ 0x16
  1858                           
  1859                           
  1860                           ; 1 bytes @ 0x16
  1861     0036                     	ds	1
  1862     0037                     convert_adc_to_pulse_usec@_pulse_width:
  1863                           
  1864                           ; 2 bytes @ 0x17
  1865     0037                     	ds	2
  1866     0039                     convert_adc_to_pulse_usec@adc_val_mvolts:
  1867                           
  1868                           ; 2 bytes @ 0x19
  1869     0039                     	ds	2
  1870     003B                     ??_process_command:
  1871                           
  1872                           ; 1 bytes @ 0x1B
  1873     003B                     	ds	2
  1874     003D                     ??_main:
  1875                           
  1876                           ; 1 bytes @ 0x1D
  1877     003D                     	ds	1
  1878     003E                     main@idle_loops:
  1879                           
  1880                           ; 2 bytes @ 0x1E
  1881     003E                     	ds	2
  1882     0040                     main@i:
  1883                           
  1884                           ; 1 bytes @ 0x20
  1885     0040                     	ds	1
  1886                           
  1887                           	psect	maintext
  1888     0102                     __pmaintext:	
  1889 ;;
  1890 ;;Main: autosize = 0, tempsize = 1, incstack = 0, save=0
  1891 ;;
  1892 ;; *************** function _main *****************
  1893 ;; Defined at:
  1894 ;;		line 432 in file "main.c"
  1895 ;; Parameters:    Size  Location     Type
  1896 ;;		None
  1897 ;; Auto vars:     Size  Location     Type
  1898 ;;  i               1   32[BANK0 ] unsigned char 
  1899 ;;  idle_loops      2   30[BANK0 ] unsigned short 
  1900 ;; Return value:  Size  Location     Type
  1901 ;;                  1    wreg      void 
  1902 ;; Registers used:
  1903 ;;		wreg, fsr0l, fsr0h, status,2, status,0, pclath, cstack
  1904 ;; Tracked objects:
  1905 ;;		On entry : B1F/0
  1906 ;;		On exit  : 0/0
  1907 ;;		Unchanged: 0/0
  1908 ;; Data sizes:     COMMON   BANK0   BANK1   BANK2   BANK3   BANK4   BANK5   BANK6
  1909 ;;      Params:         0       0       0       0       0       0       0       0
  1910 ;;      Locals:         0       3       0       0       0       0       0       0
  1911 ;;      Temps:          0       1       0       0       0       0       0       0
  1912 ;;      Totals:         0       4       0       0       0       0       0       0
  1913 ;;Total ram usage:        4 bytes
  1914 ;; Hardware stack levels required when called: 8
  1915 ;; This function calls:
  1916 ;;		_DATA_IN_SetInterruptHandler
  1917 ;;		_SYSTEM_Initialize
  1918 ;;		_eeprom_read
  1919 ;;		_process_command
  1920 ;;		_reset_sequencers
  1921 ;;		_send_response_phase
  1922 ;; This function is called by:
  1923 ;;		Startup code after reset
  1924 ;; This function uses a non-reentrant model
  1925 ;;
  1926                           
  1927     0102                     _main:	
  1928                           ;psect for function _main
  1929                           
  1930     0102                     l2205:	
  1931                           ;incstack = 0
  1932                           ; Regs used in _main: [wreg-fsr0h+status,2+status,0+pclath+cstack]
  1933                           
  1934                           
  1935                           ;main.c: 433:     SYSTEM_Initialize();
  1936     0102  3184  2461  3181   	fcall	_SYSTEM_Initialize
  1937     0105                     l2207:
  1938     0105  0021               	movlb	1	; select bank1
  1939     0106  128E               	bcf	14,5	;volatile
  1940     0107                     l2209:
  1941     0107  130E               	bcf	14,6	;volatile
  1942     0108                     l2211:
  1943     0108  120E               	bcf	14,4	;volatile
  1944     0109                     l2213:
  1945     0109  138E               	bcf	14,7	;volatile
  1946     010A                     l2215:
  1947     010A  118C               	bcf	12,3	;volatile
  1948     010B                     l2217:
  1949     010B  0022               	movlb	2	; select bank2
  1950     010C  118C               	bcf	12,3	;volatile
  1951     010D                     l2219:
  1952                           
  1953                           ;main.c: 445:     ANSELAbits.ANSA1 = 0;
  1954     010D  0023               	movlb	3	; select bank3
  1955     010E  108C               	bcf	12,1	;volatile
  1956     010F                     l2221:
  1957                           
  1958                           ;main.c: 446:     ANSELAbits.ANSA2 = 0;
  1959     010F  110C               	bcf	12,2	;volatile
  1960     0110                     l2223:
  1961                           
  1962                           ;main.c: 452:     ANSELBbits.ANSB1 = 1;
  1963     0110  148D               	bsf	13,1	;volatile
  1964     0111                     l2225:
  1965                           
  1966                           ;main.c: 453:     ANSELBbits.ANSB2 = 1;
  1967     0111  150D               	bsf	13,2	;volatile
  1968     0112                     l2227:
  1969                           
  1970                           ;main.c: 454:     TRISBbits.TRISB1 = 1;
  1971     0112  0021               	movlb	1	; select bank1
  1972     0113  148D               	bsf	13,1	;volatile
  1973     0114                     l2229:
  1974                           
  1975                           ;main.c: 455:     TRISBbits.TRISB2 = 1;
  1976     0114  150D               	bsf	13,2	;volatile
  1977     0115                     l2231:
  1978                           
  1979                           ;main.c: 456:     WPUBbits.WPUB1 = 0;
  1980     0115  0024               	movlb	4	; select bank4
  1981     0116  108D               	bcf	13,1	;volatile
  1982     0117                     l2233:
  1983                           
  1984                           ;main.c: 457:     WPUBbits.WPUB2 = 0;
  1985     0117  110D               	bcf	13,2	;volatile
  1986     0118                     l2235:
  1987                           
  1988                           ;main.c: 460:     for (uint8_t i = 0; i < 3; i++) {
  1989     0118  0020               	movlb	0	; select bank0
  1990     0119  01C0               	clrf	main@i
  1991     011A                     l557:	
  1992                           ;main.c: 461:         do { LATCbits.LATC4 = 1; } while(0);
  1993                           
  1994     011A  0022               	movlb	2	; select bank2
  1995     011B  160E               	bsf	14,4	;volatile
  1996     011C                     l2241:
  1997                           
  1998                           ;main.c: 464:     }
  1999     011C  3001               	movlw	1
  2000     011D  0020               	movlb	0	; select bank0
  2001     011E  07C0               	addwf	main@i,f
  2002     011F                     l2243:
  2003     011F  3003               	movlw	3
  2004     0120  0240               	subwf	main@i,w
  2005     0121  1C03               	skipc
  2006     0122  2924               	goto	u1131
  2007     0123  2925               	goto	u1130
  2008     0124                     u1131:
  2009     0124  291A               	goto	l557
  2010     0125                     u1130:
  2011     0125                     l2245:
  2012                           
  2013                           ;main.c: 470:     T1CON = 0;
  2014     0125  0198               	clrf	24	;volatile
  2015     0126                     l2247:
  2016                           
  2017                           ;main.c: 471:     T1CONbits.TMR1CS = 0;
  2018     0126  303F               	movlw	-193
  2019     0127  0598               	andwf	24,f	;volatile
  2020     0128                     l2249:
  2021                           
  2022                           ;main.c: 472:     T1CONbits.T1CKPS = 3;
  2023     0128  3030               	movlw	48
  2024     0129  0498               	iorwf	24,f	;volatile
  2025     012A                     l2251:
  2026                           
  2027                           ;main.c: 473:     T1CONbits.nT1SYNC = 1;
  2028     012A  1518               	bsf	24,2	;volatile
  2029                           
  2030                           ;main.c: 474:     TMR1 = 0;
  2031     012B  0196               	clrf	22	;volatile
  2032     012C  0197               	clrf	23	;volatile
  2033     012D                     l2253:
  2034                           
  2035                           ;main.c: 475:     PIE1bits.TMR1IE = 0;
  2036     012D  0021               	movlb	1	; select bank1
  2037     012E  1011               	bcf	17,0	;volatile
  2038     012F                     l2255:
  2039                           
  2040                           ;main.c: 476:     T1CONbits.TMR1ON = 1;
  2041     012F  0020               	movlb	0	; select bank0
  2042     0130  1418               	bsf	24,0	;volatile
  2043     0131                     l2257:
  2044                           
  2045                           ;main.c: 478:     my_address = eeprom_read(0);
  2046     0131  3000               	movlw	0
  2047     0132  3184  249C  3181   	fcall	_eeprom_read
  2048     0135  0020               	movlb	0	; select bank0
  2049     0136  00DF               	movwf	_my_address
  2050     0137                     l2259:
  2051                           
  2052                           ;main.c: 479:     if (my_address == 0xFF || my_address == 0) my_address = 0x01;
  2053     0137  0A5F               	incf	_my_address,w
  2054     0138  1903               	btfsc	3,2
  2055     0139  293B               	goto	u1141
  2056     013A  293C               	goto	u1140
  2057     013B                     u1141:
  2058     013B  2941               	goto	l561
  2059     013C                     u1140:
  2060     013C                     l2261:
  2061     013C  085F               	movf	_my_address,w
  2062     013D  1D03               	btfss	3,2
  2063     013E  2940               	goto	u1151
  2064     013F  2941               	goto	u1150
  2065     0140                     u1151:
  2066     0140  2943               	goto	l2263
  2067     0141                     u1150:
  2068     0141                     l561:
  2069     0141  3001               	movlw	1
  2070     0142  00DF               	movwf	_my_address
  2071     0143                     l2263:
  2072                           
  2073                           ;main.c: 482:     prev_ticks = TMR1;
  2074     0143  0817               	movf	23,w	;volatile
  2075     0144  00C6               	movwf	_prev_ticks+1	;volatile
  2076     0145  0816               	movf	22,w	;volatile
  2077     0146  00C5               	movwf	_prev_ticks	;volatile
  2078     0147                     l2265:
  2079                           
  2080                           ;main.c: 483:     PIR1bits.TMR1IF = 0;
  2081     0147  1011               	bcf	17,0	;volatile
  2082     0148                     l2267:
  2083                           
  2084                           ;main.c: 484:     bit_count = 12;
  2085     0148  300C               	movlw	12
  2086     0149  00E0               	movwf	_bit_count	;volatile
  2087     014A                     l2269:
  2088                           
  2089                           ;main.c: 486:     DATA_IN_SetInterruptHandler(protocol_on_bus_change);
  2090     014A  30B6               	movlw	low _protocol_on_bus_change
  2091     014B  00A5               	movwf	DATA_IN_SetInterruptHandler@InterruptHandler
  2092     014C  3001               	movlw	high _protocol_on_bus_change
  2093     014D  00A6               	movwf	DATA_IN_SetInterruptHandler@InterruptHandler+1
  2094     014E  3184  24BC  3181   	fcall	_DATA_IN_SetInterruptHandler
  2095     0151                     l2271:
  2096                           
  2097                           ;main.c: 487:     INTCONbits.PEIE = 1;
  2098     0151  170B               	bsf	11,6	;volatile
  2099     0152                     l2273:
  2100                           
  2101                           ;main.c: 488:     INTCONbits.GIE = 1;
  2102     0152  178B               	bsf	11,7	;volatile
  2103     0153                     l2275:
  2104                           
  2105                           ;main.c: 492:     uint16_t idle_loops = 0;
  2106     0153  0020               	movlb	0	; select bank0
  2107     0154  01BE               	clrf	main@idle_loops
  2108     0155  01BF               	clrf	main@idle_loops+1
  2109     0156                     l2277:
  2110                           
  2111                           ;main.c: 495:         if (cmd_ready) {
  2112     0156  0020               	movlb	0	; select bank0
  2113     0157  0854               	movf	_cmd_ready,w	;volatile
  2114     0158  1903               	btfsc	3,2
  2115     0159  295B               	goto	u1161
  2116     015A  295C               	goto	u1160
  2117     015B                     u1161:
  2118     015B  2964               	goto	l2285
  2119     015C                     u1160:
  2120     015C                     l2279:
  2121                           
  2122                           ;main.c: 496:             cmd_ready = 0;
  2123     015C  01D4               	clrf	_cmd_ready	;volatile
  2124     015D                     l2281:
  2125                           
  2126                           ;main.c: 497:             process_command();
  2127     015D  3180  2044  3181   	fcall	_process_command
  2128     0160                     l2283:
  2129                           
  2130                           ;main.c: 498:             idle_loops = 0;
  2131     0160  0020               	movlb	0	; select bank0
  2132     0161  01BE               	clrf	main@idle_loops
  2133     0162  01BF               	clrf	main@idle_loops+1
  2134                           
  2135                           ;main.c: 499:         } else if (++idle_loops >= 3000) {
  2136     0163  2976               	goto	l2291
  2137     0164                     l2285:
  2138     0164  3001               	movlw	1
  2139     0165  07BE               	addwf	main@idle_loops,f
  2140     0166  3000               	movlw	0
  2141     0167  3DBF               	addwfc	main@idle_loops+1,f
  2142     0168  300B               	movlw	11
  2143     0169  023F               	subwf	main@idle_loops+1,w
  2144     016A  30B8               	movlw	184
  2145     016B  1903               	skipnz
  2146     016C  023E               	subwf	main@idle_loops,w
  2147     016D  1C03               	skipc
  2148     016E  2970               	goto	u1171
  2149     016F  2971               	goto	u1170
  2150     0170                     u1171:
  2151     0170  2976               	goto	l2291
  2152     0171                     u1170:
  2153     0171                     l2287:
  2154                           
  2155                           ;main.c: 500:             idle_loops = 0;
  2156     0171  01BE               	clrf	main@idle_loops
  2157     0172  01BF               	clrf	main@idle_loops+1
  2158     0173                     l2289:
  2159                           
  2160                           ;main.c: 501:             reset_sequencers();
  2161     0173  3184  24C8  3181   	fcall	_reset_sequencers
  2162     0176                     l2291:
  2163                           
  2164                           ;main.c: 506:         if (in_response && resp_request) {
  2165     0176  0020               	movlb	0	; select bank0
  2166     0177  0851               	movf	_in_response,w	;volatile
  2167     0178  1903               	btfsc	3,2
  2168     0179  297B               	goto	u1181
  2169     017A  297C               	goto	u1180
  2170     017B                     u1181:
  2171     017B  29A9               	goto	l2315
  2172     017C                     u1180:
  2173     017C                     l2293:
  2174     017C  084E               	movf	_resp_request,w	;volatile
  2175     017D  1903               	btfsc	3,2
  2176     017E  2980               	goto	u1191
  2177     017F  2981               	goto	u1190
  2178     0180                     u1191:
  2179     0180  29A9               	goto	l2315
  2180     0181                     u1190:
  2181     0181                     l2295:
  2182                           
  2183                           ;main.c: 507:             resp_request = 0;
  2184     0181  01CE               	clrf	_resp_request	;volatile
  2185                           
  2186                           ;main.c: 512:             IOCBP = 0x0;
  2187     0182  0027               	movlb	7	; select bank7
  2188     0183  0194               	clrf	20	;volatile
  2189                           
  2190                           ;main.c: 513:             IOCBN = 0x0;
  2191     0184  0195               	clrf	21	;volatile
  2192     0185                     l2297:
  2193                           
  2194                           ;main.c: 514:             send_response_phase(resp_phase);
  2195     0185  0020               	movlb	0	; select bank0
  2196     0186  084F               	movf	_resp_phase,w	;volatile
  2197     0187  3184  241B  3181   	fcall	_send_response_phase
  2198     018A                     l2299:
  2199                           
  2200                           ;main.c: 515:             IOCBF = 0x0;
  2201     018A  0027               	movlb	7	; select bank7
  2202     018B  0196               	clrf	22	;volatile
  2203     018C                     l2301:
  2204                           
  2205                           ;main.c: 516:             IOCBP = 0x1;
  2206     018C  3001               	movlw	1
  2207     018D  0094               	movwf	20	;volatile
  2208     018E                     l2303:
  2209                           
  2210                           ;main.c: 517:             IOCBN = 0x1;
  2211     018E  3001               	movlw	1
  2212     018F  0095               	movwf	21	;volatile
  2213     0190                     l2305:
  2214                           
  2215                           ;main.c: 519:             if (++resp_phase >= 3) {
  2216     0190  3001               	movlw	1
  2217     0191  0020               	movlb	0	; select bank0
  2218     0192  07CF               	addwf	_resp_phase,f	;volatile
  2219     0193  3003               	movlw	3
  2220     0194  024F               	subwf	_resp_phase,w	;volatile
  2221     0195  1C03               	skipc
  2222     0196  2998               	goto	u1201
  2223     0197  2999               	goto	u1200
  2224     0198                     u1201:
  2225     0198  29A9               	goto	l2315
  2226     0199                     u1200:
  2227     0199                     l2307:
  2228                           
  2229                           ;main.c: 520:                 in_response = 0;
  2230     0199  01D1               	clrf	_in_response	;volatile
  2231                           
  2232                           ;main.c: 521:                 resp_armed = 0;
  2233     019A  01D0               	clrf	_resp_armed	;volatile
  2234                           
  2235                           ;main.c: 522:                 resp_phase = 0;
  2236     019B  01CF               	clrf	_resp_phase	;volatile
  2237     019C                     l2309:
  2238     019C  0022               	movlb	2	; select bank2
  2239     019D  160E               	bsf	14,4	;volatile
  2240     019E                     l2311:
  2241     019E  3068               	movlw	104
  2242     019F  0020               	movlb	0	; select bank0
  2243     01A0  00BD               	movwf	??_main
  2244     01A1  30E4               	movlw	228
  2245     01A2                     u1227:
  2246     01A2  0B89               	decfsz	9,f
  2247     01A3  29A2               	goto	u1227
  2248     01A4  0BBD               	decfsz	??_main,f
  2249     01A5  29A2               	goto	u1227
  2250     01A6  0000               	nop
  2251     01A7                     l2313:
  2252     01A7  0022               	movlb	2	; select bank2
  2253     01A8  120E               	bcf	14,4	;volatile
  2254     01A9                     l2315:
  2255                           
  2256                           ;main.c: 527:         if (!in_response) {
  2257     01A9  0020               	movlb	0	; select bank0
  2258     01AA  0851               	movf	_in_response,w	;volatile
  2259     01AB  1D03               	btfss	3,2
  2260     01AC  29AE               	goto	u1211
  2261     01AD  29AF               	goto	u1210
  2262     01AE                     u1211:
  2263     01AE  2956               	goto	l2277
  2264     01AF                     u1210:
  2265     01AF                     l2317:
  2266                           
  2267                           ;main.c: 528:             _delay((unsigned long)((100)*(16000000/4000000.0)));
  2268     01AF  3085               	movlw	133
  2269     01B0                     u1237:
  2270     01B0  0B89               	decfsz	9,f
  2271     01B1  29B0               	goto	u1237
  2272     01B2  0000               	nop
  2273     01B3  2956               	goto	l2277
  2274     01B4  3180  2825         	ljmp	start
  2275     01B6                     __end_of_main:
  2276                           
  2277                           	psect	text1
  2278     041B                     __ptext1:	
  2279 ;; *************** function _send_response_phase *****************
  2280 ;; Defined at:
  2281 ;;		line 267 in file "main.c"
  2282 ;; Parameters:    Size  Location     Type
  2283 ;;  phase           1    wreg     unsigned char 
  2284 ;; Auto vars:     Size  Location     Type
  2285 ;;  phase           1   22[BANK0 ] unsigned char 
  2286 ;; Return value:  Size  Location     Type
  2287 ;;                  1    wreg      void 
  2288 ;; Registers used:
  2289 ;;		wreg, fsr0l, fsr0h, status,2, status,0, pclath, cstack
  2290 ;; Tracked objects:
  2291 ;;		On entry : 0/0
  2292 ;;		On exit  : 0/0
  2293 ;;		Unchanged: 0/0
  2294 ;; Data sizes:     COMMON   BANK0   BANK1   BANK2   BANK3   BANK4   BANK5   BANK6
  2295 ;;      Params:         0       0       0       0       0       0       0       0
  2296 ;;      Locals:         0       1       0       0       0       0       0       0
  2297 ;;      Temps:          0       0       0       0       0       0       0       0
  2298 ;;      Totals:         0       1       0       0       0       0       0       0
  2299 ;;Total ram usage:        1 bytes
  2300 ;; Hardware stack levels used: 1
  2301 ;; Hardware stack levels required when called: 7
  2302 ;; This function calls:
  2303 ;;		_send_pulse
  2304 ;;		_send_type_bits
  2305 ;; This function is called by:
  2306 ;;		_main
  2307 ;; This function uses a non-reentrant model
  2308 ;;
  2309                           
  2310     041B                     _send_response_phase:	
  2311                           ;psect for function _send_response_phase
  2312                           
  2313                           
  2314                           ;incstack = 0
  2315                           ; Regs used in _send_response_phase: [wreg-fsr0h+status,2+status,0+pclath+cstack]
  2316                           ;send_response_phase@phase stored from wreg
  2317     041B  0020               	movlb	0	; select bank0
  2318     041C  00B6               	movwf	send_response_phase@phase
  2319     041D                     l2043:
  2320                           
  2321                           ;main.c: 268:     switch (phase) {
  2322     041D  2C2B               	goto	l2053
  2323     041E                     l2045:
  2324     041E  085E               	movf	_resp_pull_us+1,w
  2325     041F  00AF               	movwf	send_pulse@us+1
  2326     0420  085D               	movf	_resp_pull_us,w
  2327     0421  00AE               	movwf	send_pulse@us
  2328     0422  3182  22DB  3184   	fcall	_send_pulse
  2329     0425  2C36               	goto	l465
  2330     0426                     l2047:
  2331     0426  3006               	movlw	6
  2332     0427  3183  236A  3184   	fcall	_send_type_bits
  2333     042A  2C36               	goto	l465
  2334     042B                     l2053:
  2335     042B  0836               	movf	send_response_phase@phase,w
  2336                           
  2337                           ; Switch size 1, requested type "simple"
  2338                           ; Number of cases is 3, Range of values is 0 to 2
  2339                           ; switch strategies available:
  2340                           ; Name         Instructions Cycles
  2341                           ; simple_byte           10     6 (average)
  2342                           ; direct_byte           12     6 (fixed)
  2343                           ; jumptable            260     6 (fixed)
  2344                           ;	Chosen strategy is simple_byte
  2345     042C  3A00               	xorlw	0	; case 0
  2346     042D  1903               	skipnz
  2347     042E  2C1E               	goto	l2045
  2348     042F  3A01               	xorlw	1	; case 1
  2349     0430  1903               	skipnz
  2350     0431  2C26               	goto	l2047
  2351     0432  3A03               	xorlw	3	; case 2
  2352     0433  1903               	skipnz
  2353     0434  2C1E               	goto	l2045
  2354     0435  2C36               	goto	l465
  2355     0436                     l465:
  2356     0436  0008               	return
  2357     0437                     __end_of_send_response_phase:
  2358                           
  2359                           	psect	text2
  2360     036A                     __ptext2:	
  2361 ;; *************** function _send_type_bits *****************
  2362 ;; Defined at:
  2363 ;;		line 231 in file "main.c"
  2364 ;; Parameters:    Size  Location     Type
  2365 ;;  type            1    wreg     unsigned char 
  2366 ;; Auto vars:     Size  Location     Type
  2367 ;;  type            1    6[BANK0 ] unsigned char 
  2368 ;;  i               1    7[BANK0 ] unsigned char 
  2369 ;; Return value:  Size  Location     Type
  2370 ;;                  1    wreg      void 
  2371 ;; Registers used:
  2372 ;;		wreg, status,2, status,0
  2373 ;; Tracked objects:
  2374 ;;		On entry : 0/0
  2375 ;;		On exit  : 0/0
  2376 ;;		Unchanged: 0/0
  2377 ;; Data sizes:     COMMON   BANK0   BANK1   BANK2   BANK3   BANK4   BANK5   BANK6
  2378 ;;      Params:         0       0       0       0       0       0       0       0
  2379 ;;      Locals:         0       2       0       0       0       0       0       0
  2380 ;;      Temps:          0       1       0       0       0       0       0       0
  2381 ;;      Totals:         0       3       0       0       0       0       0       0
  2382 ;;Total ram usage:        3 bytes
  2383 ;; Hardware stack levels used: 1
  2384 ;; Hardware stack levels required when called: 5
  2385 ;; This function calls:
  2386 ;;		Nothing
  2387 ;; This function is called by:
  2388 ;;		_send_response_phase
  2389 ;; This function uses a non-reentrant model
  2390 ;;
  2391                           
  2392     036A                     _send_type_bits:	
  2393                           ;psect for function _send_type_bits
  2394                           
  2395                           
  2396                           ;incstack = 0
  2397                           ; Regs used in _send_type_bits: [wreg+status,2+status,0]
  2398                           ;send_type_bits@type stored from wreg
  2399     036A  0020               	movlb	0	; select bank0
  2400     036B  00A6               	movwf	send_type_bits@type
  2401     036C                     l1971:
  2402                           
  2403                           ;main.c: 232:     for (uint8_t i = 0; i < 4; i++) {
  2404     036C  01A7               	clrf	send_type_bits@i
  2405     036D                     l1977:
  2406                           
  2407                           ;main.c: 233:         if (type & (1 << i)) {
  2408     036D  3001               	movlw	1
  2409     036E  00A5               	movwf	??_send_type_bits
  2410     036F  0A27               	incf	send_type_bits@i,w
  2411     0370  2B72               	goto	u844
  2412     0371                     u845:
  2413     0371  35A5               	lslf	??_send_type_bits,f
  2414     0372                     u844:
  2415     0372  0B89               	decfsz	9,f
  2416     0373  2B71               	goto	u845
  2417     0374  0825               	movf	??_send_type_bits,w
  2418     0375  0526               	andwf	send_type_bits@type,w
  2419     0376  1903               	btfsc	3,2
  2420     0377  2B79               	goto	u851
  2421     0378  2B7A               	goto	u850
  2422     0379                     u851:
  2423     0379  2B83               	goto	l1983
  2424     037A                     u850:
  2425     037A                     l438:	
  2426                           ;main.c: 234:             do { LATAbits.LATA3 = 1; } while(0);
  2427                           
  2428     037A  0022               	movlb	2	; select bank2
  2429     037B  158C               	bsf	12,3	;volatile
  2430     037C                     l1979:
  2431                           
  2432                           ;main.c: 235:             _delay((unsigned long)((300)*(16000000/4000000.0)));
  2433     037C  30F0               	movlw	240
  2434     037D                     u1247:
  2435     037D  3200               	nop2
  2436     037E  0B89               	decfsz	9,f
  2437     037F  2B7D               	goto	u1247
  2438     0380                     l1981:
  2439     0380  0022               	movlb	2	; select bank2
  2440     0381  118C               	bcf	12,3	;volatile
  2441     0382  2B87               	goto	l1985
  2442     0383                     l1983:
  2443                           
  2444                           ;main.c: 238:             _delay((unsigned long)((300)*(16000000/4000000.0)));
  2445     0383  30F0               	movlw	240
  2446     0384                     u1257:
  2447     0384  3200               	nop2
  2448     0385  0B89               	decfsz	9,f
  2449     0386  2B84               	goto	u1257
  2450     0387                     l1985:
  2451                           
  2452                           ;main.c: 240:     }
  2453     0387  3001               	movlw	1
  2454     0388  0020               	movlb	0	; select bank0
  2455     0389  07A7               	addwf	send_type_bits@i,f
  2456     038A                     l1987:
  2457     038A  3004               	movlw	4
  2458     038B  0227               	subwf	send_type_bits@i,w
  2459     038C  1C03               	skipc
  2460     038D  2B8F               	goto	u861
  2461     038E  2B90               	goto	u860
  2462     038F                     u861:
  2463     038F  2B6D               	goto	l1977
  2464     0390                     u860:
  2465     0390                     l443:
  2466     0390  0008               	return
  2467     0391                     __end_of_send_type_bits:
  2468                           
  2469                           	psect	text3
  2470     02DB                     __ptext3:	
  2471 ;; *************** function _send_pulse *****************
  2472 ;; Defined at:
  2473 ;;		line 219 in file "main.c"
  2474 ;; Parameters:    Size  Location     Type
  2475 ;;  us              2   14[BANK0 ] unsigned short 
  2476 ;; Auto vars:     Size  Location     Type
  2477 ;;  t0              2   20[BANK0 ] unsigned short 
  2478 ;;  ticks           2   18[BANK0 ] unsigned short 
  2479 ;; Return value:  Size  Location     Type
  2480 ;;                  1    wreg      void 
  2481 ;; Registers used:
  2482 ;;		wreg, status,2, status,0, pclath, cstack
  2483 ;; Tracked objects:
  2484 ;;		On entry : 0/0
  2485 ;;		On exit  : 0/0
  2486 ;;		Unchanged: 0/0
  2487 ;; Data sizes:     COMMON   BANK0   BANK1   BANK2   BANK3   BANK4   BANK5   BANK6
  2488 ;;      Params:         0       2       0       0       0       0       0       0
  2489 ;;      Locals:         0       4       0       0       0       0       0       0
  2490 ;;      Temps:          0       2       0       0       0       0       0       0
  2491 ;;      Totals:         0       8       0       0       0       0       0       0
  2492 ;;Total ram usage:        8 bytes
  2493 ;; Hardware stack levels used: 1
  2494 ;; Hardware stack levels required when called: 6
  2495 ;; This function calls:
  2496 ;;		_tmr1_ticks
  2497 ;; This function is called by:
  2498 ;;		_send_response_phase
  2499 ;; This function uses a non-reentrant model
  2500 ;;
  2501                           
  2502     02DB                     _send_pulse:	
  2503                           ;psect for function _send_pulse
  2504                           
  2505     02DB                     l1961:	
  2506                           ;incstack = 0
  2507                           ; Regs used in _send_pulse: [wreg+status,2+status,0+pclath+cstack]
  2508                           
  2509                           
  2510                           ;main.c: 220:     if (us > 0) {
  2511     02DB  0020               	movlb	0	; select bank0
  2512     02DC  082E               	movf	send_pulse@us,w
  2513     02DD  042F               	iorwf	send_pulse@us+1,w
  2514     02DE  1903               	btfsc	3,2
  2515     02DF  2AE1               	goto	u821
  2516     02E0  2AE2               	goto	u820
  2517     02E1                     u821:
  2518     02E1  2B0C               	goto	l432
  2519     02E2                     u820:
  2520     02E2                     l1963:
  2521                           
  2522                           ;main.c: 221:         uint16_t ticks = ((uint16_t)((uint32_t)(us) / 2u));
  2523     02E2  082F               	movf	send_pulse@us+1,w
  2524     02E3  00B1               	movwf	??_send_pulse+1
  2525     02E4  082E               	movf	send_pulse@us,w
  2526     02E5  00B0               	movwf	??_send_pulse
  2527     02E6  36B1               	lsrf	??_send_pulse+1,f
  2528     02E7  0CB0               	rrf	??_send_pulse,f
  2529     02E8  0830               	movf	??_send_pulse,w
  2530     02E9  00B2               	movwf	send_pulse@ticks
  2531     02EA  0831               	movf	??_send_pulse+1,w
  2532     02EB  00B3               	movwf	send_pulse@ticks+1
  2533     02EC                     l1965:
  2534     02EC  0022               	movlb	2	; select bank2
  2535     02ED  158C               	bsf	12,3	;volatile
  2536     02EE                     l1967:
  2537                           
  2538                           ;main.c: 223:         uint16_t t0 = tmr1_ticks();
  2539     02EE  3183  23DD  3182   	fcall	_tmr1_ticks
  2540     02F1  0020               	movlb	0	; select bank0
  2541     02F2  0826               	movf	?_tmr1_ticks+1,w
  2542     02F3  00B5               	movwf	send_pulse@t0+1
  2543     02F4  0825               	movf	?_tmr1_ticks,w
  2544     02F5  00B4               	movwf	send_pulse@t0
  2545     02F6                     l1969:	
  2546                           ;main.c: 224:         while ((uint16_t)(tmr1_ticks() - t0) < ticks) { }
  2547                           
  2548     02F6  3183  23DD  3182   	fcall	_tmr1_ticks
  2549     02F9  0020               	movlb	0	; select bank0
  2550     02FA  0834               	movf	send_pulse@t0,w
  2551     02FB  0225               	subwf	?_tmr1_ticks,w
  2552     02FC  00B0               	movwf	??_send_pulse
  2553     02FD  0835               	movf	send_pulse@t0+1,w
  2554     02FE  3B26               	subwfb	?_tmr1_ticks+1,w
  2555     02FF  00B1               	movwf	??_send_pulse+1
  2556     0300  0833               	movf	send_pulse@ticks+1,w
  2557     0301  0231               	subwf	??_send_pulse+1,w
  2558     0302  1D03               	skipz
  2559     0303  2B06               	goto	u835
  2560     0304  0832               	movf	send_pulse@ticks,w
  2561     0305  0230               	subwf	??_send_pulse,w
  2562     0306                     u835:
  2563     0306  1C03               	skipc
  2564     0307  2B09               	goto	u831
  2565     0308  2B0A               	goto	u830
  2566     0309                     u831:
  2567     0309  2AF6               	goto	l1969
  2568     030A                     u830:
  2569     030A                     l429:	
  2570                           ;main.c: 225:         do { LATAbits.LATA3 = 0; } while(0);
  2571                           
  2572     030A  0022               	movlb	2	; select bank2
  2573     030B  118C               	bcf	12,3	;volatile
  2574     030C                     l432:
  2575     030C  0008               	return
  2576     030D                     __end_of_send_pulse:
  2577                           
  2578                           	psect	text4
  2579     03DD                     __ptext4:	
  2580 ;; *************** function _tmr1_ticks *****************
  2581 ;; Defined at:
  2582 ;;		line 147 in file "main.c"
  2583 ;; Parameters:    Size  Location     Type
  2584 ;;		None
  2585 ;; Auto vars:     Size  Location     Type
  2586 ;;  hi              1   13[BANK0 ] unsigned char 
  2587 ;;  lo              1   12[BANK0 ] unsigned char 
  2588 ;; Return value:  Size  Location     Type
  2589 ;;                  2    5[BANK0 ] unsigned short 
  2590 ;; Registers used:
  2591 ;;		wreg
  2592 ;; Tracked objects:
  2593 ;;		On entry : 0/0
  2594 ;;		On exit  : 0/0
  2595 ;;		Unchanged: 0/0
  2596 ;; Data sizes:     COMMON   BANK0   BANK1   BANK2   BANK3   BANK4   BANK5   BANK6
  2597 ;;      Params:         0       2       0       0       0       0       0       0
  2598 ;;      Locals:         0       2       0       0       0       0       0       0
  2599 ;;      Temps:          0       5       0       0       0       0       0       0
  2600 ;;      Totals:         0       9       0       0       0       0       0       0
  2601 ;;Total ram usage:        9 bytes
  2602 ;; Hardware stack levels used: 1
  2603 ;; Hardware stack levels required when called: 5
  2604 ;; This function calls:
  2605 ;;		Nothing
  2606 ;; This function is called by:
  2607 ;;		_send_pulse
  2608 ;; This function uses a non-reentrant model
  2609 ;;
  2610                           
  2611     03DD                     _tmr1_ticks:	
  2612                           ;psect for function _tmr1_ticks
  2613                           
  2614     03DD                     l1791:	
  2615                           ;incstack = 0
  2616                           ; Regs used in _tmr1_ticks: [wreg]
  2617                           
  2618                           
  2619                           ;main.c: 148:     uint8_t hi = TMR1H;
  2620     03DD  0020               	movlb	0	; select bank0
  2621     03DE  0817               	movf	23,w	;volatile
  2622     03DF  00AD               	movwf	tmr1_ticks@hi
  2623                           
  2624                           ;main.c: 149:     uint8_t lo = TMR1L;
  2625     03E0  0816               	movf	22,w	;volatile
  2626     03E1  00AC               	movwf	tmr1_ticks@lo
  2627                           
  2628                           ;main.c: 150:     if (TMR1H != hi) { hi = TMR1H; lo = TMR1L; }
  2629     03E2  0817               	movf	23,w	;volatile
  2630     03E3  062D               	xorwf	tmr1_ticks@hi,w
  2631     03E4  1903               	skipnz
  2632     03E5  2BE7               	goto	u631
  2633     03E6  2BE8               	goto	u630
  2634     03E7                     u631:
  2635     03E7  2BEC               	goto	l408
  2636     03E8                     u630:
  2637     03E8                     l1793:
  2638     03E8  0817               	movf	23,w	;volatile
  2639     03E9  00AD               	movwf	tmr1_ticks@hi
  2640     03EA  0816               	movf	22,w	;volatile
  2641     03EB  00AC               	movwf	tmr1_ticks@lo
  2642     03EC                     l408:
  2643                           
  2644                           ;main.c: 151:     return ((uint16_t)hi << 8) | lo;
  2645     03EC  082C               	movf	tmr1_ticks@lo,w
  2646     03ED  00A7               	movwf	??_tmr1_ticks
  2647     03EE  01A8               	clrf	??_tmr1_ticks+1
  2648     03EF  082D               	movf	tmr1_ticks@hi,w
  2649     03F0  00A9               	movwf	??_tmr1_ticks+2
  2650     03F1  01AA               	clrf	??_tmr1_ticks+3
  2651     03F2  0829               	movf	??_tmr1_ticks+2,w
  2652     03F3  00AA               	movwf	??_tmr1_ticks+3
  2653     03F4  01A9               	clrf	??_tmr1_ticks+2
  2654     03F5  0827               	movf	??_tmr1_ticks,w
  2655     03F6  0429               	iorwf	??_tmr1_ticks+2,w
  2656     03F7  00A5               	movwf	?_tmr1_ticks
  2657     03F8  0828               	movf	??_tmr1_ticks+1,w
  2658     03F9  042A               	iorwf	??_tmr1_ticks+3,w
  2659     03FA  00A6               	movwf	?_tmr1_ticks+1
  2660     03FB                     l409:
  2661     03FB  0008               	return
  2662     03FC                     __end_of_tmr1_ticks:
  2663                           
  2664                           	psect	text5
  2665     04C8                     __ptext5:	
  2666 ;; *************** function _reset_sequencers *****************
  2667 ;; Defined at:
  2668 ;;		line 279 in file "main.c"
  2669 ;; Parameters:    Size  Location     Type
  2670 ;;		None
  2671 ;; Auto vars:     Size  Location     Type
  2672 ;;		None
  2673 ;; Return value:  Size  Location     Type
  2674 ;;                  1    wreg      void 
  2675 ;; Registers used:
  2676 ;;		status,2
  2677 ;; Tracked objects:
  2678 ;;		On entry : 0/0
  2679 ;;		On exit  : 0/0
  2680 ;;		Unchanged: 0/0
  2681 ;; Data sizes:     COMMON   BANK0   BANK1   BANK2   BANK3   BANK4   BANK5   BANK6
  2682 ;;      Params:         0       0       0       0       0       0       0       0
  2683 ;;      Locals:         0       0       0       0       0       0       0       0
  2684 ;;      Temps:          0       0       0       0       0       0       0       0
  2685 ;;      Totals:         0       0       0       0       0       0       0       0
  2686 ;;Total ram usage:        0 bytes
  2687 ;; Hardware stack levels used: 1
  2688 ;; Hardware stack levels required when called: 5
  2689 ;; This function calls:
  2690 ;;		Nothing
  2691 ;; This function is called by:
  2692 ;;		_main
  2693 ;; This function uses a non-reentrant model
  2694 ;;
  2695                           
  2696     04C8                     _reset_sequencers:	
  2697                           ;psect for function _reset_sequencers
  2698                           
  2699     04C8                     l2055:	
  2700                           ;incstack = 0
  2701                           ; Regs used in _reset_sequencers: [status,2]
  2702                           
  2703                           
  2704                           ;main.c: 280:     set_addr_state = AWAIT_FIRST;
  2705     04C8  0020               	movlb	0	; select bank0
  2706     04C9  01CD               	clrf	_set_addr_state
  2707                           
  2708                           ;main.c: 281:     reset_counter = 0;
  2709     04CA  01CC               	clrf	_reset_counter
  2710                           
  2711                           ;main.c: 282:     activate_counter = 0;
  2712     04CB  01CB               	clrf	_activate_counter
  2713     04CC                     l468:
  2714     04CC  0008               	return
  2715     04CD                     __end_of_reset_sequencers:
  2716                           
  2717                           	psect	text6
  2718     0044                     __ptext6:	
  2719 ;; *************** function _process_command *****************
  2720 ;; Defined at:
  2721 ;;		line 333 in file "main.c"
  2722 ;; Parameters:    Size  Location     Type
  2723 ;;		None
  2724 ;; Auto vars:     Size  Location     Type
  2725 ;;		None
  2726 ;; Return value:  Size  Location     Type
  2727 ;;                  1    wreg      void 
  2728 ;; Registers used:
  2729 ;;		wreg, fsr0l, fsr0h, status,2, status,0, pclath, cstack
  2730 ;; Tracked objects:
  2731 ;;		On entry : 0/0
  2732 ;;		On exit  : 0/0
  2733 ;;		Unchanged: 0/0
  2734 ;; Data sizes:     COMMON   BANK0   BANK1   BANK2   BANK3   BANK4   BANK5   BANK6
  2735 ;;      Params:         0       0       0       0       0       0       0       0
  2736 ;;      Locals:         0       0       0       0       0       0       0       0
  2737 ;;      Temps:          0       2       0       0       0       0       0       0
  2738 ;;      Totals:         0       2       0       0       0       0       0       0
  2739 ;;Total ram usage:        2 bytes
  2740 ;; Hardware stack levels used: 1
  2741 ;; Hardware stack levels required when called: 7
  2742 ;; This function calls:
  2743 ;;		_apply_mode_select
  2744 ;;		_convert_adc_to_pulse_usec
  2745 ;;		_eeprom_write
  2746 ;;		_read_adc_max
  2747 ;; This function is called by:
  2748 ;;		_main
  2749 ;; This function uses a non-reentrant model
  2750 ;;
  2751                           
  2752     0044                     _process_command:	
  2753                           ;psect for function _process_command
  2754                           
  2755     0044                     l2057:	
  2756                           ;incstack = 0
  2757                           ; Regs used in _process_command: [wreg-fsr0h+status,2+status,0+pclath+cstack]
  2758                           
  2759                           
  2760                           ;main.c: 336:     if (rx_mode == 1) {
  2761     0044  0020               	movlb	0	; select bank0
  2762     0045  0353               	decf	_rx_mode,w	;volatile
  2763     0046  1D03               	btfss	3,2
  2764     0047  2849               	goto	u931
  2765     0048  284A               	goto	u930
  2766     0049                     u931:
  2767     0049  288B               	goto	l2083
  2768     004A                     u930:
  2769     004A  2875               	goto	l2081
  2770     004B                     l2061:
  2771                           
  2772                           ;main.c: 339:                 set_addr_state = (rx_addr == 0x55) ? AWAIT_SECOND : AWAIT_
      +                          FIRST;
  2773     004B  3055               	movlw	85
  2774     004C  0652               	xorwf	_rx_addr,w	;volatile
  2775     004D  1903               	btfsc	3,2
  2776     004E  2850               	goto	u941
  2777     004F  2852               	goto	u940
  2778     0050                     u941:
  2779     0050  3001               	movlw	1
  2780     0051  2853               	goto	u950
  2781     0052                     u940:
  2782     0052  3000               	movlw	0
  2783     0053                     u950:
  2784     0053  00CD               	movwf	_set_addr_state
  2785                           
  2786                           ;main.c: 340:                 break;
  2787     0054  2901               	goto	l513
  2788     0055                     l2063:
  2789                           
  2790                           ;main.c: 342:                 set_addr_state = (rx_addr == 0x3A) ? AWAIT_ADDR1 : AWAIT_F
      +                          IRST;
  2791     0055  303A               	movlw	58
  2792     0056  0652               	xorwf	_rx_addr,w	;volatile
  2793     0057  1903               	btfsc	3,2
  2794     0058  285A               	goto	u961
  2795     0059  285B               	goto	u960
  2796     005A                     u961:
  2797     005A  285D               	goto	l507
  2798     005B                     u960:
  2799     005B                     l2065:
  2800     005B  01CD               	clrf	_set_addr_state
  2801     005C  2901               	goto	l513
  2802     005D                     l507:
  2803     005D  3002               	movlw	2
  2804     005E  00CD               	movwf	_set_addr_state
  2805     005F  2901               	goto	l513
  2806     0060                     l2067:
  2807                           
  2808                           ;main.c: 345:                 new_address = rx_addr;
  2809     0060  0852               	movf	_rx_addr,w	;volatile
  2810     0061  00FD               	movwf	_new_address
  2811     0062                     l2069:
  2812                           
  2813                           ;main.c: 346:                 set_addr_state = AWAIT_ADDR2;
  2814     0062  3003               	movlw	3
  2815     0063  00CD               	movwf	_set_addr_state
  2816                           
  2817                           ;main.c: 347:                 break;
  2818     0064  2901               	goto	l513
  2819     0065                     l2071:
  2820                           
  2821                           ;main.c: 349:                 if (rx_addr == new_address) {
  2822     0065  0852               	movf	_rx_addr,w	;volatile
  2823     0066  067D               	xorwf	_new_address,w
  2824     0067  1D03               	skipz
  2825     0068  286A               	goto	u971
  2826     0069  286B               	goto	u970
  2827     006A                     u971:
  2828     006A  285B               	goto	l2065
  2829     006B                     u970:
  2830     006B                     l2073:
  2831                           
  2832                           ;main.c: 350:                     eeprom_write(0, new_address);
  2833     006B  087D               	movf	_new_address,w
  2834     006C  00A5               	movwf	eeprom_write@data
  2835     006D  3000               	movlw	0
  2836     006E  3184  244D  3180   	fcall	_eeprom_write
  2837     0071                     l2075:
  2838                           
  2839                           ;main.c: 351:                     my_address = new_address;
  2840     0071  087D               	movf	_new_address,w
  2841     0072  0020               	movlb	0	; select bank0
  2842     0073  00DF               	movwf	_my_address
  2843     0074  285B               	goto	l2065
  2844     0075                     l2081:
  2845     0075  084D               	movf	_set_addr_state,w
  2846     0076  00BB               	movwf	??_process_command
  2847     0077  01BC               	clrf	??_process_command+1
  2848                           
  2849                           ; Switch on 2 bytes has been partitioned into a top level switch of size 1, and 1 sub-sw
      +                          itches
  2850                           ; Switch size 1, requested type "simple"
  2851                           ; Number of cases is 1, Range of values is 0 to 0
  2852                           ; switch strategies available:
  2853                           ; Name         Instructions Cycles
  2854                           ; simple_byte            4     3 (average)
  2855                           ; direct_byte            8     6 (fixed)
  2856                           ; jumptable            260     6 (fixed)
  2857                           ;	Chosen strategy is simple_byte
  2858     0078  083C               	movf	??_process_command+1,w
  2859     0079  3A00               	xorlw	0	; case 0
  2860     007A  1903               	skipnz
  2861     007B  287D               	goto	l2339
  2862     007C  2901               	goto	l513
  2863     007D                     l2339:
  2864                           
  2865                           ; Switch size 1, requested type "simple"
  2866                           ; Number of cases is 4, Range of values is 0 to 3
  2867                           ; switch strategies available:
  2868                           ; Name         Instructions Cycles
  2869                           ; simple_byte           13     7 (average)
  2870                           ; direct_byte           14     6 (fixed)
  2871                           ; jumptable            260     6 (fixed)
  2872                           ;	Chosen strategy is simple_byte
  2873     007D  083B               	movf	??_process_command,w
  2874     007E  3A00               	xorlw	0	; case 0
  2875     007F  1903               	skipnz
  2876     0080  284B               	goto	l2061
  2877     0081  3A01               	xorlw	1	; case 1
  2878     0082  1903               	skipnz
  2879     0083  2855               	goto	l2063
  2880     0084  3A03               	xorlw	3	; case 2
  2881     0085  1903               	skipnz
  2882     0086  2860               	goto	l2067
  2883     0087  3A01               	xorlw	1	; case 3
  2884     0088  1903               	skipnz
  2885     0089  2865               	goto	l2071
  2886     008A  2901               	goto	l513
  2887     008B                     l2083:
  2888                           
  2889                           ;main.c: 366:     set_addr_state = AWAIT_FIRST;
  2890     008B  01CD               	clrf	_set_addr_state
  2891     008C                     l2085:
  2892                           
  2893                           ;main.c: 369:     if (rx_addr != my_address) {
  2894     008C  0852               	movf	_rx_addr,w	;volatile
  2895     008D  065F               	xorwf	_my_address,w
  2896     008E  1903               	skipnz
  2897     008F  2891               	goto	u981
  2898     0090  2892               	goto	u980
  2899     0091                     u981:
  2900     0091  28EA               	goto	l2135
  2901     0092                     u980:
  2902     0092                     l2087:
  2903                           
  2904                           ;main.c: 372:         reset_counter = 0;
  2905     0092  01CC               	clrf	_reset_counter
  2906                           
  2907                           ;main.c: 373:         activate_counter = 0;
  2908     0093  01CB               	clrf	_activate_counter
  2909     0094  2901               	goto	l513
  2910     0095                     l517:	
  2911                           ;main.c: 379:         case 4:
  2912                           
  2913                           
  2914                           ;main.c: 380:             in_response = 1;
  2915     0095  3001               	movlw	1
  2916     0096  00D1               	movwf	_in_response	;volatile
  2917     0097                     l2091:
  2918                           
  2919                           ;main.c: 381:             resp_armed = 0;
  2920     0097  01D0               	clrf	_resp_armed	;volatile
  2921                           
  2922                           ;main.c: 382:             resp_phase = 0;
  2923     0098  01CF               	clrf	_resp_phase	;volatile
  2924                           
  2925                           ;main.c: 383:             resp_request= 0;
  2926     0099  01CE               	clrf	_resp_request	;volatile
  2927     009A                     l2093:
  2928                           
  2929                           ;main.c: 387:             if ((PORTAbits.RA1 == 0) || (PORTAbits.RA2 == 0)) {
  2930     009A  1C8C               	btfss	12,1	;volatile
  2931     009B  289D               	goto	u991
  2932     009C  289E               	goto	u990
  2933     009D                     u991:
  2934     009D  28A2               	goto	l2097
  2935     009E                     u990:
  2936     009E                     l2095:
  2937     009E  190C               	btfsc	12,2	;volatile
  2938     009F  28A1               	goto	u1001
  2939     00A0  28A2               	goto	u1000
  2940     00A1                     u1001:
  2941     00A1  28A7               	goto	l2101
  2942     00A2                     u1000:
  2943     00A2                     l2097:
  2944                           
  2945                           ;main.c: 388:                 resp_pull_us = 0;
  2946     00A2  01DD               	clrf	_resp_pull_us
  2947     00A3  01DE               	clrf	_resp_pull_us+1
  2948     00A4                     l2099:
  2949     00A4  0022               	movlb	2	; select bank2
  2950     00A5  168E               	bsf	14,5	;volatile
  2951     00A6  28B9               	goto	l2105
  2952     00A7                     l2101:
  2953                           
  2954                           ;main.c: 393:                 resp_pull_us = convert_adc_to_pulse_usec(read_adc_max());
  2955     00A7  3183  2391  3180   	fcall	_read_adc_max
  2956     00AA  0020               	movlb	0	; select bank0
  2957     00AB  082A               	movf	?_read_adc_max+1,w
  2958     00AC  00B2               	movwf	convert_adc_to_pulse_usec@adc_val+1
  2959     00AD  0829               	movf	?_read_adc_max,w
  2960     00AE  00B1               	movwf	convert_adc_to_pulse_usec@adc_val
  2961     00AF  3182  2250  3180   	fcall	_convert_adc_to_pulse_usec
  2962     00B2  0020               	movlb	0	; select bank0
  2963     00B3  0832               	movf	?_convert_adc_to_pulse_usec+1,w
  2964     00B4  00DE               	movwf	_resp_pull_us+1
  2965     00B5  0831               	movf	?_convert_adc_to_pulse_usec,w
  2966     00B6  00DD               	movwf	_resp_pull_us
  2967     00B7                     l2103:
  2968     00B7  0022               	movlb	2	; select bank2
  2969     00B8  128E               	bcf	14,5	;volatile
  2970     00B9                     l2105:
  2971                           
  2972                           ;main.c: 396:             reset_counter = 0;
  2973     00B9  0020               	movlb	0	; select bank0
  2974     00BA  01CC               	clrf	_reset_counter
  2975     00BB                     l2107:
  2976                           
  2977                           ;main.c: 397:             activate_counter = 0;
  2978     00BB  01CB               	clrf	_activate_counter
  2979                           
  2980                           ;main.c: 398:             break;
  2981     00BC  2901               	goto	l513
  2982     00BD                     l2109:
  2983                           
  2984                           ;main.c: 401:             activate_counter = 0;
  2985     00BD  01CB               	clrf	_activate_counter
  2986     00BE                     l2111:
  2987                           
  2988                           ;main.c: 402:             if (++reset_counter >= 4) { reset_counter = 0; __asm("reset");
      +                           }
  2989     00BE  3001               	movlw	1
  2990     00BF  07CC               	addwf	_reset_counter,f
  2991     00C0  3004               	movlw	4
  2992     00C1  024C               	subwf	_reset_counter,w
  2993     00C2  1C03               	skipc
  2994     00C3  28C5               	goto	u1011
  2995     00C4  28C6               	goto	u1010
  2996     00C5                     u1011:
  2997     00C5  2901               	goto	l513
  2998     00C6                     u1010:
  2999     00C6                     l2113:
  3000     00C6  01CC               	clrf	_reset_counter
  3001     00C7  0001               	reset	;# 
  3002     00C8  2901               	goto	l513
  3003     00C9                     l2115:
  3004                           
  3005                           ;main.c: 406:             reset_counter = 0;
  3006     00C9  01CC               	clrf	_reset_counter
  3007     00CA                     l2117:
  3008                           
  3009                           ;main.c: 407:             if (++activate_counter >= 4) {
  3010     00CA  3001               	movlw	1
  3011     00CB  07CB               	addwf	_activate_counter,f
  3012     00CC  3004               	movlw	4
  3013     00CD  024B               	subwf	_activate_counter,w
  3014     00CE  1C03               	skipc
  3015     00CF  28D1               	goto	u1021
  3016     00D0  28D2               	goto	u1020
  3017     00D1                     u1021:
  3018     00D1  2901               	goto	l513
  3019     00D2                     u1020:
  3020     00D2                     l2119:
  3021                           
  3022                           ;main.c: 408:                 activate_counter = 0;
  3023     00D2  01CB               	clrf	_activate_counter
  3024     00D3                     l2121:
  3025                           
  3026                           ;main.c: 409:                 apply_mode_select();
  3027     00D3  3183  230D  3180   	fcall	_apply_mode_select
  3028     00D6  2901               	goto	l513
  3029     00D7                     l2123:
  3030                           
  3031                           ;main.c: 416:             reset_counter = 0;
  3032     00D7  01CC               	clrf	_reset_counter
  3033                           
  3034                           ;main.c: 417:             activate_counter = 0;
  3035     00D8  01CB               	clrf	_activate_counter
  3036     00D9                     l2125:
  3037     00D9  0022               	movlb	2	; select bank2
  3038     00DA  160E               	bsf	14,4	;volatile
  3039     00DB                     l2127:
  3040     00DB  3002               	movlw	2
  3041     00DC  0020               	movlb	0	; select bank0
  3042     00DD  00BC               	movwf	??_process_command+1
  3043     00DE  3038               	movlw	56
  3044     00DF  00BB               	movwf	??_process_command
  3045     00E0  30AD               	movlw	173
  3046     00E1                     u1267:
  3047     00E1  0B89               	decfsz	9,f
  3048     00E2  28E1               	goto	u1267
  3049     00E3  0BBB               	decfsz	??_process_command,f
  3050     00E4  28E1               	goto	u1267
  3051     00E5  0BBC               	decfsz	??_process_command+1,f
  3052     00E6  28E1               	goto	u1267
  3053     00E7                     l2129:
  3054     00E7  0022               	movlb	2	; select bank2
  3055     00E8  120E               	bcf	14,4	;volatile
  3056     00E9  2901               	goto	l513
  3057     00EA                     l2135:
  3058     00EA  0853               	movf	_rx_mode,w	;volatile
  3059                           
  3060                           ; Switch size 1, requested type "simple"
  3061                           ; Number of cases is 7, Range of values is 0 to 7
  3062                           ; switch strategies available:
  3063                           ; Name         Instructions Cycles
  3064                           ; direct_byte           22     6 (fixed)
  3065                           ; simple_byte           22    12 (average)
  3066                           ; jumptable            260     6 (fixed)
  3067                           ;	Chosen strategy is simple_byte
  3068     00EB  3A00               	xorlw	0	; case 0
  3069     00EC  1903               	skipnz
  3070     00ED  2895               	goto	l517
  3071     00EE  3A02               	xorlw	2	; case 2
  3072     00EF  1903               	skipnz
  3073     00F0  28BD               	goto	l2109
  3074     00F1  3A01               	xorlw	1	; case 3
  3075     00F2  1903               	skipnz
  3076     00F3  28C9               	goto	l2115
  3077     00F4  3A07               	xorlw	7	; case 4
  3078     00F5  1903               	skipnz
  3079     00F6  2895               	goto	l517
  3080     00F7  3A01               	xorlw	1	; case 5
  3081     00F8  1903               	skipnz
  3082     00F9  28D7               	goto	l2123
  3083     00FA  3A03               	xorlw	3	; case 6
  3084     00FB  1903               	skipnz
  3085     00FC  28D7               	goto	l2123
  3086     00FD  3A01               	xorlw	1	; case 7
  3087     00FE  1903               	skipnz
  3088     00FF  28D7               	goto	l2123
  3089     0100  2892               	goto	l2087
  3090     0101                     l513:
  3091     0101  0008               	return
  3092     0102                     __end_of_process_command:
  3093                           
  3094                           	psect	text7
  3095     0391                     __ptext7:	
  3096 ;; *************** function _read_adc_max *****************
  3097 ;; Defined at:
  3098 ;;		line 259 in file "main.c"
  3099 ;; Parameters:    Size  Location     Type
  3100 ;;		None
  3101 ;; Auto vars:     Size  Location     Type
  3102 ;;  v_pin22         2   13[BANK0 ] unsigned short 
  3103 ;;  v_main          2   11[BANK0 ] unsigned short 
  3104 ;; Return value:  Size  Location     Type
  3105 ;;                  2    9[BANK0 ] unsigned short 
  3106 ;; Registers used:
  3107 ;;		wreg, status,2, status,0, pclath, cstack
  3108 ;; Tracked objects:
  3109 ;;		On entry : 0/0
  3110 ;;		On exit  : 0/0
  3111 ;;		Unchanged: 0/0
  3112 ;; Data sizes:     COMMON   BANK0   BANK1   BANK2   BANK3   BANK4   BANK5   BANK6
  3113 ;;      Params:         0       2       0       0       0       0       0       0
  3114 ;;      Locals:         0       4       0       0       0       0       0       0
  3115 ;;      Temps:          0       0       0       0       0       0       0       0
  3116 ;;      Totals:         0       6       0       0       0       0       0       0
  3117 ;;Total ram usage:        6 bytes
  3118 ;; Hardware stack levels used: 1
  3119 ;; Hardware stack levels required when called: 6
  3120 ;; This function calls:
  3121 ;;		_read_adc_ch
  3122 ;; This function is called by:
  3123 ;;		_process_command
  3124 ;; This function uses a non-reentrant model
  3125 ;;
  3126                           
  3127     0391                     _read_adc_max:	
  3128                           ;psect for function _read_adc_max
  3129                           
  3130     0391                     l1989:	
  3131                           ;incstack = 0
  3132                           ; Regs used in _read_adc_max: [wreg+status,2+status,0+pclath+cstack]
  3133                           
  3134                           
  3135                           ;main.c: 260:     uint16_t v_main = read_adc_ch(0u);
  3136     0391  3000               	movlw	0
  3137     0392  3183  23B7  3183   	fcall	_read_adc_ch
  3138     0395  0020               	movlb	0	; select bank0
  3139     0396  0826               	movf	?_read_adc_ch+1,w
  3140     0397  00AC               	movwf	read_adc_max@v_main+1
  3141     0398  0825               	movf	?_read_adc_ch,w
  3142     0399  00AB               	movwf	read_adc_max@v_main
  3143                           
  3144                           ;main.c: 261:     uint16_t v_pin22 = read_adc_ch(10u);
  3145     039A  300A               	movlw	10
  3146     039B  3183  23B7  3183   	fcall	_read_adc_ch
  3147     039E  0020               	movlb	0	; select bank0
  3148     039F  0826               	movf	?_read_adc_ch+1,w
  3149     03A0  00AE               	movwf	read_adc_max@v_pin22+1
  3150     03A1  0825               	movf	?_read_adc_ch,w
  3151     03A2  00AD               	movwf	read_adc_max@v_pin22
  3152     03A3                     l1991:
  3153                           
  3154                           ;main.c: 262:     return (v_pin22 > v_main) ? v_pin22 : v_main;
  3155     03A3  082E               	movf	read_adc_max@v_pin22+1,w
  3156     03A4  022C               	subwf	read_adc_max@v_main+1,w
  3157     03A5  1D03               	skipz
  3158     03A6  2BA9               	goto	u875
  3159     03A7  082D               	movf	read_adc_max@v_pin22,w
  3160     03A8  022B               	subwf	read_adc_max@v_main,w
  3161     03A9                     u875:
  3162     03A9  1C03               	skipc
  3163     03AA  2BAC               	goto	u871
  3164     03AB  2BAD               	goto	u870
  3165     03AC                     u871:
  3166     03AC  2BB2               	goto	l1995
  3167     03AD                     u870:
  3168     03AD                     l1993:
  3169     03AD  082C               	movf	read_adc_max@v_main+1,w
  3170     03AE  00AA               	movwf	?_read_adc_max+1
  3171     03AF  082B               	movf	read_adc_max@v_main,w
  3172     03B0  00A9               	movwf	?_read_adc_max
  3173     03B1  2BB6               	goto	l456
  3174     03B2                     l1995:
  3175     03B2  082E               	movf	read_adc_max@v_pin22+1,w
  3176     03B3  00AA               	movwf	?_read_adc_max+1
  3177     03B4  082D               	movf	read_adc_max@v_pin22,w
  3178     03B5  00A9               	movwf	?_read_adc_max
  3179     03B6                     l456:
  3180     03B6  0008               	return
  3181     03B7                     __end_of_read_adc_max:
  3182                           
  3183                           	psect	text8
  3184     03B7                     __ptext8:	
  3185 ;; *************** function _read_adc_ch *****************
  3186 ;; Defined at:
  3187 ;;		line 246 in file "main.c"
  3188 ;; Parameters:    Size  Location     Type
  3189 ;;  chs             1    wreg     unsigned char 
  3190 ;; Auto vars:     Size  Location     Type
  3191 ;;  chs             1    8[BANK0 ] unsigned char 
  3192 ;; Return value:  Size  Location     Type
  3193 ;;                  2    5[BANK0 ] unsigned short 
  3194 ;; Registers used:
  3195 ;;		wreg, status,2, status,0
  3196 ;; Tracked objects:
  3197 ;;		On entry : 0/0
  3198 ;;		On exit  : 0/0
  3199 ;;		Unchanged: 0/0
  3200 ;; Data sizes:     COMMON   BANK0   BANK1   BANK2   BANK3   BANK4   BANK5   BANK6
  3201 ;;      Params:         0       2       0       0       0       0       0       0
  3202 ;;      Locals:         0       1       0       0       0       0       0       0
  3203 ;;      Temps:          0       1       0       0       0       0       0       0
  3204 ;;      Totals:         0       4       0       0       0       0       0       0
  3205 ;;Total ram usage:        4 bytes
  3206 ;; Hardware stack levels used: 1
  3207 ;; Hardware stack levels required when called: 5
  3208 ;; This function calls:
  3209 ;;		Nothing
  3210 ;; This function is called by:
  3211 ;;		_read_adc_max
  3212 ;; This function uses a non-reentrant model
  3213 ;;
  3214                           
  3215     03B7                     _read_adc_ch:	
  3216                           ;psect for function _read_adc_ch
  3217                           
  3218                           
  3219                           ;incstack = 0
  3220                           ; Regs used in _read_adc_ch: [wreg+status,2+status,0]
  3221                           ;read_adc_ch@chs stored from wreg
  3222     03B7  0020               	movlb	0	; select bank0
  3223     03B8  00A8               	movwf	read_adc_ch@chs
  3224     03B9                     l1849:
  3225                           
  3226                           ;main.c: 247:     ADCON1 = 0xA0;
  3227     03B9  30A0               	movlw	160
  3228     03BA  0021               	movlb	1	; select bank1
  3229     03BB  009E               	movwf	30	;volatile
  3230                           
  3231                           ;main.c: 248:     ADCON0 = 0x01;
  3232     03BC  3001               	movlw	1
  3233     03BD  009D               	movwf	29	;volatile
  3234     03BE                     l1851:
  3235                           
  3236                           ;main.c: 249:     ADCON0bits.CHS = chs;
  3237     03BE  0020               	movlb	0	; select bank0
  3238     03BF  0828               	movf	read_adc_ch@chs,w
  3239     03C0  00A7               	movwf	??_read_adc_ch
  3240     03C1  0DA7               	rlf	??_read_adc_ch,f
  3241     03C2  0DA7               	rlf	??_read_adc_ch,f
  3242     03C3  0021               	movlb	1	; select bank1
  3243     03C4  081D               	movf	29,w	;volatile
  3244     03C5  0020               	movlb	0	; select bank0
  3245     03C6  0627               	xorwf	??_read_adc_ch,w
  3246     03C7  3983               	andlw	-125
  3247     03C8  0627               	xorwf	??_read_adc_ch,w
  3248     03C9  0021               	movlb	1	; select bank1
  3249     03CA  009D               	movwf	29	;volatile
  3250     03CB                     l1853:
  3251                           
  3252                           ;main.c: 250:     _delay((unsigned long)((10)*(16000000/4000000.0)));
  3253     03CB  300D               	movlw	13
  3254     03CC                     u1277:
  3255     03CC  0B89               	decfsz	9,f
  3256     03CD  2BCC               	goto	u1277
  3257     03CE  0000               	nop
  3258     03CF                     l1855:
  3259                           
  3260                           ;main.c: 251:     ADCON0bits.GO = 1;
  3261     03CF  0021               	movlb	1	; select bank1
  3262     03D0  149D               	bsf	29,1	;volatile
  3263     03D1                     l446:	
  3264                           ;main.c: 252:     while (ADCON0bits.GO);
  3265                           
  3266     03D1  189D               	btfsc	29,1	;volatile
  3267     03D2  2BD4               	goto	u761
  3268     03D3  2BD5               	goto	u760
  3269     03D4                     u761:
  3270     03D4  2BD1               	goto	l446
  3271     03D5                     u760:
  3272     03D5                     l1857:
  3273                           
  3274                           ;main.c: 253:     return ((uint16_t)ADRESH << 8) | ADRESL;
  3275     03D5  081C               	movf	28,w	;volatile
  3276     03D6  0020               	movlb	0	; select bank0
  3277     03D7  00A6               	movwf	?_read_adc_ch+1
  3278     03D8  0021               	movlb	1	; select bank1
  3279     03D9  081B               	movf	27,w	;volatile
  3280     03DA  0020               	movlb	0	; select bank0
  3281     03DB  00A5               	movwf	?_read_adc_ch
  3282     03DC                     l449:
  3283     03DC  0008               	return
  3284     03DD                     __end_of_read_adc_ch:
  3285                           
  3286                           	psect	text9
  3287     044D                     __ptext9:	
  3288 ;; *************** function _eeprom_write *****************
  3289 ;; Defined at:
  3290 ;;		line 131 in file "main.c"
  3291 ;; Parameters:    Size  Location     Type
  3292 ;;  addr            1    wreg     unsigned char 
  3293 ;;  data            1    5[BANK0 ] unsigned char 
  3294 ;; Auto vars:     Size  Location     Type
  3295 ;;  addr            1    6[BANK0 ] unsigned char 
  3296 ;; Return value:  Size  Location     Type
  3297 ;;                  1    wreg      void 
  3298 ;; Registers used:
  3299 ;;		wreg
  3300 ;; Tracked objects:
  3301 ;;		On entry : 0/0
  3302 ;;		On exit  : 0/0
  3303 ;;		Unchanged: 0/0
  3304 ;; Data sizes:     COMMON   BANK0   BANK1   BANK2   BANK3   BANK4   BANK5   BANK6
  3305 ;;      Params:         0       1       0       0       0       0       0       0
  3306 ;;      Locals:         0       1       0       0       0       0       0       0
  3307 ;;      Temps:          0       0       0       0       0       0       0       0
  3308 ;;      Totals:         0       2       0       0       0       0       0       0
  3309 ;;Total ram usage:        2 bytes
  3310 ;; Hardware stack levels used: 1
  3311 ;; Hardware stack levels required when called: 5
  3312 ;; This function calls:
  3313 ;;		Nothing
  3314 ;; This function is called by:
  3315 ;;		_process_command
  3316 ;; This function uses a non-reentrant model
  3317 ;;
  3318                           
  3319     044D                     _eeprom_write:	
  3320                           ;psect for function _eeprom_write
  3321                           
  3322                           
  3323                           ;incstack = 0
  3324                           ; Regs used in _eeprom_write: [wreg]
  3325                           ;eeprom_write@addr stored from wreg
  3326     044D  0020               	movlb	0	; select bank0
  3327     044E  00A6               	movwf	eeprom_write@addr
  3328     044F                     l1943:
  3329                           
  3330                           ;main.c: 132:     EEADRL = addr;
  3331     044F  0826               	movf	eeprom_write@addr,w
  3332     0450  0023               	movlb	3	; select bank3
  3333     0451  0091               	movwf	17	;volatile
  3334                           
  3335                           ;main.c: 133:     EEDATL = data;
  3336     0452  0020               	movlb	0	; select bank0
  3337     0453  0825               	movf	eeprom_write@data,w
  3338     0454  0023               	movlb	3	; select bank3
  3339     0455  0093               	movwf	19	;volatile
  3340     0456                     l1945:
  3341                           
  3342                           ;main.c: 134:     EECON1bits.CFGS = 0;
  3343     0456  1315               	bcf	21,6	;volsfr
  3344     0457                     l1947:
  3345                           
  3346                           ;main.c: 135:     EECON1bits.WREN = 1;
  3347     0457  1515               	bsf	21,2	;volsfr
  3348     0458                     l1949:
  3349                           
  3350                           ;main.c: 136:     INTCONbits.GIE = 0;
  3351     0458  138B               	bcf	11,7	;volatile
  3352     0459                     l1951:
  3353                           
  3354                           ;main.c: 137:     EECON2 = 0x55;
  3355     0459  3055               	movlw	85
  3356     045A  0096               	movwf	22	;volsfr
  3357     045B                     l1953:
  3358                           
  3359                           ;main.c: 138:     EECON2 = 0xAA;
  3360     045B  30AA               	movlw	170
  3361     045C  0096               	movwf	22	;volsfr
  3362     045D                     l1955:
  3363                           
  3364                           ;main.c: 139:     EECON1bits.WR = 1;
  3365     045D  1495               	bsf	21,1	;volsfr
  3366     045E                     l1957:
  3367                           
  3368                           ;main.c: 140:     INTCONbits.GIE = 1;
  3369     045E  178B               	bsf	11,7	;volatile
  3370     045F                     l1959:
  3371                           
  3372                           ;main.c: 141:     EECON1bits.WREN = 0;
  3373     045F  1115               	bcf	21,2	;volsfr
  3374     0460                     l405:
  3375     0460  0008               	return
  3376     0461                     __end_of_eeprom_write:
  3377                           
  3378                           	psect	text10
  3379     0250                     __ptext10:	
  3380 ;; *************** function _convert_adc_to_pulse_usec *****************
  3381 ;; Defined at:
  3382 ;;		line 285 in file "main.c"
  3383 ;; Parameters:    Size  Location     Type
  3384 ;;  adc_val         2   17[BANK0 ] unsigned short 
  3385 ;; Auto vars:     Size  Location     Type
  3386 ;;  adc_val_mvol    2   25[BANK0 ] unsigned short 
  3387 ;;  _pulse_width    2   23[BANK0 ] unsigned short 
  3388 ;; Return value:  Size  Location     Type
  3389 ;;                  2   17[BANK0 ] unsigned short 
  3390 ;; Registers used:
  3391 ;;		wreg, status,2, status,0, pclath, cstack
  3392 ;; Tracked objects:
  3393 ;;		On entry : 0/0
  3394 ;;		On exit  : 0/0
  3395 ;;		Unchanged: 0/0
  3396 ;; Data sizes:     COMMON   BANK0   BANK1   BANK2   BANK3   BANK4   BANK5   BANK6
  3397 ;;      Params:         0       2       0       0       0       0       0       0
  3398 ;;      Locals:         0       4       0       0       0       0       0       0
  3399 ;;      Temps:          0       4       0       0       0       0       0       0
  3400 ;;      Totals:         0      10       0       0       0       0       0       0
  3401 ;;Total ram usage:       10 bytes
  3402 ;; Hardware stack levels used: 1
  3403 ;; Hardware stack levels required when called: 6
  3404 ;; This function calls:
  3405 ;;		___lmul
  3406 ;; This function is called by:
  3407 ;;		_process_command
  3408 ;; This function uses a non-reentrant model
  3409 ;;
  3410                           
  3411     0250                     _convert_adc_to_pulse_usec:	
  3412                           ;psect for function _convert_adc_to_pulse_usec
  3413                           
  3414     0250                     l1999:	
  3415                           ;incstack = 0
  3416                           ; Regs used in _convert_adc_to_pulse_usec: [wreg+status,2+status,0+pclath+cstack]
  3417                           
  3418                           
  3419                           ;main.c: 286:     uint16_t _pulse_width = 0;
  3420     0250  0020               	movlb	0	; select bank0
  3421     0251  01B7               	clrf	convert_adc_to_pulse_usec@_pulse_width
  3422     0252  01B8               	clrf	convert_adc_to_pulse_usec@_pulse_width+1
  3423     0253                     l2001:
  3424                           
  3425                           ;main.c: 291:     uint16_t adc_val_mvolts = (uint16_t)(((uint32_t)5000 * adc_val + 512u)
      +                           / 1024u);
  3426     0253  3000               	movlw	0
  3427     0254  00B3               	movwf	??_convert_adc_to_pulse_usec
  3428     0255  3002               	movlw	2
  3429     0256  00B4               	movwf	??_convert_adc_to_pulse_usec+1
  3430     0257  3000               	movlw	0
  3431     0258  00B5               	movwf	??_convert_adc_to_pulse_usec+2
  3432     0259  3000               	movlw	0
  3433     025A  00B6               	movwf	??_convert_adc_to_pulse_usec+3
  3434     025B  0831               	movf	convert_adc_to_pulse_usec@adc_val,w
  3435     025C  00A5               	movwf	___lmul@multiplier
  3436     025D  0832               	movf	convert_adc_to_pulse_usec@adc_val+1,w
  3437     025E  00A6               	movwf	___lmul@multiplier+1
  3438     025F  01A7               	clrf	___lmul@multiplier+2
  3439     0260  01A8               	clrf	___lmul@multiplier+3
  3440     0261  3000               	movlw	0
  3441     0262  00AC               	movwf	___lmul@multiplicand+3
  3442     0263  3000               	movlw	0
  3443     0264  00AB               	movwf	___lmul@multiplicand+2
  3444     0265  3013               	movlw	19
  3445     0266  00AA               	movwf	___lmul@multiplicand+1
  3446     0267  3088               	movlw	136
  3447     0268  00A9               	movwf	___lmul@multiplicand
  3448     0269  3182  22A7  3182   	fcall	___lmul
  3449     026C  0020               	movlb	0	; select bank0
  3450     026D  0825               	movf	?___lmul,w
  3451     026E  07B3               	addwf	??_convert_adc_to_pulse_usec,f
  3452     026F  0826               	movf	?___lmul+1,w
  3453     0270  3DB4               	addwfc	??_convert_adc_to_pulse_usec+1,f
  3454     0271  0827               	movf	?___lmul+2,w
  3455     0272  3DB5               	addwfc	??_convert_adc_to_pulse_usec+2,f
  3456     0273  0828               	movf	?___lmul+3,w
  3457     0274  3DB6               	addwfc	??_convert_adc_to_pulse_usec+3,f
  3458     0275  300A               	movlw	10
  3459     0276                     u885:
  3460     0276  36B6               	lsrf	??_convert_adc_to_pulse_usec+3,f
  3461     0277  0CB5               	rrf	??_convert_adc_to_pulse_usec+2,f
  3462     0278  0CB4               	rrf	??_convert_adc_to_pulse_usec+1,f
  3463     0279  0CB3               	rrf	??_convert_adc_to_pulse_usec,f
  3464     027A                     u880:
  3465     027A  0B89               	decfsz	9,f
  3466     027B  2A76               	goto	u885
  3467     027C  0834               	movf	??_convert_adc_to_pulse_usec+1,w
  3468     027D  00BA               	movwf	convert_adc_to_pulse_usec@adc_val_mvolts+1
  3469     027E  0833               	movf	??_convert_adc_to_pulse_usec,w
  3470     027F  00B9               	movwf	convert_adc_to_pulse_usec@adc_val_mvolts
  3471     0280                     l2003:
  3472                           
  3473                           ;main.c: 292:     if ((adc_val_mvolts >= 300) && (adc_val_mvolts <= 1000)) {
  3474     0280  3001               	movlw	1
  3475     0281  023A               	subwf	convert_adc_to_pulse_usec@adc_val_mvolts+1,w
  3476     0282  302C               	movlw	44
  3477     0283  1903               	skipnz
  3478     0284  0239               	subwf	convert_adc_to_pulse_usec@adc_val_mvolts,w
  3479     0285  1C03               	skipc
  3480     0286  2A88               	goto	u891
  3481     0287  2A89               	goto	u890
  3482     0288                     u891:
  3483     0288  2AA2               	goto	l2009
  3484     0289                     u890:
  3485     0289                     l2005:
  3486     0289  3003               	movlw	3
  3487     028A  023A               	subwf	convert_adc_to_pulse_usec@adc_val_mvolts+1,w
  3488     028B  30E9               	movlw	233
  3489     028C  1903               	skipnz
  3490     028D  0239               	subwf	convert_adc_to_pulse_usec@adc_val_mvolts,w
  3491     028E  1803               	skipnc
  3492     028F  2A91               	goto	u901
  3493     0290  2A92               	goto	u900
  3494     0291                     u901:
  3495     0291  2AA2               	goto	l2009
  3496     0292                     u900:
  3497     0292                     l2007:
  3498                           
  3499                           ;main.c: 293:         _pulse_width = (2000 + 600) - 2 * adc_val_mvolts;
  3500     0292  083A               	movf	convert_adc_to_pulse_usec@adc_val_mvolts+1,w
  3501     0293  00B4               	movwf	??_convert_adc_to_pulse_usec+1
  3502     0294  0839               	movf	convert_adc_to_pulse_usec@adc_val_mvolts,w
  3503     0295  00B3               	movwf	??_convert_adc_to_pulse_usec
  3504     0296  35B3               	lslf	??_convert_adc_to_pulse_usec,f
  3505     0297  0DB4               	rlf	??_convert_adc_to_pulse_usec+1,f
  3506     0298  3028               	movlw	40
  3507     0299  00B5               	movwf	??_convert_adc_to_pulse_usec+2
  3508     029A  300A               	movlw	10
  3509     029B  00B6               	movwf	??_convert_adc_to_pulse_usec+3
  3510     029C  0833               	movf	??_convert_adc_to_pulse_usec,w
  3511     029D  0235               	subwf	??_convert_adc_to_pulse_usec+2,w
  3512     029E  00B7               	movwf	convert_adc_to_pulse_usec@_pulse_width
  3513     029F  0834               	movf	??_convert_adc_to_pulse_usec+1,w
  3514     02A0  3B36               	subwfb	??_convert_adc_to_pulse_usec+3,w
  3515     02A1  00B8               	movwf	convert_adc_to_pulse_usec@_pulse_width+1
  3516     02A2                     l2009:
  3517                           
  3518                           ;main.c: 296:     return _pulse_width;
  3519     02A2  0838               	movf	convert_adc_to_pulse_usec@_pulse_width+1,w
  3520     02A3  00B2               	movwf	?_convert_adc_to_pulse_usec+1
  3521     02A4  0837               	movf	convert_adc_to_pulse_usec@_pulse_width,w
  3522     02A5  00B1               	movwf	?_convert_adc_to_pulse_usec
  3523     02A6                     l472:
  3524     02A6  0008               	return
  3525     02A7                     __end_of_convert_adc_to_pulse_usec:
  3526                           
  3527                           	psect	text11
  3528     02A7                     __ptext11:	
  3529 ;; *************** function ___lmul *****************
  3530 ;; Defined at:
  3531 ;;		line 15 in file "C:\Program Files\Microchip\xc8\v3.10\pic\sources\c99\common\Umul32.c"
  3532 ;; Parameters:    Size  Location     Type
  3533 ;;  multiplier      4    5[BANK0 ] unsigned long 
  3534 ;;  multiplicand    4    9[BANK0 ] unsigned long 
  3535 ;; Auto vars:     Size  Location     Type
  3536 ;;  product         4   13[BANK0 ] unsigned long 
  3537 ;; Return value:  Size  Location     Type
  3538 ;;                  4    5[BANK0 ] unsigned long 
  3539 ;; Registers used:
  3540 ;;		wreg, status,2, status,0
  3541 ;; Tracked objects:
  3542 ;;		On entry : 0/0
  3543 ;;		On exit  : 0/0
  3544 ;;		Unchanged: 0/0
  3545 ;; Data sizes:     COMMON   BANK0   BANK1   BANK2   BANK3   BANK4   BANK5   BANK6
  3546 ;;      Params:         0       8       0       0       0       0       0       0
  3547 ;;      Locals:         0       4       0       0       0       0       0       0
  3548 ;;      Temps:          0       0       0       0       0       0       0       0
  3549 ;;      Totals:         0      12       0       0       0       0       0       0
  3550 ;;Total ram usage:       12 bytes
  3551 ;; Hardware stack levels used: 1
  3552 ;; Hardware stack levels required when called: 5
  3553 ;; This function calls:
  3554 ;;		Nothing
  3555 ;; This function is called by:
  3556 ;;		_convert_adc_to_pulse_usec
  3557 ;; This function uses a non-reentrant model
  3558 ;;
  3559                           
  3560     02A7                     ___lmul:	
  3561                           ;psect for function ___lmul
  3562                           
  3563     02A7                     l1861:	
  3564                           ;incstack = 0
  3565                           ; Regs used in ___lmul: [wreg+status,2+status,0]
  3566                           
  3567     02A7  3000               	movlw	0
  3568     02A8  0020               	movlb	0	; select bank0
  3569     02A9  00B0               	movwf	___lmul@product+3
  3570     02AA  3000               	movlw	0
  3571     02AB  00AF               	movwf	___lmul@product+2
  3572     02AC  3000               	movlw	0
  3573     02AD  00AE               	movwf	___lmul@product+1
  3574     02AE  3000               	movlw	0
  3575     02AF  00AD               	movwf	___lmul@product
  3576     02B0                     l1863:
  3577     02B0  1C25               	btfss	___lmul@multiplier,0
  3578     02B1  2AB3               	goto	u771
  3579     02B2  2AB4               	goto	u770
  3580     02B3                     u771:
  3581     02B3  2ABC               	goto	l1867
  3582     02B4                     u770:
  3583     02B4                     l1865:
  3584     02B4  0829               	movf	___lmul@multiplicand,w
  3585     02B5  07AD               	addwf	___lmul@product,f
  3586     02B6  082A               	movf	___lmul@multiplicand+1,w
  3587     02B7  3DAE               	addwfc	___lmul@product+1,f
  3588     02B8  082B               	movf	___lmul@multiplicand+2,w
  3589     02B9  3DAF               	addwfc	___lmul@product+2,f
  3590     02BA  082C               	movf	___lmul@multiplicand+3,w
  3591     02BB  3DB0               	addwfc	___lmul@product+3,f
  3592     02BC                     l1867:
  3593     02BC  3001               	movlw	1
  3594     02BD                     u785:
  3595     02BD  35A9               	lslf	___lmul@multiplicand,f
  3596     02BE  0DAA               	rlf	___lmul@multiplicand+1,f
  3597     02BF  0DAB               	rlf	___lmul@multiplicand+2,f
  3598     02C0  0DAC               	rlf	___lmul@multiplicand+3,f
  3599     02C1  0B89               	decfsz	9,f
  3600     02C2  2ABD               	goto	u785
  3601     02C3                     l1869:
  3602     02C3  3001               	movlw	1
  3603     02C4                     u795:
  3604     02C4  36A8               	lsrf	___lmul@multiplier+3,f
  3605     02C5  0CA7               	rrf	___lmul@multiplier+2,f
  3606     02C6  0CA6               	rrf	___lmul@multiplier+1,f
  3607     02C7  0CA5               	rrf	___lmul@multiplier,f
  3608     02C8  0B89               	decfsz	9,f
  3609     02C9  2AC4               	goto	u795
  3610     02CA  0828               	movf	___lmul@multiplier+3,w
  3611     02CB  0427               	iorwf	___lmul@multiplier+2,w
  3612     02CC  0426               	iorwf	___lmul@multiplier+1,w
  3613     02CD  0425               	iorwf	___lmul@multiplier,w
  3614     02CE  1D03               	skipz
  3615     02CF  2AD1               	goto	u801
  3616     02D0  2AD2               	goto	u800
  3617     02D1                     u801:
  3618     02D1  2AB0               	goto	l1863
  3619     02D2                     u800:
  3620     02D2                     l1871:
  3621     02D2  0830               	movf	___lmul@product+3,w
  3622     02D3  00A8               	movwf	?___lmul+3
  3623     02D4  082F               	movf	___lmul@product+2,w
  3624     02D5  00A7               	movwf	?___lmul+2
  3625     02D6  082E               	movf	___lmul@product+1,w
  3626     02D7  00A6               	movwf	?___lmul+1
  3627     02D8  082D               	movf	___lmul@product,w
  3628     02D9  00A5               	movwf	?___lmul
  3629     02DA                     l687:
  3630     02DA  0008               	return
  3631     02DB                     __end_of___lmul:
  3632                           
  3633                           	psect	text12
  3634     030D                     __ptext12:	
  3635 ;; *************** function _apply_mode_select *****************
  3636 ;; Defined at:
  3637 ;;		line 302 in file "main.c"
  3638 ;; Parameters:    Size  Location     Type
  3639 ;;		None
  3640 ;; Auto vars:     Size  Location     Type
  3641 ;;  sel             1    8[BANK0 ] unsigned char 
  3642 ;; Return value:  Size  Location     Type
  3643 ;;                  1    wreg      void 
  3644 ;; Registers used:
  3645 ;;		wreg, fsr0l, fsr0h, status,2, status,0
  3646 ;; Tracked objects:
  3647 ;;		On entry : 0/0
  3648 ;;		On exit  : 0/0
  3649 ;;		Unchanged: 0/0
  3650 ;; Data sizes:     COMMON   BANK0   BANK1   BANK2   BANK3   BANK4   BANK5   BANK6
  3651 ;;      Params:         0       0       0       0       0       0       0       0
  3652 ;;      Locals:         0       1       0       0       0       0       0       0
  3653 ;;      Temps:          0       3       0       0       0       0       0       0
  3654 ;;      Totals:         0       4       0       0       0       0       0       0
  3655 ;;Total ram usage:        4 bytes
  3656 ;; Hardware stack levels used: 1
  3657 ;; Hardware stack levels required when called: 5
  3658 ;; This function calls:
  3659 ;;		Nothing
  3660 ;; This function is called by:
  3661 ;;		_process_command
  3662 ;; This function uses a non-reentrant model
  3663 ;;
  3664                           
  3665     030D                     _apply_mode_select:	
  3666                           ;psect for function _apply_mode_select
  3667                           
  3668     030D                     l2013:	
  3669                           ;incstack = 0
  3670                           ; Regs used in _apply_mode_select: [wreg-fsr0h+status,2+status,0]
  3671                           
  3672                           
  3673                           ;main.c: 303:     uint8_t sel = (uint8_t)((PORTBbits.RB3 << 1) | PORTBbits.RB5);
  3674     030D  0020               	movlb	0	; select bank0
  3675     030E  0E0D               	swapf	13,w	;volatile
  3676     030F  0C89               	rrf	9,f
  3677     0310  3901               	andlw	1
  3678     0311  00A5               	movwf	??_apply_mode_select
  3679     0312  0C0D               	rrf	13,w	;volatile
  3680     0313  00A6               	movwf	??_apply_mode_select+1
  3681     0314  0CA6               	rrf	??_apply_mode_select+1,f
  3682     0315  0C26               	rrf	??_apply_mode_select+1,w
  3683     0316  3901               	andlw	1
  3684     0317  00A7               	movwf	??_apply_mode_select+2
  3685     0318  3001               	movlw	1
  3686     0319                     u915:
  3687     0319  35A7               	lslf	??_apply_mode_select+2,f
  3688     031A  0B89               	decfsz	9,f
  3689     031B  2B19               	goto	u915
  3690     031C  0827               	movf	??_apply_mode_select+2,w
  3691     031D  0425               	iorwf	??_apply_mode_select,w
  3692     031E  00A8               	movwf	apply_mode_select@sel
  3693                           
  3694                           ;main.c: 304:     switch (sel) {
  3695     031F  2B30               	goto	l2017
  3696     0320                     l477:	
  3697                           ;main.c: 306:                 do { LATCbits.LATC7 = 1; } while(0);
  3698                           
  3699     0320  0022               	movlb	2	; select bank2
  3700     0321  178E               	bsf	14,7	;volatile
  3701     0322                     l479:	
  3702                           ;main.c: 307:                 do { LATCbits.LATC5 = 1; } while(0);
  3703                           
  3704     0322  168E               	bsf	14,5	;volatile
  3705     0323  2B3E               	goto	l498
  3706     0324                     l483:	
  3707                           ;main.c: 311:                 do { LATCbits.LATC7 = 1; } while(0);
  3708                           
  3709     0324  0022               	movlb	2	; select bank2
  3710     0325  178E               	bsf	14,7	;volatile
  3711     0326                     l485:	
  3712                           ;main.c: 312:                 do { LATCbits.LATC5 = 1; } while(0);
  3713                           
  3714     0326  168E               	bsf	14,5	;volatile
  3715     0327  2B3E               	goto	l498
  3716     0328                     l488:	
  3717                           ;main.c: 316:                 do { LATCbits.LATC7 = 1; } while(0);
  3718                           
  3719     0328  0022               	movlb	2	; select bank2
  3720     0329  178E               	bsf	14,7	;volatile
  3721     032A                     l490:	
  3722                           ;main.c: 317:                 do { LATCbits.LATC5 = 1; } while(0);
  3723                           
  3724     032A  168E               	bsf	14,5	;volatile
  3725     032B  2B3E               	goto	l498
  3726     032C                     l493:	
  3727                           ;main.c: 321:                 do { LATCbits.LATC7 = 1; } while(0);
  3728                           
  3729     032C  0022               	movlb	2	; select bank2
  3730     032D  178E               	bsf	14,7	;volatile
  3731     032E                     l495:	
  3732                           ;main.c: 322:                 do { LATCbits.LATC5 = 1; } while(0);
  3733                           
  3734     032E  168E               	bsf	14,5	;volatile
  3735     032F  2B3E               	goto	l498
  3736     0330                     l2017:
  3737     0330  0828               	movf	apply_mode_select@sel,w
  3738                           
  3739                           ; Switch size 1, requested type "simple"
  3740                           ; Number of cases is 4, Range of values is 0 to 3
  3741                           ; switch strategies available:
  3742                           ; Name         Instructions Cycles
  3743                           ; simple_byte           13     7 (average)
  3744                           ; direct_byte           14     6 (fixed)
  3745                           ; jumptable            260     6 (fixed)
  3746                           ;	Chosen strategy is simple_byte
  3747     0331  3A00               	xorlw	0	; case 0
  3748     0332  1903               	skipnz
  3749     0333  2B20               	goto	l477
  3750     0334  3A01               	xorlw	1	; case 1
  3751     0335  1903               	skipnz
  3752     0336  2B24               	goto	l483
  3753     0337  3A03               	xorlw	3	; case 2
  3754     0338  1903               	skipnz
  3755     0339  2B28               	goto	l488
  3756     033A  3A01               	xorlw	1	; case 3
  3757     033B  1903               	skipnz
  3758     033C  2B2C               	goto	l493
  3759     033D  2B3E               	goto	l498
  3760     033E                     l498:
  3761     033E  0008               	return
  3762     033F                     __end_of_apply_mode_select:
  3763                           
  3764                           	psect	text13
  3765     049C                     __ptext13:	
  3766 ;; *************** function _eeprom_read *****************
  3767 ;; Defined at:
  3768 ;;		line 124 in file "main.c"
  3769 ;; Parameters:    Size  Location     Type
  3770 ;;  addr            1    wreg     unsigned char 
  3771 ;; Auto vars:     Size  Location     Type
  3772 ;;  addr            1    5[BANK0 ] unsigned char 
  3773 ;; Return value:  Size  Location     Type
  3774 ;;                  1    wreg      unsigned char 
  3775 ;; Registers used:
  3776 ;;		wreg
  3777 ;; Tracked objects:
  3778 ;;		On entry : 0/0
  3779 ;;		On exit  : 0/0
  3780 ;;		Unchanged: 0/0
  3781 ;; Data sizes:     COMMON   BANK0   BANK1   BANK2   BANK3   BANK4   BANK5   BANK6
  3782 ;;      Params:         0       0       0       0       0       0       0       0
  3783 ;;      Locals:         0       1       0       0       0       0       0       0
  3784 ;;      Temps:          0       0       0       0       0       0       0       0
  3785 ;;      Totals:         0       1       0       0       0       0       0       0
  3786 ;;Total ram usage:        1 bytes
  3787 ;; Hardware stack levels used: 1
  3788 ;; Hardware stack levels required when called: 5
  3789 ;; This function calls:
  3790 ;;		Nothing
  3791 ;; This function is called by:
  3792 ;;		_main
  3793 ;; This function uses a non-reentrant model
  3794 ;;
  3795                           
  3796     049C                     _eeprom_read:	
  3797                           ;psect for function _eeprom_read
  3798                           
  3799                           
  3800                           ;incstack = 0
  3801                           ; Regs used in _eeprom_read: [wreg]
  3802                           ;eeprom_read@addr stored from wreg
  3803     049C  0020               	movlb	0	; select bank0
  3804     049D  00A5               	movwf	eeprom_read@addr
  3805     049E                     l2035:
  3806                           
  3807                           ;main.c: 125:     EEADRL = addr;
  3808     049E  0825               	movf	eeprom_read@addr,w
  3809     049F  0023               	movlb	3	; select bank3
  3810     04A0  0091               	movwf	17	;volatile
  3811     04A1                     l2037:
  3812                           
  3813                           ;main.c: 126:     EECON1bits.CFGS = 0;
  3814     04A1  1315               	bcf	21,6	;volsfr
  3815     04A2                     l2039:
  3816                           
  3817                           ;main.c: 127:     EECON1bits.RD = 1;
  3818     04A2  1415               	bsf	21,0	;volsfr
  3819                           
  3820                           ;main.c: 128:     return EEDATL;
  3821     04A3  0813               	movf	19,w	;volatile
  3822     04A4                     l402:
  3823     04A4  0008               	return
  3824     04A5                     __end_of_eeprom_read:
  3825                           
  3826                           	psect	text14
  3827     0461                     __ptext14:	
  3828 ;; *************** function _SYSTEM_Initialize *****************
  3829 ;; Defined at:
  3830 ;;		line 39 in file "mcc_generated_files/system/src/system.c"
  3831 ;; Parameters:    Size  Location     Type
  3832 ;;		None
  3833 ;; Auto vars:     Size  Location     Type
  3834 ;;		None
  3835 ;; Return value:  Size  Location     Type
  3836 ;;                  1    wreg      void 
  3837 ;; Registers used:
  3838 ;;		wreg, status,2, status,0, pclath, cstack
  3839 ;; Tracked objects:
  3840 ;;		On entry : 0/0
  3841 ;;		On exit  : 0/0
  3842 ;;		Unchanged: 0/0
  3843 ;; Data sizes:     COMMON   BANK0   BANK1   BANK2   BANK3   BANK4   BANK5   BANK6
  3844 ;;      Params:         0       0       0       0       0       0       0       0
  3845 ;;      Locals:         0       0       0       0       0       0       0       0
  3846 ;;      Temps:          0       0       0       0       0       0       0       0
  3847 ;;      Totals:         0       0       0       0       0       0       0       0
  3848 ;;Total ram usage:        0 bytes
  3849 ;; Hardware stack levels used: 1
  3850 ;; Hardware stack levels required when called: 7
  3851 ;; This function calls:
  3852 ;;		_ADC_Initialize
  3853 ;;		_CLOCK_Initialize
  3854 ;;		_INTERRUPT_Initialize
  3855 ;;		_PIN_MANAGER_Initialize
  3856 ;;		_TMR1_Initialize
  3857 ;; This function is called by:
  3858 ;;		_main
  3859 ;; This function uses a non-reentrant model
  3860 ;;
  3861                           
  3862     0461                     _SYSTEM_Initialize:	
  3863                           ;psect for function _SYSTEM_Initialize
  3864                           
  3865     0461                     l2029:	
  3866                           ;incstack = 0
  3867                           ; Regs used in _SYSTEM_Initialize: [wreg+status,2+status,0+pclath+cstack]
  3868                           
  3869                           
  3870                           ;mcc_generated_files/system/src/system.c: 41:     CLOCK_Initialize();
  3871     0461  3184  24AE  3184   	fcall	_CLOCK_Initialize
  3872     0464                     l2031:
  3873                           
  3874                           ;mcc_generated_files/system/src/system.c: 42:     PIN_MANAGER_Initialize();
  3875     0464  3183  233F  3184   	fcall	_PIN_MANAGER_Initialize
  3876     0467                     l2033:
  3877                           
  3878                           ;mcc_generated_files/system/src/system.c: 43:     ADC_Initialize();
  3879     0467  3184  2471  3184   	fcall	_ADC_Initialize
  3880                           
  3881                           ;mcc_generated_files/system/src/system.c: 44:     TMR1_Initialize();
  3882     046A  3184  2437  3184   	fcall	_TMR1_Initialize
  3883                           
  3884                           ;mcc_generated_files/system/src/system.c: 45:     INTERRUPT_Initialize();
  3885     046D  3184  2490  3184   	fcall	_INTERRUPT_Initialize
  3886     0470                     l145:
  3887     0470  0008               	return
  3888     0471                     __end_of_SYSTEM_Initialize:
  3889                           
  3890                           	psect	text15
  3891     0437                     __ptext15:	
  3892 ;; *************** function _TMR1_Initialize *****************
  3893 ;; Defined at:
  3894 ;;		line 53 in file "mcc_generated_files/timer/src/tmr1.c"
  3895 ;; Parameters:    Size  Location     Type
  3896 ;;		None
  3897 ;; Auto vars:     Size  Location     Type
  3898 ;;		None
  3899 ;; Return value:  Size  Location     Type
  3900 ;;                  1    wreg      void 
  3901 ;; Registers used:
  3902 ;;		wreg, status,2
  3903 ;; Tracked objects:
  3904 ;;		On entry : 0/0
  3905 ;;		On exit  : 0/0
  3906 ;;		Unchanged: 0/0
  3907 ;; Data sizes:     COMMON   BANK0   BANK1   BANK2   BANK3   BANK4   BANK5   BANK6
  3908 ;;      Params:         0       0       0       0       0       0       0       0
  3909 ;;      Locals:         0       0       0       0       0       0       0       0
  3910 ;;      Temps:          0       0       0       0       0       0       0       0
  3911 ;;      Totals:         0       0       0       0       0       0       0       0
  3912 ;;Total ram usage:        0 bytes
  3913 ;; Hardware stack levels used: 1
  3914 ;; Hardware stack levels required when called: 5
  3915 ;; This function calls:
  3916 ;;		Nothing
  3917 ;; This function is called by:
  3918 ;;		_SYSTEM_Initialize
  3919 ;; This function uses a non-reentrant model
  3920 ;;
  3921                           
  3922     0437                     _TMR1_Initialize:	
  3923                           ;psect for function _TMR1_Initialize
  3924                           
  3925     0437                     l1923:	
  3926                           ;incstack = 0
  3927                           ; Regs used in _TMR1_Initialize: [wreg+status,2]
  3928                           
  3929                           
  3930                           ;mcc_generated_files/timer/src/tmr1.c: 55:     T1CONbits.TMR1ON = 0U;
  3931     0437  0020               	movlb	0	; select bank0
  3932     0438  1018               	bcf	24,0	;volatile
  3933     0439                     l1925:
  3934                           
  3935                           ;mcc_generated_files/timer/src/tmr1.c: 57:     TMR1H = 0x0;
  3936     0439  0197               	clrf	23	;volatile
  3937                           
  3938                           ;mcc_generated_files/timer/src/tmr1.c: 58:     TMR1L = 0x0;
  3939     043A  0196               	clrf	22	;volatile
  3940     043B                     l1927:
  3941                           
  3942                           ;mcc_generated_files/timer/src/tmr1.c: 60:     timer1ReloadVal=((uint16_t)TMR1H << 8U) |
      +                           TMR1L;
  3943     043B  0817               	movf	23,w	;volatile
  3944     043C  00C8               	movwf	_timer1ReloadVal+1	;volatile
  3945     043D  0816               	movf	22,w	;volatile
  3946     043E  00C7               	movwf	_timer1ReloadVal	;volatile
  3947     043F                     l1929:
  3948                           
  3949                           ;mcc_generated_files/timer/src/tmr1.c: 62:     T1GCON = (0 << 0x0)
  3950     043F  0199               	clrf	25	;volatile
  3951                           
  3952                           ;mcc_generated_files/timer/src/tmr1.c: 68:     TMR1_OverflowCallback =TMR1_DefaultOverfl
      +                          owCallback;
  3953     0440  3000               	movlw	0
  3954     0441  00D7               	movwf	_TMR1_OverflowCallback
  3955     0442  3000               	movlw	0
  3956     0443  00D8               	movwf	_TMR1_OverflowCallback+1
  3957                           
  3958                           ;mcc_generated_files/timer/src/tmr1.c: 69:     TMR1_GateCallback = TMR1_DefaultGateCallb
      +                          ack;
  3959     0444  3000               	movlw	0
  3960     0445  00D5               	movwf	_TMR1_GateCallback
  3961     0446  3000               	movlw	0
  3962     0447  00D6               	movwf	_TMR1_GateCallback+1
  3963     0448                     l1931:
  3964                           
  3965                           ;mcc_generated_files/timer/src/tmr1.c: 72:  PIR1bits.TMR1IF = 0U;
  3966     0448  1011               	bcf	17,0	;volatile
  3967     0449                     l1933:
  3968                           
  3969                           ;mcc_generated_files/timer/src/tmr1.c: 73:  PIR1bits.TMR1GIF = 0U;
  3970     0449  1391               	bcf	17,7	;volatile
  3971     044A                     l1935:
  3972                           
  3973                           ;mcc_generated_files/timer/src/tmr1.c: 75:     T1CON = (1 << 0x0)
  3974     044A  3005               	movlw	5
  3975     044B  0098               	movwf	24	;volatile
  3976     044C                     l235:
  3977     044C  0008               	return
  3978     044D                     __end_of_TMR1_Initialize:
  3979                           
  3980                           	psect	text16
  3981     033F                     __ptext16:	
  3982 ;; *************** function _PIN_MANAGER_Initialize *****************
  3983 ;; Defined at:
  3984 ;;		line 39 in file "mcc_generated_files/system/src/pins.c"
  3985 ;; Parameters:    Size  Location     Type
  3986 ;;		None
  3987 ;; Auto vars:     Size  Location     Type
  3988 ;;		None
  3989 ;; Return value:  Size  Location     Type
  3990 ;;                  1    wreg      void 
  3991 ;; Registers used:
  3992 ;;		wreg, status,2, status,0, pclath, cstack
  3993 ;; Tracked objects:
  3994 ;;		On entry : 0/0
  3995 ;;		On exit  : 0/0
  3996 ;;		Unchanged: 0/0
  3997 ;; Data sizes:     COMMON   BANK0   BANK1   BANK2   BANK3   BANK4   BANK5   BANK6
  3998 ;;      Params:         0       0       0       0       0       0       0       0
  3999 ;;      Locals:         0       0       0       0       0       0       0       0
  4000 ;;      Temps:          0       0       0       0       0       0       0       0
  4001 ;;      Totals:         0       0       0       0       0       0       0       0
  4002 ;;Total ram usage:        0 bytes
  4003 ;; Hardware stack levels used: 1
  4004 ;; Hardware stack levels required when called: 6
  4005 ;; This function calls:
  4006 ;;		_DATA_IN_SetInterruptHandler
  4007 ;; This function is called by:
  4008 ;;		_SYSTEM_Initialize
  4009 ;; This function uses a non-reentrant model
  4010 ;;
  4011                           
  4012     033F                     _PIN_MANAGER_Initialize:	
  4013                           ;psect for function _PIN_MANAGER_Initialize
  4014                           
  4015     033F                     l1893:	
  4016                           ;incstack = 0
  4017                           ; Regs used in _PIN_MANAGER_Initialize: [wreg+status,2+status,0+pclath+cstack]
  4018                           
  4019                           
  4020                           ;mcc_generated_files/system/src/pins.c: 44:     LATA = 0x0;
  4021     033F  0022               	movlb	2	; select bank2
  4022     0340  018C               	clrf	12	;volatile
  4023                           
  4024                           ;mcc_generated_files/system/src/pins.c: 45:     LATB = 0x0;
  4025     0341  018D               	clrf	13	;volatile
  4026                           
  4027                           ;mcc_generated_files/system/src/pins.c: 46:     LATC = 0x0;
  4028     0342  018E               	clrf	14	;volatile
  4029     0343                     l1895:
  4030                           
  4031                           ;mcc_generated_files/system/src/pins.c: 47:     LATE = 0x8;
  4032     0343  3008               	movlw	8
  4033     0344  0090               	movwf	16	;volatile
  4034     0345                     l1897:
  4035                           
  4036                           ;mcc_generated_files/system/src/pins.c: 52:     TRISA = 0xF7;
  4037     0345  30F7               	movlw	247
  4038     0346  0021               	movlb	1	; select bank1
  4039     0347  008C               	movwf	12	;volatile
  4040     0348                     l1899:
  4041                           
  4042                           ;mcc_generated_files/system/src/pins.c: 53:     TRISB = 0x7F;
  4043     0348  307F               	movlw	127
  4044     0349  008D               	movwf	13	;volatile
  4045     034A                     l1901:
  4046                           
  4047                           ;mcc_generated_files/system/src/pins.c: 54:     TRISC = 0xF;
  4048     034A  300F               	movlw	15
  4049     034B  008E               	movwf	14	;volatile
  4050     034C                     l1903:
  4051                           
  4052                           ;mcc_generated_files/system/src/pins.c: 55:     TRISE = 0x8;
  4053     034C  3008               	movlw	8
  4054     034D  0090               	movwf	16	;volatile
  4055     034E                     l1905:
  4056                           
  4057                           ;mcc_generated_files/system/src/pins.c: 60:     ANSELA = 0x31;
  4058     034E  3031               	movlw	49
  4059     034F  0023               	movlb	3	; select bank3
  4060     0350  008C               	movwf	12	;volatile
  4061     0351                     l1907:
  4062                           
  4063                           ;mcc_generated_files/system/src/pins.c: 61:     ANSELB = 0x16;
  4064     0351  3016               	movlw	22
  4065     0352  008D               	movwf	13	;volatile
  4066     0353                     l1909:
  4067                           
  4068                           ;mcc_generated_files/system/src/pins.c: 66:     WPUB = 0x16;
  4069     0353  3016               	movlw	22
  4070     0354  0024               	movlb	4	; select bank4
  4071     0355  008D               	movwf	13	;volatile
  4072     0356                     l1911:
  4073                           
  4074                           ;mcc_generated_files/system/src/pins.c: 67:     WPUE = 0x8;
  4075     0356  3008               	movlw	8
  4076     0357  0090               	movwf	16	;volatile
  4077     0358                     l1913:
  4078                           
  4079                           ;mcc_generated_files/system/src/pins.c: 68:     OPTION_REGbits.nWPUEN = 0x0;
  4080     0358  0021               	movlb	1	; select bank1
  4081     0359  1395               	bcf	21,7	;volatile
  4082     035A                     l1915:
  4083                           
  4084                           ;mcc_generated_files/system/src/pins.c: 92:     IOCBP = 0x1;
  4085     035A  3001               	movlw	1
  4086     035B  0027               	movlb	7	; select bank7
  4087     035C  0094               	movwf	20	;volatile
  4088     035D                     l1917:
  4089                           
  4090                           ;mcc_generated_files/system/src/pins.c: 93:     IOCBN = 0x1;
  4091     035D  3001               	movlw	1
  4092     035E  0095               	movwf	21	;volatile
  4093                           
  4094                           ;mcc_generated_files/system/src/pins.c: 94:     IOCBF = 0x0;
  4095     035F  0196               	clrf	22	;volatile
  4096     0360                     l1919:
  4097                           
  4098                           ;mcc_generated_files/system/src/pins.c: 96:     DATA_IN_SetInterruptHandler(DATA_IN_Defa
      +                          ultInterruptHandler);
  4099     0360  30D4               	movlw	low _DATA_IN_DefaultInterruptHandler
  4100     0361  0020               	movlb	0	; select bank0
  4101     0362  00A5               	movwf	DATA_IN_SetInterruptHandler@InterruptHandler
  4102     0363  3004               	movlw	high _DATA_IN_DefaultInterruptHandler
  4103     0364  00A6               	movwf	DATA_IN_SetInterruptHandler@InterruptHandler+1
  4104     0365  3184  24BC  3183   	fcall	_DATA_IN_SetInterruptHandler
  4105     0368                     l1921:
  4106                           
  4107                           ;mcc_generated_files/system/src/pins.c: 99:     INTCONbits.IOCIE = 1;
  4108     0368  158B               	bsf	11,3	;volatile
  4109     0369                     l192:
  4110     0369  0008               	return
  4111     036A                     __end_of_PIN_MANAGER_Initialize:
  4112                           
  4113                           	psect	text17
  4114     04BC                     __ptext17:	
  4115 ;; *************** function _DATA_IN_SetInterruptHandler *****************
  4116 ;; Defined at:
  4117 ;;		line 129 in file "mcc_generated_files/system/src/pins.c"
  4118 ;; Parameters:    Size  Location     Type
  4119 ;;  InterruptHan    2    5[BANK0 ] PTR FTN()void 
  4120 ;;		 -> protocol_on_bus_change(1), DATA_IN_DefaultInterruptHandler(1), 
  4121 ;; Auto vars:     Size  Location     Type
  4122 ;;		None
  4123 ;; Return value:  Size  Location     Type
  4124 ;;                  1    wreg      void 
  4125 ;; Registers used:
  4126 ;;		wreg
  4127 ;; Tracked objects:
  4128 ;;		On entry : 0/0
  4129 ;;		On exit  : 0/0
  4130 ;;		Unchanged: 0/0
  4131 ;; Data sizes:     COMMON   BANK0   BANK1   BANK2   BANK3   BANK4   BANK5   BANK6
  4132 ;;      Params:         0       2       0       0       0       0       0       0
  4133 ;;      Locals:         0       0       0       0       0       0       0       0
  4134 ;;      Temps:          0       0       0       0       0       0       0       0
  4135 ;;      Totals:         0       2       0       0       0       0       0       0
  4136 ;;Total ram usage:        2 bytes
  4137 ;; Hardware stack levels used: 1
  4138 ;; Hardware stack levels required when called: 5
  4139 ;; This function calls:
  4140 ;;		Nothing
  4141 ;; This function is called by:
  4142 ;;		_PIN_MANAGER_Initialize
  4143 ;;		_main
  4144 ;; This function uses a non-reentrant model
  4145 ;;
  4146                           
  4147     04BC                     _DATA_IN_SetInterruptHandler:	
  4148                           ;psect for function _DATA_IN_SetInterruptHandler
  4149                           
  4150     04BC                     l1789:	
  4151                           ;incstack = 0
  4152                           ; Regs used in _DATA_IN_SetInterruptHandler: [wreg]
  4153                           
  4154                           
  4155                           ;mcc_generated_files/system/src/pins.c: 130:     DATA_IN_InterruptHandler = InterruptHan
      +                          dler;
  4156     04BC  0020               	movlb	0	; select bank0
  4157     04BD  0826               	movf	DATA_IN_SetInterruptHandler@InterruptHandler+1,w
  4158     04BE  00DA               	movwf	_DATA_IN_InterruptHandler+1
  4159     04BF  0825               	movf	DATA_IN_SetInterruptHandler@InterruptHandler,w
  4160     04C0  00D9               	movwf	_DATA_IN_InterruptHandler
  4161     04C1                     l203:
  4162     04C1  0008               	return
  4163     04C2                     __end_of_DATA_IN_SetInterruptHandler:
  4164                           
  4165                           	psect	text18
  4166     0490                     __ptext18:	
  4167 ;; *************** function _INTERRUPT_Initialize *****************
  4168 ;; Defined at:
  4169 ;;		line 40 in file "mcc_generated_files/system/src/interrupt.c"
  4170 ;; Parameters:    Size  Location     Type
  4171 ;;		None
  4172 ;; Auto vars:     Size  Location     Type
  4173 ;;		None
  4174 ;; Return value:  Size  Location     Type
  4175 ;;                  1    wreg      void 
  4176 ;; Registers used:
  4177 ;;		wreg, status,2, status,0, pclath, cstack
  4178 ;; Tracked objects:
  4179 ;;		On entry : 0/0
  4180 ;;		On exit  : 0/0
  4181 ;;		Unchanged: 0/0
  4182 ;; Data sizes:     COMMON   BANK0   BANK1   BANK2   BANK3   BANK4   BANK5   BANK6
  4183 ;;      Params:         0       0       0       0       0       0       0       0
  4184 ;;      Locals:         0       0       0       0       0       0       0       0
  4185 ;;      Temps:          0       0       0       0       0       0       0       0
  4186 ;;      Totals:         0       0       0       0       0       0       0       0
  4187 ;;Total ram usage:        0 bytes
  4188 ;; Hardware stack levels used: 1
  4189 ;; Hardware stack levels required when called: 6
  4190 ;; This function calls:
  4191 ;;		_INT_SetInterruptHandler
  4192 ;; This function is called by:
  4193 ;;		_SYSTEM_Initialize
  4194 ;; This function uses a non-reentrant model
  4195 ;;
  4196                           
  4197     0490                     _INTERRUPT_Initialize:	
  4198                           ;psect for function _INTERRUPT_Initialize
  4199                           
  4200     0490                     l1885:	
  4201                           ;incstack = 0
  4202                           ; Regs used in _INTERRUPT_Initialize: [wreg+status,2+status,0+pclath+cstack]
  4203                           
  4204                           
  4205                           ;mcc_generated_files/system/src/interrupt.c: 44:     (INTCONbits.INTF = 0);
  4206     0490  108B               	bcf	11,1	;volatile
  4207                           
  4208                           ;mcc_generated_files/system/src/interrupt.c: 45:     (OPTION_REGbits.INTEDG = 1);
  4209     0491  0021               	movlb	1	; select bank1
  4210     0492  1715               	bsf	21,6	;volatile
  4211     0493                     l1887:
  4212                           
  4213                           ;mcc_generated_files/system/src/interrupt.c: 47:     INT_SetInterruptHandler(INT_Default
      +                          InterruptHandler);
  4214     0493  3000               	movlw	0
  4215     0494  0020               	movlb	0	; select bank0
  4216     0495  00A5               	movwf	INT_SetInterruptHandler@InterruptHandler
  4217     0496  3000               	movlw	0
  4218     0497  00A6               	movwf	INT_SetInterruptHandler@InterruptHandler+1
  4219     0498  3184  24C2  3184   	fcall	_INT_SetInterruptHandler
  4220     049B                     l100:
  4221     049B  0008               	return
  4222     049C                     __end_of_INTERRUPT_Initialize:
  4223                           
  4224                           	psect	text19
  4225     04C2                     __ptext19:	
  4226 ;; *************** function _INT_SetInterruptHandler *****************
  4227 ;; Defined at:
  4228 ;;		line 104 in file "mcc_generated_files/system/src/interrupt.c"
  4229 ;; Parameters:    Size  Location     Type
  4230 ;;  InterruptHan    2    5[BANK0 ] PTR FTN()void 
  4231 ;;		 -> INT_DefaultInterruptHandler(1), 
  4232 ;; Auto vars:     Size  Location     Type
  4233 ;;		None
  4234 ;; Return value:  Size  Location     Type
  4235 ;;                  1    wreg      void 
  4236 ;; Registers used:
  4237 ;;		wreg
  4238 ;; Tracked objects:
  4239 ;;		On entry : 0/0
  4240 ;;		On exit  : 0/0
  4241 ;;		Unchanged: 0/0
  4242 ;; Data sizes:     COMMON   BANK0   BANK1   BANK2   BANK3   BANK4   BANK5   BANK6
  4243 ;;      Params:         0       2       0       0       0       0       0       0
  4244 ;;      Locals:         0       0       0       0       0       0       0       0
  4245 ;;      Temps:          0       0       0       0       0       0       0       0
  4246 ;;      Totals:         0       2       0       0       0       0       0       0
  4247 ;;Total ram usage:        2 bytes
  4248 ;; Hardware stack levels used: 1
  4249 ;; Hardware stack levels required when called: 5
  4250 ;; This function calls:
  4251 ;;		Nothing
  4252 ;; This function is called by:
  4253 ;;		_INTERRUPT_Initialize
  4254 ;; This function uses a non-reentrant model
  4255 ;;
  4256                           
  4257     04C2                     _INT_SetInterruptHandler:	
  4258                           ;psect for function _INT_SetInterruptHandler
  4259                           
  4260     04C2                     l1787:	
  4261                           ;incstack = 0
  4262                           ; Regs used in _INT_SetInterruptHandler: [wreg]
  4263                           
  4264                           
  4265                           ;mcc_generated_files/system/src/interrupt.c: 105:     INT_InterruptHandler = InterruptHa
      +                          ndler;
  4266     04C2  0020               	movlb	0	; select bank0
  4267     04C3  0826               	movf	INT_SetInterruptHandler@InterruptHandler+1,w
  4268     04C4  00DC               	movwf	_INT_InterruptHandler+1
  4269     04C5  0825               	movf	INT_SetInterruptHandler@InterruptHandler,w
  4270     04C6  00DB               	movwf	_INT_InterruptHandler
  4271     04C7                     l120:
  4272     04C7  0008               	return
  4273     04C8                     __end_of_INT_SetInterruptHandler:
  4274                           
  4275                           	psect	text20
  4276     04AE                     __ptext20:	
  4277 ;; *************** function _CLOCK_Initialize *****************
  4278 ;; Defined at:
  4279 ;;		line 39 in file "mcc_generated_files/system/src/clock.c"
  4280 ;; Parameters:    Size  Location     Type
  4281 ;;		None
  4282 ;; Auto vars:     Size  Location     Type
  4283 ;;		None
  4284 ;; Return value:  Size  Location     Type
  4285 ;;                  1    wreg      void 
  4286 ;; Registers used:
  4287 ;;		status,2
  4288 ;; Tracked objects:
  4289 ;;		On entry : 0/0
  4290 ;;		On exit  : 0/0
  4291 ;;		Unchanged: 0/0
  4292 ;; Data sizes:     COMMON   BANK0   BANK1   BANK2   BANK3   BANK4   BANK5   BANK6
  4293 ;;      Params:         0       0       0       0       0       0       0       0
  4294 ;;      Locals:         0       0       0       0       0       0       0       0
  4295 ;;      Temps:          0       0       0       0       0       0       0       0
  4296 ;;      Totals:         0       0       0       0       0       0       0       0
  4297 ;;Total ram usage:        0 bytes
  4298 ;; Hardware stack levels used: 1
  4299 ;; Hardware stack levels required when called: 5
  4300 ;; This function calls:
  4301 ;;		Nothing
  4302 ;; This function is called by:
  4303 ;;		_SYSTEM_Initialize
  4304 ;; This function uses a non-reentrant model
  4305 ;;
  4306                           
  4307     04AE                     _CLOCK_Initialize:	
  4308                           ;psect for function _CLOCK_Initialize
  4309                           
  4310     04AE                     l1889:	
  4311                           ;incstack = 0
  4312                           ; Regs used in _CLOCK_Initialize: [status,2]
  4313                           
  4314                           
  4315                           ;mcc_generated_files/system/src/clock.c: 41:     OSCCON = (15 << 0x3)
  4316     04AE  3078               	movlw	120
  4317     04AF  0021               	movlb	1	; select bank1
  4318     04B0  0099               	movwf	25	;volatile
  4319     04B1                     l1891:
  4320                           
  4321                           ;mcc_generated_files/system/src/clock.c: 44:     BORCON = (0 << 0x7);
  4322     04B1  0022               	movlb	2	; select bank2
  4323     04B2  0196               	clrf	22	;volatile
  4324                           
  4325                           ;mcc_generated_files/system/src/clock.c: 45:     OSCTUNE = (0 << 0x0);
  4326     04B3  0021               	movlb	1	; select bank1
  4327     04B4  0198               	clrf	24	;volatile
  4328     04B5                     l132:
  4329     04B5  0008               	return
  4330     04B6                     __end_of_CLOCK_Initialize:
  4331                           
  4332                           	psect	text21
  4333     0471                     __ptext21:	
  4334 ;; *************** function _ADC_Initialize *****************
  4335 ;; Defined at:
  4336 ;;		line 47 in file "mcc_generated_files/adc/src/adc.c"
  4337 ;; Parameters:    Size  Location     Type
  4338 ;;		None
  4339 ;; Auto vars:     Size  Location     Type
  4340 ;;		None
  4341 ;; Return value:  Size  Location     Type
  4342 ;;                  1    wreg      void 
  4343 ;; Registers used:
  4344 ;;		status,2
  4345 ;; Tracked objects:
  4346 ;;		On entry : 0/0
  4347 ;;		On exit  : 0/0
  4348 ;;		Unchanged: 0/0
  4349 ;; Data sizes:     COMMON   BANK0   BANK1   BANK2   BANK3   BANK4   BANK5   BANK6
  4350 ;;      Params:         0       0       0       0       0       0       0       0
  4351 ;;      Locals:         0       0       0       0       0       0       0       0
  4352 ;;      Temps:          0       0       0       0       0       0       0       0
  4353 ;;      Totals:         0       0       0       0       0       0       0       0
  4354 ;;Total ram usage:        0 bytes
  4355 ;; Hardware stack levels used: 1
  4356 ;; Hardware stack levels required when called: 5
  4357 ;; This function calls:
  4358 ;;		Nothing
  4359 ;; This function is called by:
  4360 ;;		_SYSTEM_Initialize
  4361 ;; This function uses a non-reentrant model
  4362 ;;
  4363                           
  4364     0471                     _ADC_Initialize:	
  4365                           ;psect for function _ADC_Initialize
  4366                           
  4367     0471                     l1875:	
  4368                           ;incstack = 0
  4369                           ; Regs used in _ADC_Initialize: [status,2]
  4370                           
  4371                           
  4372                           ;mcc_generated_files/adc/src/adc.c: 49:     ADCON0bits.ADON = 0U;
  4373     0471  0021               	movlb	1	; select bank1
  4374     0472  101D               	bcf	29,0	;volatile
  4375                           
  4376                           ;mcc_generated_files/adc/src/adc.c: 50:     ADCON0 = (1 << 0x0)
  4377     0473  3001               	movlw	1
  4378     0474  009D               	movwf	29	;volatile
  4379     0475                     l1877:
  4380                           
  4381                           ;mcc_generated_files/adc/src/adc.c: 53:     ADCON1 = (0 << 0x0)
  4382     0475  019E               	clrf	30	;volatile
  4383                           
  4384                           ;mcc_generated_files/adc/src/adc.c: 57:     ADRESH = (0 << 0x0);
  4385     0476  019C               	clrf	28	;volatile
  4386                           
  4387                           ;mcc_generated_files/adc/src/adc.c: 58:     ADRESL = (0 << 0x0);
  4388     0477  019B               	clrf	27	;volatile
  4389                           
  4390                           ;mcc_generated_files/adc/src/adc.c: 59:     ADC_ConversionDoneCallback = ((void*)0);
  4391     0478  0020               	movlb	0	; select bank0
  4392     0479  01C9               	clrf	_ADC_ConversionDoneCallback
  4393     047A  01CA               	clrf	_ADC_ConversionDoneCallback+1
  4394     047B                     l1879:
  4395                           
  4396                           ;mcc_generated_files/adc/src/adc.c: 60:     PIR1bits.ADIF = 0U;
  4397     047B  1311               	bcf	17,6	;volatile
  4398     047C                     l1881:
  4399                           
  4400                           ;mcc_generated_files/adc/src/adc.c: 61:     PIE1bits.ADIE = 0U;
  4401     047C  0021               	movlb	1	; select bank1
  4402     047D  1311               	bcf	17,6	;volatile
  4403     047E                     l1883:
  4404                           
  4405                           ;mcc_generated_files/adc/src/adc.c: 62:     ADCON0 = (1 << 0x0)
  4406     047E  3001               	movlw	1
  4407     047F  009D               	movwf	29	;volatile
  4408     0480                     l21:
  4409     0480  0008               	return
  4410     0481                     __end_of_ADC_Initialize:
  4411                           
  4412                           	psect	intentry
  4413     0004                     __pintentry:	
  4414 ;; *************** function _INTERRUPT_InterruptManager *****************
  4415 ;; Defined at:
  4416 ;;		line 59 in file "mcc_generated_files/system/src/interrupt.c"
  4417 ;; Parameters:    Size  Location     Type
  4418 ;;		None
  4419 ;; Auto vars:     Size  Location     Type
  4420 ;;		None
  4421 ;; Return value:  Size  Location     Type
  4422 ;;                  1    wreg      void 
  4423 ;; Registers used:
  4424 ;;		wreg, status,2, status,0, pclath, cstack
  4425 ;; Tracked objects:
  4426 ;;		On entry : 0/0
  4427 ;;		On exit  : 0/0
  4428 ;;		Unchanged: 0/0
  4429 ;; Data sizes:     COMMON   BANK0   BANK1   BANK2   BANK3   BANK4   BANK5   BANK6
  4430 ;;      Params:         0       0       0       0       0       0       0       0
  4431 ;;      Locals:         0       0       0       0       0       0       0       0
  4432 ;;      Temps:          0       0       0       0       0       0       0       0
  4433 ;;      Totals:         0       0       0       0       0       0       0       0
  4434 ;;Total ram usage:        0 bytes
  4435 ;; Hardware stack levels used: 1
  4436 ;; Hardware stack levels required when called: 4
  4437 ;; This function calls:
  4438 ;;		_ADC_ISR
  4439 ;;		_PIN_MANAGER_IOC
  4440 ;; This function is called by:
  4441 ;;		Interrupt level 1
  4442 ;; This function uses a non-reentrant model
  4443 ;;
  4444                           
  4445     0004                     _INTERRUPT_InterruptManager:
  4446                           
  4447                           ;incstack = 0
  4448     0004  147E               	bsf	int$flags,0	;set compiler interrupt flag (level 1)
  4449                           
  4450                           ; Regs used in _INTERRUPT_InterruptManager: [wreg+status,2+status,0+pclath+cstack]
  4451     0005  3180               	pagesel	$
  4452     0006  3000               	movlw	low ___int_sp
  4453     0007  0086               	movwf	6
  4454     0008  3000               	movlw	high ___int_sp
  4455     0009  0087               	movwf	7
  4456     000A                     i1l2143:
  4457                           
  4458                           ;mcc_generated_files/system/src/interrupt.c: 62:     if(INTCONbits.IOCIF == 1)
  4459     000A  1C0B               	btfss	11,0	;volatile
  4460     000B  280D               	goto	u103_21
  4461     000C  280E               	goto	u103_20
  4462     000D                     u103_21:
  4463     000D  2812               	goto	i1l2149
  4464     000E                     u103_20:
  4465     000E                     i1l2145:
  4466                           
  4467                           ;mcc_generated_files/system/src/interrupt.c: 63:     {;mcc_generated_files/system/src/in
      +                          terrupt.c: 64:         PIN_MANAGER_IOC();
  4468     000E  3184  24A5  3180   	fcall	_PIN_MANAGER_IOC
  4469     0011                     i1l2147:
  4470                           
  4471                           ;mcc_generated_files/system/src/interrupt.c: 65:         INTCONbits.IOCIF = 0;
  4472     0011  100B               	bcf	11,0	;volatile
  4473     0012                     i1l2149:
  4474                           
  4475                           ;mcc_generated_files/system/src/interrupt.c: 69:     if(INTCONbits.PEIE == 1)
  4476     0012  1F0B               	btfss	11,6	;volatile
  4477     0013  2815               	goto	u104_21
  4478     0014  2816               	goto	u104_20
  4479     0015                     u104_21:
  4480     0015  2823               	goto	i1l110
  4481     0016                     u104_20:
  4482     0016                     i1l2151:
  4483                           
  4484                           ;mcc_generated_files/system/src/interrupt.c: 70:     {;mcc_generated_files/system/src/in
      +                          terrupt.c: 71:         if(PIE1bits.ADIE == 1 && PIR1bits.ADIF == 1)
  4485     0016  0021               	movlb	1	; select bank1
  4486     0017  1F11               	btfss	17,6	;volatile
  4487     0018  281A               	goto	u105_21
  4488     0019  281B               	goto	u105_20
  4489     001A                     u105_21:
  4490     001A  2823               	goto	i1l110
  4491     001B                     u105_20:
  4492     001B                     i1l2153:
  4493     001B  0020               	movlb	0	; select bank0
  4494     001C  1F11               	btfss	17,6	;volatile
  4495     001D  281F               	goto	u106_21
  4496     001E  2820               	goto	u106_20
  4497     001F                     u106_21:
  4498     001F  2823               	goto	i1l110
  4499     0020                     u106_20:
  4500     0020                     i1l2155:
  4501                           
  4502                           ;mcc_generated_files/system/src/interrupt.c: 72:         {;mcc_generated_files/system/sr
      +                          c/interrupt.c: 73:             ADC_ISR();
  4503     0020  3184  24D1  3180   	fcall	_ADC_ISR
  4504     0023                     i1l110:	
  4505                           ;mcc_generated_files/system/src/interrupt.c: 74:         }
  4506                           
  4507     0023  107E               	bcf	int$flags,0	;clear compiler interrupt flag (level 1)
  4508     0024  0009               	retfie
  4509     0025                     __end_of_INTERRUPT_InterruptManager:
  4510                           
  4511                           	psect	text23
  4512     04A5                     __ptext23:	
  4513 ;; *************** function _PIN_MANAGER_IOC *****************
  4514 ;; Defined at:
  4515 ;;		line 102 in file "mcc_generated_files/system/src/pins.c"
  4516 ;; Parameters:    Size  Location     Type
  4517 ;;		None
  4518 ;; Auto vars:     Size  Location     Type
  4519 ;;		None
  4520 ;; Return value:  Size  Location     Type
  4521 ;;                  1    wreg      void 
  4522 ;; Registers used:
  4523 ;;		wreg, status,2, status,0, pclath, cstack
  4524 ;; Tracked objects:
  4525 ;;		On entry : 0/0
  4526 ;;		On exit  : 0/0
  4527 ;;		Unchanged: 0/0
  4528 ;; Data sizes:     COMMON   BANK0   BANK1   BANK2   BANK3   BANK4   BANK5   BANK6
  4529 ;;      Params:         0       0       0       0       0       0       0       0
  4530 ;;      Locals:         0       0       0       0       0       0       0       0
  4531 ;;      Temps:          0       0       0       0       0       0       0       0
  4532 ;;      Totals:         0       0       0       0       0       0       0       0
  4533 ;;Total ram usage:        0 bytes
  4534 ;; Hardware stack levels used: 1
  4535 ;; Hardware stack levels required when called: 3
  4536 ;; This function calls:
  4537 ;;		_DATA_IN_ISR
  4538 ;; This function is called by:
  4539 ;;		_INTERRUPT_InterruptManager
  4540 ;; This function uses a non-reentrant model
  4541 ;;
  4542                           
  4543     04A5                     _PIN_MANAGER_IOC:	
  4544                           ;psect for function _PIN_MANAGER_IOC
  4545                           
  4546     04A5                     i1l2025:	
  4547                           ;incstack = 0
  4548                           ; Regs used in _PIN_MANAGER_IOC: [wreg+status,2+status,0+pclath+cstack]
  4549                           
  4550                           
  4551                           ;mcc_generated_files/system/src/pins.c: 105:     if(IOCBFbits.IOCBF0 == 1)
  4552     04A5  0027               	movlb	7	; select bank7
  4553     04A6  1C16               	btfss	22,0	;volatile
  4554     04A7  2CA9               	goto	u92_21
  4555     04A8  2CAA               	goto	u92_20
  4556     04A9                     u92_21:
  4557     04A9  2CAD               	goto	i1l196
  4558     04AA                     u92_20:
  4559     04AA                     i1l2027:
  4560                           
  4561                           ;mcc_generated_files/system/src/pins.c: 106:     {;mcc_generated_files/system/src/pins.c
      +                          : 107:         DATA_IN_ISR();
  4562     04AA  3184  2481  3184   	fcall	_DATA_IN_ISR
  4563     04AD                     i1l196:
  4564     04AD  0008               	return
  4565     04AE                     __end_of_PIN_MANAGER_IOC:
  4566                           
  4567                           	psect	text24
  4568     0481                     __ptext24:	
  4569 ;; *************** function _DATA_IN_ISR *****************
  4570 ;; Defined at:
  4571 ;;		line 114 in file "mcc_generated_files/system/src/pins.c"
  4572 ;; Parameters:    Size  Location     Type
  4573 ;;		None
  4574 ;; Auto vars:     Size  Location     Type
  4575 ;;		None
  4576 ;; Return value:  Size  Location     Type
  4577 ;;                  1    wreg      void 
  4578 ;; Registers used:
  4579 ;;		wreg, status,2, status,0, pclath, cstack
  4580 ;; Tracked objects:
  4581 ;;		On entry : 0/0
  4582 ;;		On exit  : 0/0
  4583 ;;		Unchanged: 0/0
  4584 ;; Data sizes:     COMMON   BANK0   BANK1   BANK2   BANK3   BANK4   BANK5   BANK6
  4585 ;;      Params:         0       0       0       0       0       0       0       0
  4586 ;;      Locals:         0       0       0       0       0       0       0       0
  4587 ;;      Temps:          0       0       0       0       0       0       0       0
  4588 ;;      Totals:         0       0       0       0       0       0       0       0
  4589 ;;Total ram usage:        0 bytes
  4590 ;; Hardware stack levels used: 1
  4591 ;; Hardware stack levels required when called: 2
  4592 ;; This function calls:
  4593 ;;		NULL
  4594 ;;		_DATA_IN_DefaultInterruptHandler
  4595 ;;		_protocol_on_bus_change
  4596 ;; This function is called by:
  4597 ;;		_PIN_MANAGER_IOC
  4598 ;; This function uses a non-reentrant model
  4599 ;;
  4600                           
  4601     0481                     _DATA_IN_ISR:	
  4602                           ;psect for function _DATA_IN_ISR
  4603                           
  4604     0481                     i1l1937:	
  4605                           ;incstack = 0
  4606                           ; Regs used in _DATA_IN_ISR: [wreg+status,2+status,0+pclath+cstack]
  4607                           
  4608                           
  4609                           ;mcc_generated_files/system/src/pins.c: 119:     if(DATA_IN_InterruptHandler)
  4610     0481  0020               	movlb	0	; select bank0
  4611     0482  0859               	movf	_DATA_IN_InterruptHandler,w
  4612     0483  045A               	iorwf	_DATA_IN_InterruptHandler+1,w
  4613     0484  1903               	btfsc	3,2
  4614     0485  2C87               	goto	u81_21
  4615     0486  2C88               	goto	u81_20
  4616     0487                     u81_21:
  4617     0487  2C8D               	goto	i1l1941
  4618     0488                     u81_20:
  4619     0488                     i1l1939:
  4620                           
  4621                           ;mcc_generated_files/system/src/pins.c: 120:     {;mcc_generated_files/system/src/pins.c
      +                          : 121:         DATA_IN_InterruptHandler();
  4622     0488  085A               	movf	_DATA_IN_InterruptHandler+1,w
  4623     0489  008A               	movwf	10
  4624     048A  0859               	movf	_DATA_IN_InterruptHandler,w
  4625     048B  000A               	callw
  4626     048C  3184               	pagesel	$
  4627     048D                     i1l1941:
  4628                           
  4629                           ;mcc_generated_files/system/src/pins.c: 123:     IOCBFbits.IOCBF0 = 0;
  4630     048D  0027               	movlb	7	; select bank7
  4631     048E  1016               	bcf	22,0	;volatile
  4632     048F                     i1l200:
  4633     048F  0008               	return
  4634     0490                     __end_of_DATA_IN_ISR:
  4635                           
  4636                           	psect	text25
  4637     04D4                     __ptext25:	
  4638 ;; *************** function _DATA_IN_DefaultInterruptHandler *****************
  4639 ;; Defined at:
  4640 ;;		line 136 in file "mcc_generated_files/system/src/pins.c"
  4641 ;; Parameters:    Size  Location     Type
  4642 ;;		None
  4643 ;; Auto vars:     Size  Location     Type
  4644 ;;		None
  4645 ;; Return value:  Size  Location     Type
  4646 ;;                  1    wreg      void 
  4647 ;; Registers used:
  4648 ;;		None
  4649 ;; Tracked objects:
  4650 ;;		On entry : 0/0
  4651 ;;		On exit  : 0/0
  4652 ;;		Unchanged: 0/0
  4653 ;; Data sizes:     COMMON   BANK0   BANK1   BANK2   BANK3   BANK4   BANK5   BANK6
  4654 ;;      Params:         0       0       0       0       0       0       0       0
  4655 ;;      Locals:         0       0       0       0       0       0       0       0
  4656 ;;      Temps:          0       0       0       0       0       0       0       0
  4657 ;;      Totals:         0       0       0       0       0       0       0       0
  4658 ;;Total ram usage:        0 bytes
  4659 ;; Hardware stack levels used: 1
  4660 ;; This function calls:
  4661 ;;		Nothing
  4662 ;; This function is called by:
  4663 ;;		_PIN_MANAGER_Initialize
  4664 ;;		_DATA_IN_ISR
  4665 ;; This function uses a non-reentrant model
  4666 ;;
  4667                           
  4668     04D4                     _DATA_IN_DefaultInterruptHandler:	
  4669                           ;psect for function _DATA_IN_DefaultInterruptHandler
  4670                           
  4671     04D4                     i1l206:	
  4672                           ;incstack = 0
  4673                           ; Regs used in _DATA_IN_DefaultInterruptHandler: []
  4674                           
  4675     04D4  0008               	return
  4676     04D5                     __end_of_DATA_IN_DefaultInterruptHandler:
  4677                           
  4678                           	psect	text26
  4679     01B6                     __ptext26:	
  4680 ;; *************** function _protocol_on_bus_change *****************
  4681 ;; Defined at:
  4682 ;;		line 158 in file "main.c"
  4683 ;; Parameters:    Size  Location     Type
  4684 ;;		None
  4685 ;; Auto vars:     Size  Location     Type
  4686 ;;  bit             1    0[BANK0 ] unsigned char 
  4687 ;;  delta           2    3[BANK0 ] unsigned short 
  4688 ;;  cur             2    1[BANK0 ] unsigned short 
  4689 ;; Return value:  Size  Location     Type
  4690 ;;                  1    wreg      void 
  4691 ;; Registers used:
  4692 ;;		wreg, status,2, status,0, pclath, cstack
  4693 ;; Tracked objects:
  4694 ;;		On entry : 0/0
  4695 ;;		On exit  : 0/0
  4696 ;;		Unchanged: 0/0
  4697 ;; Data sizes:     COMMON   BANK0   BANK1   BANK2   BANK3   BANK4   BANK5   BANK6
  4698 ;;      Params:         0       0       0       0       0       0       0       0
  4699 ;;      Locals:         0       5       0       0       0       0       0       0
  4700 ;;      Temps:          4       0       0       0       0       0       0       0
  4701 ;;      Totals:         4       5       0       0       0       0       0       0
  4702 ;;Total ram usage:        9 bytes
  4703 ;; Hardware stack levels used: 1
  4704 ;; Hardware stack levels required when called: 1
  4705 ;; This function calls:
  4706 ;;		i1_tmr1_ticks
  4707 ;; This function is called by:
  4708 ;;		_main
  4709 ;;		_DATA_IN_ISR
  4710 ;; This function uses a non-reentrant model
  4711 ;;
  4712                           
  4713     01B6                     _protocol_on_bus_change:	
  4714                           ;psect for function _protocol_on_bus_change
  4715                           
  4716     01B6                     i1l1797:	
  4717                           ;incstack = 0
  4718                           ; Regs used in _protocol_on_bus_change: [wreg+status,2+status,0+pclath+cstack]
  4719                           
  4720                           
  4721                           ;main.c: 159:     uint16_t cur = tmr1_ticks();
  4722     01B6  3183  23FC  3181   	fcall	i1_tmr1_ticks
  4723     01B9  0871               	movf	?i1_tmr1_ticks+1,w
  4724     01BA  0020               	movlb	0	; select bank0
  4725     01BB  00A2               	movwf	protocol_on_bus_change@cur+1
  4726     01BC  0870               	movf	?i1_tmr1_ticks,w
  4727     01BD  00A1               	movwf	protocol_on_bus_change@cur
  4728     01BE                     i1l1799:
  4729                           
  4730                           ;main.c: 161:     PIR1bits.TMR1IF = 0;
  4731     01BE  1011               	bcf	17,0	;volatile
  4732     01BF                     i1l1801:
  4733                           
  4734                           ;main.c: 163:     uint16_t delta = (uint16_t)(cur - prev_ticks);
  4735     01BF  0845               	movf	_prev_ticks,w	;volatile
  4736     01C0  0221               	subwf	protocol_on_bus_change@cur,w
  4737     01C1  00A3               	movwf	protocol_on_bus_change@delta
  4738     01C2  0846               	movf	_prev_ticks+1,w	;volatile
  4739     01C3  3B22               	subwfb	protocol_on_bus_change@cur+1,w
  4740     01C4  00A4               	movwf	protocol_on_bus_change@delta+1
  4741     01C5                     i1l1803:
  4742                           
  4743                           ;main.c: 164:     prev_ticks = cur;
  4744     01C5  0822               	movf	protocol_on_bus_change@cur+1,w
  4745     01C6  00C6               	movwf	_prev_ticks+1	;volatile
  4746     01C7  0821               	movf	protocol_on_bus_change@cur,w
  4747     01C8  00C5               	movwf	_prev_ticks	;volatile
  4748     01C9                     i1l1805:
  4749                           
  4750                           ;main.c: 172:     if (delta >= ((uint16_t)((uint32_t)(4000) / 2u))) {
  4751     01C9  3007               	movlw	7
  4752     01CA  0224               	subwf	protocol_on_bus_change@delta+1,w
  4753     01CB  30D0               	movlw	208
  4754     01CC  1903               	skipnz
  4755     01CD  0223               	subwf	protocol_on_bus_change@delta,w
  4756     01CE  1C03               	skipc
  4757     01CF  29D1               	goto	u64_21
  4758     01D0  29D2               	goto	u64_20
  4759     01D1                     u64_21:
  4760     01D1  29DF               	goto	i1l1819
  4761     01D2                     u64_20:
  4762     01D2                     i1l1807:
  4763                           
  4764                           ;main.c: 173:         bit_count = 0;
  4765     01D2  01E0               	clrf	_bit_count	;volatile
  4766     01D3                     i1l1809:
  4767                           
  4768                           ;main.c: 174:         rx_buffer = 0;
  4769     01D3  3000               	movlw	0
  4770     01D4  00C4               	movwf	_rx_buffer+3	;volatile
  4771     01D5  3000               	movlw	0
  4772     01D6  00C3               	movwf	_rx_buffer+2	;volatile
  4773     01D7  3000               	movlw	0
  4774     01D8  00C2               	movwf	_rx_buffer+1	;volatile
  4775     01D9  3000               	movlw	0
  4776     01DA  00C1               	movwf	_rx_buffer	;volatile
  4777     01DB                     i1l1811:
  4778                           
  4779                           ;main.c: 175:         in_response = 0;
  4780     01DB  01D1               	clrf	_in_response	;volatile
  4781     01DC                     i1l1813:
  4782                           
  4783                           ;main.c: 176:         resp_armed = 0;
  4784     01DC  01D0               	clrf	_resp_armed	;volatile
  4785     01DD                     i1l1815:
  4786                           
  4787                           ;main.c: 177:         resp_phase = 0;
  4788     01DD  01CF               	clrf	_resp_phase	;volatile
  4789     01DE  2A4F               	goto	i1l413
  4790     01DF                     i1l1819:
  4791                           
  4792                           ;main.c: 182:     if (in_response) {
  4793     01DF  0851               	movf	_in_response,w	;volatile
  4794     01E0  1903               	btfsc	3,2
  4795     01E1  29E3               	goto	u65_21
  4796     01E2  29E4               	goto	u65_20
  4797     01E3                     u65_21:
  4798     01E3  2A0A               	goto	i1l1833
  4799     01E4                     u65_20:
  4800     01E4                     i1l1821:
  4801                           
  4802                           ;main.c: 183:         if (!resp_armed) {
  4803     01E4  0850               	movf	_resp_armed,w	;volatile
  4804     01E5  1D03               	btfss	3,2
  4805     01E6  29E8               	goto	u66_21
  4806     01E7  29E9               	goto	u66_20
  4807     01E8                     u66_21:
  4808     01E8  29F5               	goto	i1l1827
  4809     01E9                     u66_20:
  4810     01E9                     i1l1823:
  4811                           
  4812                           ;main.c: 186:             if (delta >= ((uint16_t)((uint32_t)(400) / 2u))) resp_armed = 
      +                          1;
  4813     01E9  3000               	movlw	0
  4814     01EA  0224               	subwf	protocol_on_bus_change@delta+1,w
  4815     01EB  30C8               	movlw	200
  4816     01EC  1903               	skipnz
  4817     01ED  0223               	subwf	protocol_on_bus_change@delta,w
  4818     01EE  1C03               	skipc
  4819     01EF  29F1               	goto	u67_21
  4820     01F0  29F2               	goto	u67_20
  4821     01F1                     u67_21:
  4822     01F1  2A4F               	goto	i1l413
  4823     01F2                     u67_20:
  4824     01F2                     i1l1825:
  4825     01F2  3001               	movlw	1
  4826     01F3  00D0               	movwf	_resp_armed	;volatile
  4827     01F4  2A4F               	goto	i1l413
  4828     01F5                     i1l1827:
  4829     01F5  3000               	movlw	0
  4830     01F6  0224               	subwf	protocol_on_bus_change@delta+1,w
  4831     01F7  3032               	movlw	50
  4832     01F8  1903               	skipnz
  4833     01F9  0223               	subwf	protocol_on_bus_change@delta,w
  4834     01FA  1C03               	skipc
  4835     01FB  29FD               	goto	u68_21
  4836     01FC  29FE               	goto	u68_20
  4837     01FD                     u68_21:
  4838     01FD  2A4F               	goto	i1l413
  4839     01FE                     u68_20:
  4840     01FE                     i1l1829:
  4841     01FE  3000               	movlw	0
  4842     01FF  0224               	subwf	protocol_on_bus_change@delta+1,w
  4843     0200  3065               	movlw	101
  4844     0201  1903               	skipnz
  4845     0202  0223               	subwf	protocol_on_bus_change@delta,w
  4846     0203  1803               	skipnc
  4847     0204  2A06               	goto	u69_21
  4848     0205  2A07               	goto	u69_20
  4849     0206                     u69_21:
  4850     0206  2A4F               	goto	i1l413
  4851     0207                     u69_20:
  4852     0207                     i1l1831:
  4853                           
  4854                           ;main.c: 188:             resp_request = 1;
  4855     0207  3001               	movlw	1
  4856     0208  00CE               	movwf	_resp_request	;volatile
  4857     0209  2A4F               	goto	i1l413
  4858     020A                     i1l1833:
  4859                           
  4860                           ;main.c: 194:     if (bit_count < 12) {
  4861     020A  300C               	movlw	12
  4862     020B  0260               	subwf	_bit_count,w	;volatile
  4863     020C  1803               	skipnc
  4864     020D  2A0F               	goto	u70_21
  4865     020E  2A10               	goto	u70_20
  4866     020F                     u70_21:
  4867     020F  2A4F               	goto	i1l413
  4868     0210                     u70_20:
  4869     0210                     i1l1835:
  4870                           
  4871                           ;main.c: 195:         uint8_t bit = (delta >= ((uint16_t)((uint32_t)(450) / 2u))) ? 1u :
      +                           0u;
  4872     0210  3000               	movlw	0
  4873     0211  0224               	subwf	protocol_on_bus_change@delta+1,w
  4874     0212  30E1               	movlw	225
  4875     0213  1903               	skipnz
  4876     0214  0223               	subwf	protocol_on_bus_change@delta,w
  4877     0215  1803               	skipnc
  4878     0216  2A18               	goto	u71_21
  4879     0217  2A1A               	goto	u71_20
  4880     0218                     u71_21:
  4881     0218  3001               	movlw	1
  4882     0219  2A1B               	goto	u72_20
  4883     021A                     u71_20:
  4884     021A  3000               	movlw	0
  4885     021B                     u72_20:
  4886     021B  00A0               	movwf	protocol_on_bus_change@bit
  4887     021C                     i1l1837:
  4888                           
  4889                           ;main.c: 196:         rx_buffer |= (uint32_t)bit << bit_count;
  4890     021C  0820               	movf	protocol_on_bus_change@bit,w
  4891     021D  00F9               	movwf	??_protocol_on_bus_change
  4892     021E  01FA               	clrf	??_protocol_on_bus_change+1
  4893     021F  01FB               	clrf	??_protocol_on_bus_change+2
  4894     0220  01FC               	clrf	??_protocol_on_bus_change+3
  4895     0221  0A60               	incf	_bit_count,w	;volatile
  4896     0222  2A27               	goto	u73_20
  4897     0223                     u73_25:
  4898     0223  35F9               	lslf	??_protocol_on_bus_change,f
  4899     0224  0DFA               	rlf	??_protocol_on_bus_change+1,f
  4900     0225  0DFB               	rlf	??_protocol_on_bus_change+2,f
  4901     0226  0DFC               	rlf	??_protocol_on_bus_change+3,f
  4902     0227                     u73_20:
  4903     0227  0B89               	decfsz	9,f
  4904     0228  2A23               	goto	u73_25
  4905     0229  0879               	movf	??_protocol_on_bus_change,w
  4906     022A  04C1               	iorwf	_rx_buffer,f	;volatile
  4907     022B  087A               	movf	??_protocol_on_bus_change+1,w
  4908     022C  04C2               	iorwf	_rx_buffer+1,f	;volatile
  4909     022D  087B               	movf	??_protocol_on_bus_change+2,w
  4910     022E  04C3               	iorwf	_rx_buffer+2,f	;volatile
  4911     022F  087C               	movf	??_protocol_on_bus_change+3,w
  4912     0230  04C4               	iorwf	_rx_buffer+3,f	;volatile
  4913     0231                     i1l1839:
  4914                           
  4915                           ;main.c: 197:         bit_count++;
  4916     0231  3001               	movlw	1
  4917     0232  07E0               	addwf	_bit_count,f	;volatile
  4918     0233                     i1l1841:
  4919                           
  4920                           ;main.c: 198:         if (bit_count == 12) {
  4921     0233  300C               	movlw	12
  4922     0234  0660               	xorwf	_bit_count,w	;volatile
  4923     0235  1D03               	btfss	3,2
  4924     0236  2A38               	goto	u74_21
  4925     0237  2A39               	goto	u74_20
  4926     0238                     u74_21:
  4927     0238  2A4F               	goto	i1l413
  4928     0239                     u74_20:
  4929     0239                     i1l1843:
  4930                           
  4931                           ;main.c: 199:             rx_mode = (uint8_t)(rx_buffer & 0x0F);
  4932     0239  0841               	movf	_rx_buffer,w	;volatile
  4933     023A  390F               	andlw	15
  4934     023B  00D3               	movwf	_rx_mode	;volatile
  4935     023C                     i1l1845:
  4936                           
  4937                           ;main.c: 200:             rx_addr = (uint8_t)((rx_buffer >> 4) & 0xFF);
  4938     023C  0841               	movf	_rx_buffer,w	;volatile
  4939     023D  00F9               	movwf	??_protocol_on_bus_change
  4940     023E  0842               	movf	_rx_buffer+1,w	;volatile
  4941     023F  00FA               	movwf	??_protocol_on_bus_change+1
  4942     0240  0843               	movf	_rx_buffer+2,w	;volatile
  4943     0241  00FB               	movwf	??_protocol_on_bus_change+2
  4944     0242  0844               	movf	_rx_buffer+3,w	;volatile
  4945     0243  00FC               	movwf	??_protocol_on_bus_change+3
  4946     0244  3004               	movlw	4
  4947     0245                     u75_25:
  4948     0245  36FC               	lsrf	??_protocol_on_bus_change+3,f
  4949     0246  0CFB               	rrf	??_protocol_on_bus_change+2,f
  4950     0247  0CFA               	rrf	??_protocol_on_bus_change+1,f
  4951     0248  0CF9               	rrf	??_protocol_on_bus_change,f
  4952     0249                     u75_20:
  4953     0249  0B89               	decfsz	9,f
  4954     024A  2A45               	goto	u75_25
  4955     024B  0879               	movf	??_protocol_on_bus_change,w
  4956     024C  00D2               	movwf	_rx_addr	;volatile
  4957     024D                     i1l1847:
  4958                           
  4959                           ;main.c: 201:             cmd_ready = 1;
  4960     024D  3001               	movlw	1
  4961     024E  00D4               	movwf	_cmd_ready	;volatile
  4962     024F                     i1l413:
  4963     024F  0008               	return
  4964     0250                     __end_of_protocol_on_bus_change:
  4965                           
  4966                           	psect	text27
  4967     03FC                     __ptext27:	
  4968 ;; *************** function i1_tmr1_ticks *****************
  4969 ;; Defined at:
  4970 ;;		line 147 in file "main.c"
  4971 ;; Parameters:    Size  Location     Type
  4972 ;;		None
  4973 ;; Auto vars:     Size  Location     Type
  4974 ;;  hi              1    8[COMMON] unsigned char 
  4975 ;;  lo              1    7[COMMON] unsigned char 
  4976 ;; Return value:  Size  Location     Type
  4977 ;;                  2    0[COMMON] unsigned short 
  4978 ;; Registers used:
  4979 ;;		wreg
  4980 ;; Tracked objects:
  4981 ;;		On entry : 0/0
  4982 ;;		On exit  : 0/0
  4983 ;;		Unchanged: 0/0
  4984 ;; Data sizes:     COMMON   BANK0   BANK1   BANK2   BANK3   BANK4   BANK5   BANK6
  4985 ;;      Params:         2       0       0       0       0       0       0       0
  4986 ;;      Locals:         2       0       0       0       0       0       0       0
  4987 ;;      Temps:          5       0       0       0       0       0       0       0
  4988 ;;      Totals:         9       0       0       0       0       0       0       0
  4989 ;;Total ram usage:        9 bytes
  4990 ;; Hardware stack levels used: 1
  4991 ;; This function calls:
  4992 ;;		Nothing
  4993 ;; This function is called by:
  4994 ;;		_protocol_on_bus_change
  4995 ;; This function uses a non-reentrant model
  4996 ;;
  4997                           
  4998     03FC                     i1_tmr1_ticks:	
  4999                           ;psect for function i1_tmr1_ticks
  5000                           
  5001     03FC                     i1l1781:	
  5002                           ;incstack = 0
  5003                           ; Regs used in i1_tmr1_ticks: [wreg]
  5004                           
  5005                           
  5006                           ;main.c: 148:     uint8_t hi = TMR1H;
  5007     03FC  0020               	movlb	0	; select bank0
  5008     03FD  0817               	movf	23,w	;volatile
  5009     03FE  00F8               	movwf	i1tmr1_ticks@hi
  5010                           
  5011                           ;main.c: 149:     uint8_t lo = TMR1L;
  5012     03FF  0816               	movf	22,w	;volatile
  5013     0400  00F7               	movwf	i1tmr1_ticks@lo
  5014                           
  5015                           ;main.c: 150:     if (TMR1H != hi) { hi = TMR1H; lo = TMR1L; }
  5016     0401  0817               	movf	23,w	;volatile
  5017     0402  0678               	xorwf	i1tmr1_ticks@hi,w
  5018     0403  1903               	skipnz
  5019     0404  2C06               	goto	u62_21
  5020     0405  2C07               	goto	u62_20
  5021     0406                     u62_21:
  5022     0406  2C0B               	goto	i1l408
  5023     0407                     u62_20:
  5024     0407                     i1l1783:
  5025     0407  0817               	movf	23,w	;volatile
  5026     0408  00F8               	movwf	i1tmr1_ticks@hi
  5027     0409  0816               	movf	22,w	;volatile
  5028     040A  00F7               	movwf	i1tmr1_ticks@lo
  5029     040B                     i1l408:
  5030                           
  5031                           ;main.c: 151:     return ((uint16_t)hi << 8) | lo;
  5032     040B  0877               	movf	i1tmr1_ticks@lo,w
  5033     040C  00F2               	movwf	??i1_tmr1_ticks
  5034     040D  01F3               	clrf	??i1_tmr1_ticks+1
  5035     040E  0878               	movf	i1tmr1_ticks@hi,w
  5036     040F  00F4               	movwf	??i1_tmr1_ticks+2
  5037     0410  01F5               	clrf	??i1_tmr1_ticks+3
  5038     0411  0874               	movf	??i1_tmr1_ticks+2,w
  5039     0412  00F5               	movwf	??i1_tmr1_ticks+3
  5040     0413  01F4               	clrf	??i1_tmr1_ticks+2
  5041     0414  0872               	movf	??i1_tmr1_ticks,w
  5042     0415  0474               	iorwf	??i1_tmr1_ticks+2,w
  5043     0416  00F0               	movwf	?i1_tmr1_ticks
  5044     0417  0873               	movf	??i1_tmr1_ticks+1,w
  5045     0418  0475               	iorwf	??i1_tmr1_ticks+3,w
  5046     0419  00F1               	movwf	?i1_tmr1_ticks+1
  5047     041A                     i1l409:
  5048     041A  0008               	return
  5049     041B                     __end_ofi1_tmr1_ticks:
  5050                           
  5051                           	psect	text28
  5052     04D1                     __ptext28:	
  5053 ;; *************** function _ADC_ISR *****************
  5054 ;; Defined at:
  5055 ;;		line 158 in file "mcc_generated_files/adc/src/adc.c"
  5056 ;; Parameters:    Size  Location     Type
  5057 ;;		None
  5058 ;; Auto vars:     Size  Location     Type
  5059 ;;		None
  5060 ;; Return value:  Size  Location     Type
  5061 ;;                  1    wreg      void 
  5062 ;; Registers used:
  5063 ;;		None
  5064 ;; Tracked objects:
  5065 ;;		On entry : 0/0
  5066 ;;		On exit  : 0/0
  5067 ;;		Unchanged: 0/0
  5068 ;; Data sizes:     COMMON   BANK0   BANK1   BANK2   BANK3   BANK4   BANK5   BANK6
  5069 ;;      Params:         0       0       0       0       0       0       0       0
  5070 ;;      Locals:         0       0       0       0       0       0       0       0
  5071 ;;      Temps:          0       0       0       0       0       0       0       0
  5072 ;;      Totals:         0       0       0       0       0       0       0       0
  5073 ;;Total ram usage:        0 bytes
  5074 ;; Hardware stack levels used: 1
  5075 ;; This function calls:
  5076 ;;		Nothing
  5077 ;; This function is called by:
  5078 ;;		_INTERRUPT_InterruptManager
  5079 ;; This function uses a non-reentrant model
  5080 ;;
  5081                           
  5082     04D1                     _ADC_ISR:	
  5083                           ;psect for function _ADC_ISR
  5084                           
  5085     04D1                     i1l2019:	
  5086                           ;incstack = 0
  5087                           ; Regs used in _ADC_ISR: []
  5088                           
  5089                           
  5090                           ;mcc_generated_files/adc/src/adc.c: 160:     PIR1bits.ADIF = 0U;
  5091     04D1  0020               	movlb	0	; select bank0
  5092     04D2  1311               	bcf	17,6	;volatile
  5093     04D3                     i1l77:
  5094     04D3  0008               	return
  5095     04D4                     __end_of_ADC_ISR:
  5096     0002                     ___latbits      equ	2
  5097     007E                     btemp           set	126	;btemp
  5098     007E                     int$flags       set	126
  5099     007E                     btemp0          set	126
  5100     007F                     btemp1          set	127
  5101     007E                     wtemp0          set	126
  5102     007F                     wtemp0a         set	127
  5103     007F                     ttemp0a         set	127
  5104     0080                     ltemp0a         set	128
  5105                           
  5106                           	psect	config
  5107                           
  5108                           ;Config register CONFIG1 @ 0x8007
  5109                           ;	Oscillator Selection
  5110                           ;	FOSC = INTOSC, INTOSC oscillator: I/O function on CLKIN pin
  5111                           ;	Watchdog Timer Enable
  5112                           ;	WDTE = OFF, WDT disabled
  5113                           ;	Power-up Timer Enable
  5114                           ;	PWRTE = OFF, PWRT disabled
  5115                           ;	MCLR Pin Function Select
  5116                           ;	MCLRE = ON, MCLR/VPP pin function is MCLR
  5117                           ;	Flash Program Memory Code Protection
  5118                           ;	CP = OFF, Program memory code protection is disabled
  5119                           ;	Data Memory Code Protection
  5120                           ;	CPD = OFF, Data memory code protection is disabled
  5121                           ;	Brown-out Reset Enable
  5122                           ;	BOREN = ON, Brown-out Reset enabled
  5123                           ;	Clock Out Enable
  5124                           ;	CLKOUTEN = OFF, CLKOUT function is disabled. I/O or oscillator function on the CLKOUT 
      +                          pin
  5125                           ;	Internal/External Switchover
  5126                           ;	IESO = ON, Internal/External Switchover mode is enabled
  5127                           ;	Fail-Safe Clock Monitor Enable
  5128                           ;	FCMEN = ON, Fail-Safe Clock Monitor is enabled
  5129     8007                     	org	32775
  5130     8007  3FE4               	dw	16356
  5131                           
  5132                           ;Config register CONFIG2 @ 0x8008
  5133                           ;	Flash Memory Self-Write Protection
  5134                           ;	WRT = OFF, Write protection off
  5135                           ;	Voltage Regulator Capacitor Enable
  5136                           ;	VCAPEN = OFF, All VCAP pin functionality is disabled
  5137                           ;	PLL Enable
  5138                           ;	PLLEN = OFF, 4x PLL disabled
  5139                           ;	Stack Overflow/Underflow Reset Enable
  5140                           ;	STVREN = ON, Stack Overflow or Underflow will cause a Reset
  5141                           ;	Brown-out Reset Voltage Selection
  5142                           ;	BORV = LO, Brown-out Reset Voltage (Vbor), low trip point selected.
  5143                           ;	Low-Voltage Programming Enable
  5144                           ;	LVP = ON, Low-voltage programming enabled
  5145     8008                     	org	32776
  5146     8008  3EFF               	dw	16127

Data Sizes:
    Strings     0
    Constant    0
    Data        4
    BSS         21
    Persistent  56
    Stack       0

Auto Spaces:
    Space          Size  Autos    Used
    COMMON           14     13      14
    BANK0            80     33      65
    BANK1            80      0       0
    BANK2            80      0       0
    BANK3            80      0       0
    BANK4            80      0       0
    BANK5            80      0       0
    BANK6            16      0       0

Pointer List with Targets:

    ADC_ConversionDoneCallback	PTR FTN()void  size(2) Largest target is 1
		 -> NULL(), NULL(NULL[0]), 

    DATA_IN_InterruptHandler	PTR FTN()void  size(2) Largest target is 1
		 -> DATA_IN_DefaultInterruptHandler(), protocol_on_bus_change(), NULL(), 

    DATA_IN_SetInterruptHandler@InterruptHandler	PTR FTN()void  size(2) Largest target is 1
		 -> DATA_IN_DefaultInterruptHandler(), protocol_on_bus_change(), 

    INT_InterruptHandler	PTR FTN()void  size(2) Largest target is 1
		 -> INT_DefaultInterruptHandler(), NULL(), 

    INT_SetInterruptHandler@InterruptHandler	PTR FTN()void  size(2) Largest target is 1
		 -> INT_DefaultInterruptHandler(), 

    TMR1_GateCallback	PTR FTN()void  size(2) Largest target is 1
		 -> TMR1_DefaultGateCallback(), NULL(), 

    TMR1_OverflowCallback	PTR FTN()void  size(2) Largest target is 1
		 -> TMR1_DefaultOverflowCallback(), NULL(), 


Critical Paths under _main in COMMON

    None.

Critical Paths under _INTERRUPT_InterruptManager in COMMON

    _DATA_IN_ISR->_protocol_on_bus_change
    _protocol_on_bus_change->i1_tmr1_ticks

Critical Paths under _main in BANK0

    _main->_process_command
    _send_response_phase->_send_pulse
    _send_pulse->_tmr1_ticks
    _process_command->_convert_adc_to_pulse_usec
    _read_adc_max->_read_adc_ch
    _convert_adc_to_pulse_usec->___lmul
    _PIN_MANAGER_Initialize->_DATA_IN_SetInterruptHandler
    _INTERRUPT_Initialize->_INT_SetInterruptHandler

Critical Paths under _INTERRUPT_InterruptManager in BANK0

    _DATA_IN_ISR->_protocol_on_bus_change

Critical Paths under _main in BANK1

    None.

Critical Paths under _INTERRUPT_InterruptManager in BANK1

    None.

Critical Paths under _main in BANK2

    None.

Critical Paths under _INTERRUPT_InterruptManager in BANK2

    None.

Critical Paths under _main in BANK3

    None.

Critical Paths under _INTERRUPT_InterruptManager in BANK3

    None.

Critical Paths under _main in BANK4

    None.

Critical Paths under _INTERRUPT_InterruptManager in BANK4

    None.

Critical Paths under _main in BANK5

    None.

Critical Paths under _INTERRUPT_InterruptManager in BANK5

    None.

Critical Paths under _main in BANK6

    None.

Critical Paths under _INTERRUPT_InterruptManager in BANK6

    None.

Call Graph Tables:

 ---------------------------------------------------------------------------------
 (Depth) Function   	        Calls       Base Space   Used Autos Params    Refs
 ---------------------------------------------------------------------------------
 (0) _main                                                 4     4      0     861
                                             29 BANK0      4     4      0
        _DATA_IN_SetInterruptHandler
                  _SYSTEM_Initialize
                        _eeprom_read
                    _process_command
                   _reset_sequencers
                _send_response_phase
 ---------------------------------------------------------------------------------
 (1) _send_response_phase                                  1     1      0     288
                                             22 BANK0      1     1      0
                         _send_pulse
                     _send_type_bits
 ---------------------------------------------------------------------------------
 (2) _send_type_bits                                       3     3      0      97
                                              5 BANK0      3     3      0
 ---------------------------------------------------------------------------------
 (2) _send_pulse                                           8     6      2     162
                                             14 BANK0      8     6      2
                         _tmr1_ticks
 ---------------------------------------------------------------------------------
 (3) _tmr1_ticks                                           9     7      2      70
                                              5 BANK0      9     7      2
 ---------------------------------------------------------------------------------
 (1) _reset_sequencers                                     0     0      0       0
 ---------------------------------------------------------------------------------
 (1) _process_command                                      2     2      0     402
                                             27 BANK0      2     2      0
                  _apply_mode_select
          _convert_adc_to_pulse_usec
                       _eeprom_write
                       _read_adc_max
 ---------------------------------------------------------------------------------
 (2) _read_adc_max                                         6     4      2     119
                                              9 BANK0      6     4      2
                        _read_adc_ch
 ---------------------------------------------------------------------------------
 (3) _read_adc_ch                                          4     2      2      29
                                              5 BANK0      4     2      2
 ---------------------------------------------------------------------------------
 (2) _eeprom_write                                         2     1      1      52
                                              5 BANK0      2     1      1
 ---------------------------------------------------------------------------------
 (2) _convert_adc_to_pulse_usec                           10     8      2     208
                                             17 BANK0     10     8      2
                             ___lmul
                       _read_adc_max (ARG)
 ---------------------------------------------------------------------------------
 (3) ___lmul                                              12     4      8      94
                                              5 BANK0     12     4      8
 ---------------------------------------------------------------------------------
 (2) _apply_mode_select                                    4     4      0      23
                                              5 BANK0      4     4      0
 ---------------------------------------------------------------------------------
 (1) _eeprom_read                                          1     1      0      29
                                              5 BANK0      1     1      0
 ---------------------------------------------------------------------------------
 (1) _SYSTEM_Initialize                                    0     0      0      47
                     _ADC_Initialize
                   _CLOCK_Initialize
               _INTERRUPT_Initialize
             _PIN_MANAGER_Initialize
                    _TMR1_Initialize
 ---------------------------------------------------------------------------------
 (2) _TMR1_Initialize                                      0     0      0       0
 ---------------------------------------------------------------------------------
 (2) _PIN_MANAGER_Initialize                               0     0      0      24
        _DATA_IN_SetInterruptHandler
 ---------------------------------------------------------------------------------
 (3) _DATA_IN_SetInterruptHandler                          2     0      2      24
                                              5 BANK0      2     0      2
 ---------------------------------------------------------------------------------
 (2) _INTERRUPT_Initialize                                 0     0      0      23
            _INT_SetInterruptHandler
 ---------------------------------------------------------------------------------
 (3) _INT_SetInterruptHandler                              2     0      2      23
                                              5 BANK0      2     0      2
 ---------------------------------------------------------------------------------
 (2) _CLOCK_Initialize                                     0     0      0       0
 ---------------------------------------------------------------------------------
 (2) _ADC_Initialize                                       0     0      0       0
 ---------------------------------------------------------------------------------
 Estimated maximum stack depth 3
 ---------------------------------------------------------------------------------
 (Depth) Function   	        Calls       Base Space   Used Autos Params    Refs
 ---------------------------------------------------------------------------------
 (4) _INTERRUPT_InterruptManager                           0     0      0     249
                            _ADC_ISR
                    _PIN_MANAGER_IOC
 ---------------------------------------------------------------------------------
 (5) _PIN_MANAGER_IOC                                      0     0      0     249
                        _DATA_IN_ISR
 ---------------------------------------------------------------------------------
 (6) _DATA_IN_ISR                                          0     0      0     249
                                NULL *
    _DATA_IN_DefaultInterruptHandler *
             _protocol_on_bus_change *
 ---------------------------------------------------------------------------------
 (7) _protocol_on_bus_change                               9     9      0     249
                                              9 COMMON     4     4      0
                                              0 BANK0      5     5      0
                       i1_tmr1_ticks
 ---------------------------------------------------------------------------------
 (8) i1_tmr1_ticks                                         9     7      2      70
                                              0 COMMON     9     7      2
 ---------------------------------------------------------------------------------
 (7) _DATA_IN_DefaultInterruptHandler                      0     0      0       0
 ---------------------------------------------------------------------------------
 (7) NULL(Fake)                                            0     0      0       0
 ---------------------------------------------------------------------------------
 (5) _ADC_ISR                                              0     0      0       0
 ---------------------------------------------------------------------------------
 Estimated maximum stack depth 8
 ---------------------------------------------------------------------------------

 Call Graph Graphs:

 _main (ROOT)
   _DATA_IN_SetInterruptHandler
   _SYSTEM_Initialize
     _ADC_Initialize
     _CLOCK_Initialize
     _INTERRUPT_Initialize
       _INT_SetInterruptHandler
     _PIN_MANAGER_Initialize
       _DATA_IN_SetInterruptHandler
     _TMR1_Initialize
   _eeprom_read
   _process_command
     _apply_mode_select
     _convert_adc_to_pulse_usec
       ___lmul
       _read_adc_max (ARG)
         _read_adc_ch
     _eeprom_write
     _read_adc_max
   _reset_sequencers
   _send_response_phase
     _send_pulse
       _tmr1_ticks
     _send_type_bits

 _INTERRUPT_InterruptManager (ROOT)
   _ADC_ISR
   _PIN_MANAGER_IOC
     _DATA_IN_ISR
       NULL(Fake) *
       _DATA_IN_DefaultInterruptHandler *
       _protocol_on_bus_change *
         i1_tmr1_ticks

Address spaces:
Name               Size   Autos  Total    Usage
BITCOMMON           14      0       0      0.0%
BITBANK0            80      0       0      0.0%
BITBANK1            80      0       0      0.0%
BITBANK2            80      0       0      0.0%
BITBANK3            80      0       0      0.0%
BITBANK4            80      0       0      0.0%
BITBANK5            80      0       0      0.0%
BITBANK6            16      0       0      0.0%
BIGRAM             496      0       0      0.0%
COMMON              14     13      14    100.0%
BANK0               80     33      65     81.2%
BANK1               80      0       0      0.0%
BANK2               80      0       0      0.0%
BANK3               80      0       0      0.0%
BANK4               80      0       0      0.0%
BANK5               80      0       0      0.0%
BANK6               16      0       0      0.0%
STACK                0      0       0      0.0%
DATA                 0      0      79      0.0%


Microchip Technology PIC Macro Assembler V3.10 build 20250813170317 
Symbol Table                                                                                   Thu Aug 20 23:31:38 2026

                                         l21 0480            __end_of_convert_adc_to_pulse_usec 02A7  
                                        l100 049B                                          l120 04C7  
                                        l203 04C1                                          l132 04B5  
                                        l145 0470                                          l402 04A4  
                                        l235 044C                                          l405 0460  
                                        l192 0369                                          l408 03EC  
                                        l432 030C                                          l513 0101  
                                        l409 03FB                                          l507 005D  
                                        l443 0390                                          l517 0095  
                                        l429 030A                                          l446 03D1  
                                        l438 037A                                          l472 02A6  
                                        l456 03B6                                          l449 03DC  
                                        l465 0436                                          l561 0141  
                                        l490 032A                                          l483 0324  
                                        l468 04CC                                          l493 032C  
                                        l485 0326                                          l477 0320  
                                        l557 011A                                          l495 032E  
                                        l479 0322                                          l488 0328  
                                        l498 033E                                          l687 02DA  
                                        u630 03E8                                          u631 03E7  
                                        u800 02D2                                          u801 02D1  
                                        u900 0292                                          u820 02E2  
                                        u901 0291                                          u821 02E1  
                                        u830 030A                                          u831 0309  
                                        u760 03D5                                          u761 03D4  
                                        u770 02B4                                          u930 004A  
                                        u850 037A                                          u915 0319  
                                        u771 02B3                                          u931 0049  
                                        u835 0306                                          u851 0379  
                                        u940 0052                                          u860 0390  
                                        u844 0372                                          u941 0050  
                                        u861 038F                                          u845 0371  
                                        u870 03AD                                          u950 0053  
                                        u871 03AC                                          u880 027A  
                                        u960 005B                                          u785 02BD  
                                        u961 005A                                          u890 0289  
                                        u970 006B                                          u795 02C4  
                                        u891 0288                                          u875 03A9  
                                        u971 006A                                          u980 0092  
                                        u885 0276                                          u981 0091  
                                        u990 009E                                          u991 009D  
                            _timer1ReloadVal 0047                              __end_of_ADC_ISR 04D4  
                                        wreg 0009                       _protocol_on_bus_change 01B6  
                                       l2001 0253                                         l2003 0280  
                                       l2013 030D                                         l2005 0289  
                                       l2101 00A7                                         l2031 0464  
                                       l2007 0292                                         l2111 00BE  
                                       l2103 00B7                                         l2033 0467  
                                       l2017 0330                                         l2009 02A2  
                                       l2121 00D3                                         l2113 00C6  
                                       l2105 00B9                                         l2035 049E  
                                       l2123 00D7                                         l2115 00C9  
                                       l2107 00BB                                         l2043 041D  
                                       l2211 0108                                         l2029 0461  
                                       l2037 04A1                                         l2125 00D9  
                                       l2117 00CA                                         l2109 00BD  
                                       l2061 004B                                         l2045 041E  
                                       l2053 042B                                         l2301 018C  
                                       l2221 010F                                         l2213 0109  
                                       l2205 0102                                         l2039 04A2  
                                       l2127 00DB                                         l2119 00D2  
                                       l2135 00EA                                         l2071 0065  
                                       l2063 0055                                         l2055 04C8  
                                       l2047 0426                                         l2311 019E  
                                       l2303 018E                                         l2231 0115  
                                       l2223 0110                                         l2215 010A  
                                       l2207 0105                                         l2129 00E7  
                                       l2073 006B                                         l2065 005B  
                                       l2081 0075                                         l2057 0044  
                                       l2313 01A7                                         l2305 0190  
                                       l2241 011C                                         l2233 0117  
                                       l2225 0111                                         l2217 010B  
                                       l2209 0107                                         l2091 0097  
                                       l2075 0071                                         l2067 0060  
                                       l2083 008B                                         l2307 0199  
                                       l2315 01A9                                         l2251 012A  
                                       l2243 011F                                         l2235 0118  
                                       l2227 0112                                         l2219 010D  
                                       l2093 009A                                         l2085 008C  
                                       l2069 0062                                         l2317 01AF  
                                       l2309 019C                                         l2261 013C  
                                       l2253 012D                                         l2245 0125  
                                       l2229 0114                                         l2095 009E  
                                       l2087 0092                                         l2271 0151  
                                       l2263 0143                                         l2255 012F  
                                       l2247 0126                                         l2097 00A2  
                                       l2281 015D                                         l2273 0152  
                                       l2265 0147                                         l2257 0131  
                                       l2249 0128                                         l2099 00A4  
                                       l2339 007D                                         l2291 0176  
                                       l2283 0160                                         l2275 0153  
                                       l2267 0148                                         l2259 0137  
                                       l1901 034A                                         l2293 017C  
                                       l2285 0164                                         l2277 0156  
                                       l2269 014A                                         l1911 0356  
                                       l1903 034C                                         l2295 0181  
                                       l2287 0171                                         l2279 015C  
                                       l1921 0368                                         l1913 0358  
                                       l1905 034E                                         l2297 0185  
                                       l2289 0173                                         l1915 035A  
                                       l1907 0351                                         l1931 0448  
                                       l1923 0437                                         l1851 03BE  
                                       l2299 018A                                         l1917 035D  
                                       l1909 0353                                         l1933 0449  
                                       l1925 0439                                         l1861 02A7  
                                       l1853 03CB                                         l1919 0360  
                                       l1935 044A                                         l1927 043B  
                                       l1871 02D2                                         l1863 02B0  
                                       l1951 0459                                         l1943 044F  
                                       l1855 03CF                                         l1791 03DD  
                                       l1881 047C                                         l1929 043F  
                                       l1865 02B4                                         l1953 045B  
                                       l1945 0456                                         l1857 03D5  
                                       l1849 03B9                                         l1793 03E8  
                                       l1961 02DB                                         l1883 047E  
                                       l1875 0471                                         l1891 04B1  
                                       l1787 04C2                                         l1867 02BC  
                                       l1955 045D                                         l1947 0457  
                                       l1963 02E2                                         l1971 036C  
                                       l1877 0475                                         l1885 0490  
                                       l1789 04BC                                         l1893 033F  
                                       l1869 02C3                                         l1957 045E  
                                       l1949 0458                                         l1965 02EC  
                                       l1981 0380                                         l1879 047B  
                                       l1887 0493                                         l1895 0343  
                                       l1959 045F                                         l1991 03A3  
                                       l1967 02EE                                         l1983 0383  
                                       l1889 04AE                                         l1897 0345  
                                       l1993 03AD                                         l1969 02F6  
                                       l1985 0387                                         l1977 036D  
                                       l1899 0348                                         l1995 03B2  
                                       l1987 038A                                         l1979 037C  
                                       l1989 0391                                         l1999 0250  
                                       u1000 00A2                                         u1001 00A1  
                                       u1010 00C6                                         u1011 00C5  
                                       u1020 00D2                                         u1021 00D1  
                                       u1200 0199                                         u1201 0198  
                                       u1210 01AF                                         u1130 0125  
                                       u1211 01AE                                         u1131 0124  
                                       u1140 013C                                         u1141 013B  
                                       u1150 0141                                         u1151 0140  
                                       u1160 015C                                         u1161 015B  
                                       u1170 0171                                         u1227 01A2  
                                       u1171 0170                                         u1180 017C  
                                       u1237 01B0                                         u1181 017B  
                                       _LATA 010C                                         u1190 0181  
                                       _LATB 010D                                         u1247 037D  
                                       u1191 0180                                         _LATC 010E  
                                       u1257 0384                                         _LATE 0110  
                                       u1267 00E1                                         u1277 03CC  
                                       i1l77 04D3                                         _TMR1 0016  
                                       _WPUB 020D                               ??_eeprom_write 0026  
                                       _WPUE 0210                                         _main 0102  
                                       fsr0h 0005                                         fsr1h 0007  
                                       indf0 0000                                         fsr0l 0004  
                                       fsr1l 0006                                         btemp 007E  
                _INT_DefaultInterruptHandler 0000                                         start 0025  
            __end_of_INT_SetInterruptHandler 04C8                     __end_of_reset_sequencers 04CD  
                                      ?_main 0070                                        _T1CON 0018  
                                      _IOCBF 0396                                        _IOCBN 0395  
                                      _IOCBP 0394                                        i1l110 0023  
                                      i1l200 048F                                        i1l206 04D4  
                                      i1l413 024F                                        i1l408 040B  
                                      i1l409 041A                                        i1l196 04AD  
                                      _TMR1H 0017                                        _TMR1L 0016  
                               ?_read_adc_ch 0025                                        u62_20 0407  
                                      u70_20 0210                                        u62_21 0406  
                                      u70_21 020F                                        u71_20 021A  
                                      u71_21 0218                                        u72_20 021B  
                                      u64_20 01D2                                        u64_21 01D1  
                                      u73_20 0227                                        u65_20 01E4  
                                      u81_20 0488                                        u65_21 01E3  
                                      u81_21 0487                                        _TRISA 008C  
                                      _TRISB 008D                                        u73_25 0223  
                                      _TRISC 008E                                        _TRISE 0090  
                                      u74_20 0239                                        u66_20 01E9  
                                      u74_21 0238                                        u66_21 01E8  
                                      u75_20 0249                                        u67_20 01F2  
                                      u67_21 01F1                                        u75_25 0245  
                                      u68_20 01FE                                        u92_20 04AA  
                                      u68_21 01FD                                        u92_21 04A9  
                                      u69_20 0207                                        u69_21 0206  
                        ___lmul@multiplicand 0029                      __end_of_PIN_MANAGER_IOC 04AE  
                                      btemp0 007E                                        btemp1 007F  
                                      main@i 0040                      __end_of_TMR1_Initialize 044D  
                                      pclath 000A                                        status 0003  
                                      wtemp0 007E                              __initialization 0027  
                               __end_of_main 01B6                                    ??_ADC_ISR 0070  
                ?_INTERRUPT_InterruptManager 0070                                       ??_main 003D  
                                     _ADCON0 009D                                       _ADCON1 009E  
                       apply_mode_select@sel 0028                                       _ADRESH 009C  
                                     _ADRESL 009B                                       _EEADRL 0191  
                                     _EEDATL 0193                                       _EECON2 0196  
                                     _ANSELA 018C                                       _ANSELB 018D  
                                     _BORCON 0116                                       _T1GCON 0019  
    __end_of_DATA_IN_DefaultInterruptHandler 04D5            ??_DATA_IN_DefaultInterruptHandler 0070  
           ?_DATA_IN_DefaultInterruptHandler 0070              _DATA_IN_DefaultInterruptHandler 04D4  
                                     u103_20 000E                                       i1l2025 04A5  
                                     u103_21 000D                                       i1l2019 04D1  
                                     i1l2027 04AA                                       i1l2151 0016  
                                     i1l2143 000A                                       u104_20 0016  
                                     i1l2153 001B                                       u104_21 0015  
                                     i1l2145 000E                                       i1l2155 0020  
                                     i1l2147 0011                                       i1l2149 0012  
                                     u105_20 001B                                       i1l1801 01BF  
                                     u105_21 001A                                       i1l1811 01DB  
                                     i1l1803 01C5                                       i1l1821 01E4  
                                     i1l1813 01DC                                       i1l1805 01C9  
                                     i1l1831 0207                                       i1l1823 01E9  
                                     i1l1815 01DD                                       i1l1807 01D2  
                                     u106_20 0020                                       i1l1841 0233  
                                     i1l1825 01F2                                       i1l1833 020A  
                                     i1l1809 01D3                                       u106_21 001F  
                                     i1l1843 0239                                       i1l1835 0210  
                                     i1l1827 01F5                                       i1l1819 01DF  
                                     i1l1781 03FC                                       i1l1845 023C  
                                     i1l1837 021C                                       i1l1829 01FE  
                                     i1l1941 048D                                       i1l1783 0407  
                                     i1l1847 024D                                       i1l1839 0231  
                                     i1l1937 0481                                       i1l1939 0488  
                                     i1l1797 01B6                                       i1l1799 01BE  
                                     _OSCCON 0099                                ?_read_adc_max 0029  
                                     ___lmul 02A7                  protocol_on_bus_change@delta 0023  
                       __end_of_eeprom_write 0461                            ?_CLOCK_Initialize 0070  
                               i1_tmr1_ticks 03FC                           ??_CLOCK_Initialize 0025  
                                     ltemp0a 0080                                       ttemp0a 007F  
DATA_IN_SetInterruptHandler@InterruptHandler 0025      INT_SetInterruptHandler@InterruptHandler 0025  
                           ?_PIN_MANAGER_IOC 0070                                       wtemp0a 007F  
                           ?_TMR1_Initialize 0070                            _SYSTEM_Initialize 0461  
                             ??_read_adc_max 002B                      __end_of__initialization 0040  
                            eeprom_read@addr 0025                           ?_SYSTEM_Initialize 0070  
                             __pcstackCOMMON 0070                                 __pidataBANK0 04CD  
                        ??_SYSTEM_Initialize 0027                 ?_DATA_IN_SetInterruptHandler 0025  
                 _ADC_ConversionDoneCallback 0049                      ?_protocol_on_bus_change 0070  
                             _OPTION_REGbits 0095                    __end_of_SYSTEM_Initialize 0471  
                                 __pbssBANK0 0041                              send_pulse@ticks 0032  
                             main@idle_loops 003E                           send_type_bits@type 0026  
                                 __pmaintext 0102                               _send_type_bits 036A  
                                    ?___lmul 0025                                   __pintentry 0004  
                                    _ADC_ISR 04D1                               ___lmul@product 002D  
             __end_of_protocol_on_bus_change 0250                   ?_convert_adc_to_pulse_usec 0031  
                          ?_reset_sequencers 0070                           ??_reset_sequencers 0025  
                  protocol_on_bus_change@bit 0020                    protocol_on_bus_change@cur 0021  
                             _set_addr_state 004D                                      _OSCTUNE 0098  
                              ??_DATA_IN_ISR 007D                       __end_of_send_type_bits 0391  
                            send_type_bits@i 0027                                      __ptext1 041B  
                                    __ptext2 036A                                      __ptext3 02DB  
                                    __ptext4 03DD                                      __ptext5 04C8  
                                    __ptext6 0044                                      __ptext7 0391  
                                    __ptext8 03B7                                      __ptext9 044D  
                       __end_of_read_adc_max 03B7                                    _T1CONbits 0018  
                   ??_PIN_MANAGER_Initialize 0027                                    _IOCBFbits 0396  
                    _INT_SetInterruptHandler 04C2                                      _rx_addr 0052  
                                    _rx_mode 0053                                      clrloop0 04B7  
                       end_of_initialization 0040                            ??_process_command 003B  
                                 _tmr1_ticks 03DD                                 _eeprom_write 044D  
                                 _my_address 005F                                   _send_pulse 02DB  
                            ?_send_type_bits 0070                                   _resp_armed 0050  
                                 _resp_phase 004F                           read_adc_max@v_main 002B  
                        __end_of_DATA_IN_ISR 0490                                    _PORTAbits 000C  
                                 _prev_ticks 0045                                    _PORTBbits 000D  
                      _TMR1_OverflowCallback 0057                                    _TRISAbits 008C  
                                  _TRISBbits 008D                                    _TRISCbits 008E  
                              ??_eeprom_read 0025                 __end_of_INTERRUPT_Initialize 049C  
                        _send_response_phase 041B                               __end_of___lmul 02DB  
                             _ADC_Initialize 0471                    ??_INT_SetInterruptHandler 0027  
                        start_initialization 0027                             _activate_counter 004B  
                       ?_send_response_phase 0070      convert_adc_to_pulse_usec@adc_val_mvolts 0039  
      convert_adc_to_pulse_usec@_pulse_width 0037                                  ?_tmr1_ticks 0025  
                                ?_send_pulse 002E                                  _DATA_IN_ISR 0481  
                          _apply_mode_select 030D                                     ??___lmul 002D  
                        __end_of_eeprom_read 04A5                     _TMR1_DefaultGateCallback 0000  
                         ?_apply_mode_select 0070                       __end_of_ADC_Initialize 0481  
                                __pdataBANK0 005D                                     ?_ADC_ISR 0070  
                ??_convert_adc_to_pulse_usec 0033                          ??_apply_mode_select 0025  
                              ??_read_adc_ch 0027                                  __pbssCOMMON 007D  
                                  ___latbits 0002                                __pcstackBANK0 0020  
                      ??_send_response_phase 0036                            _TMR1_GateCallback 0055  
                           eeprom_write@addr 0026                             eeprom_write@data 0025  
                               _read_adc_max 0391                                    __pnvBANK0 0055  
                  __end_of_apply_mode_select 033F                       _PIN_MANAGER_Initialize 033F  
                                  _cmd_ready 0054                                    _bit_count 0060  
           convert_adc_to_pulse_usec@adc_val 0031                              ?_ADC_Initialize 0070  
               ??_INTERRUPT_InterruptManager 007D                              _process_command 0044  
                        __end_of_read_adc_ch 03DD                         _INTERRUPT_Initialize 0490  
                           ??_send_type_bits 0025                    _convert_adc_to_pulse_usec 0250  
                           _CLOCK_Initialize 04AE                                _reset_counter 004C  
                                   _LATAbits 010C                                     _LATCbits 010E  
                                  clear_ram0 04B6                                  _eeprom_read 049C  
                                   _PIE1bits 0091                                     _PIR1bits 0011  
        __end_of_DATA_IN_SetInterruptHandler 04C2                  _DATA_IN_SetInterruptHandler 04BC  
                          ??_PIN_MANAGER_IOC 007D                                    _rx_buffer 0041  
                          ??_TMR1_Initialize 0025                                   _ADCON0bits 009D  
                              ?i1_tmr1_ticks 0070                                 tmr1_ticks@hi 002D  
                               tmr1_ticks@lo 002C                ??_DATA_IN_SetInterruptHandler 0027  
                                   _WPUBbits 020D                               read_adc_ch@chs 0028  
                          ___lmul@multiplier 0025                        ?_INTERRUPT_Initialize 0070  
                   send_response_phase@phase 0036                                 send_pulse@t0 0034  
                               send_pulse@us 002E                                   _EECON1bits 0195  
                                _in_response 0051                     ??_protocol_on_bus_change 0079  
                    __end_of_process_command 0102                               ??i1_tmr1_ticks 0072  
                                   ___int_sp 0000                     _DATA_IN_InterruptHandler 0059  
                                 _ANSELAbits 018C                                   _ANSELBbits 018D  
                                _read_adc_ch 03B7                               i1tmr1_ticks@hi 0078  
                             i1tmr1_ticks@lo 0077                                     __ptext10 0250  
                                   __ptext11 02A7                                     __ptext20 04AE  
                                   __ptext12 030D                                     __ptext21 0471  
                                   __ptext13 049C                                   _T1GCONbits 0019  
                                   __ptext14 0461                                     __ptext23 04A5  
                                   __ptext15 0437                                     __ptext24 0481  
                                   __ptext16 033F                                     __ptext25 04D4  
                                   __ptext17 04BC                                     __ptext26 01B6  
                                   __ptext18 0490                                     __ptext27 03FC  
                                   __ptext19 04C2                                     __ptext28 04D1  
                           _reset_sequencers 04C8                                  _new_address 007D  
                               ??_tmr1_ticks 0027                                 ??_send_pulse 0030  
                               ?_DATA_IN_ISR 0070                 _TMR1_DefaultOverflowCallback 0000  
                                   int$flags 007E           __end_of_INTERRUPT_InterruptManager 0025  
                 _INTERRUPT_InterruptManager 0004                                 _resp_request 004E  
                               _resp_pull_us 005D                           __end_of_tmr1_ticks 03FC  
                                 _INTCONbits 000B                           __end_of_send_pulse 030D  
                       _INT_InterruptHandler 005B                       ??_INTERRUPT_Initialize 0027  
                                   intlevel1 0000                      ?_PIN_MANAGER_Initialize 0070  
                           ??_ADC_Initialize 0025                             ?_process_command 0070  
                   ?_INT_SetInterruptHandler 0025                          read_adc_max@v_pin22 002D  
                   __end_of_CLOCK_Initialize 04B6                  __end_of_send_response_phase 0437  
             __end_of_PIN_MANAGER_Initialize 036A                                ?_eeprom_write 0025  
                       __end_ofi1_tmr1_ticks 041B                              _PIN_MANAGER_IOC 04A5  
                               ?_eeprom_read 0070                              _TMR1_Initialize 0437  
